2026-07-07T14:19:11+0530 DEBUG error: Status code: 404 for https://mirrors.rpmfusion.org/metalink?repo=nonfree-fedora-nvidia-driver-39&arch=x86_64 (IP: 158.69.60.128) (https://mirrors.rpmfusion.org/metalink?repo=nonfree-fedora-nvidia-driver-39&arch=x86_64).
2026-07-07T14:19:11+0530 DEBUG error: Status code: 404 for https://mirrors.rpmfusion.org/metalink?repo=nonfree-fedora-nvidia-driver-39&arch=x86_64 (IP: 158.69.60.128) (https://mirrors.rpmfusion.org/metalink?repo=nonfree-fedora-nvidia-driver-39&arch=x86_64).
2026-07-07T14:19:12+0530 DEBUG error: Status code: 404 for https://mirrors.rpmfusion.org/metalink?repo=nonfree-fedora-nvidia-driver-39&arch=x86_64 (IP: 78.47.223.143) (https://mirrors.rpmfusion.org/metalink?repo=nonfree-fedora-nvidia-driver-39&arch=x86_64).
2026-07-07T14:19:12+0530 DEBUG error: Status code: 404 for https://mirrors.rpmfusion.org/metalink?repo=nonfree-fedora-nvidia-driver-39&arch=x86_64 (IP: 78.47.223.143) (https://mirrors.rpmfusion.org/metalink?repo=nonfree-fedora-nvidia-driver-39&arch=x86_64).
2026-07-07T14:19:13+0530 DEBUG error: Status code: 404 for https://mirrors.rpmfusion.org/metalink?repo=nonfree-fedora-nvidia-driver-39&arch=x86_64 (IP: 78.47.223.143) (https://mirrors.rpmfusion.org/metalink?repo=nonfree-fedora-nvidia-driver-39&arch=x86_64).
2026-07-07T14:19:13+0530 DEBUG error: Status code: 404 for https://mirrors.rpmfusion.org/metalink?repo=nonfree-fedora-nvidia-driver-39&arch=x86_64 (IP: 78.47.223.143) (https://mirrors.rpmfusion.org/metalink?repo=nonfree-fedora-nvidia-driver-39&arch=x86_64).
2026-07-07T14:19:14+0530 DEBUG error: Status code: 404 for https://mirrors.rpmfusion.org/metalink?repo=nonfree-fedora-nvidia-driver-39&arch=x86_64 (IP: 78.47.223.143) (https://mirrors.rpmfusion.org/metalink?repo=nonfree-fedora-nvidia-driver-39&arch=x86_64).
2026-07-07T14:19:14+0530 DEBUG error: Status code: 404 for https://mirrors.rpmfusion.org/metalink?repo=nonfree-fedora-nvidia-driver-39&arch=x86_64 (IP: 78.47.223.143) (https://mirrors.rpmfusion.org/metalink?repo=nonfree-fedora-nvidia-driver-39&arch=x86_64).
2026-07-07T14:19:14+0530 DEBUG error: Status code: 404 for https://mirrors.rpmfusion.org/metalink?repo=nonfree-fedora-nvidia-driver-39&arch=x86_64 (IP: 78.47.223.143) (https://mirrors.rpmfusion.org/metalink?repo=nonfree-fedora-nvidia-driver-39&arch=x86_64).
2026-07-07T14:19:14+0530 DEBUG error: Status code: 404 for https://mirrors.rpmfusion.org/metalink?repo=nonfree-fedora-nvidia-driver-39&arch=x86_64 (IP: 78.47.223.143) (https://mirrors.rpmfusion.org/metalink?repo=nonfree-fedora-nvidia-driver-39&arch=x86_64).
2026-07-07T14:19:14+0530 WARNING Errors during downloading metadata for repository 'rpmfusion-nonfree-nvidia-driver':
  - Status code: 404 for https://mirrors.rpmfusion.org/metalink?repo=nonfree-fedora-nvidia-driver-39&arch=x86_64 (IP: 78.47.223.143)
  - Status code: 404 for https://mirrors.rpmfusion.org/metalink?repo=nonfree-fedora-nvidia-driver-39&arch=x86_64 (IP: 158.69.60.128)
2026-07-07T14:19:14+0530 WARNING Error: Failed to download metadata for repo 'rpmfusion-nonfree-nvidia-driver': Cannot prepare internal mirrorlist: Status code: 404 for https://mirrors.rpmfusion.org/metalink?repo=nonfree-fedora-nvidia-driver-39&arch=x86_64 (IP: 78.47.223.143)
2026-07-07T14:19:15+0530 DEBUG reviving: 'rpmfusion-nonfree-steam' can be revived - metalink checksums match.
2026-07-07T14:19:15+0530 DEBUG rpmfusion-nonfree-steam: using metadata from Sat 23 Nov 2024 06:58:50 PM IST.
2026-07-07T14:19:15+0530 DEBUG reviving: 'rpmfusion-nonfree-updates' can be revived - metalink checksums match.
2026-07-07T14:19:15+0530 DEBUG rpmfusion-nonfree-updates: using metadata from Sat 23 Nov 2024 06:41:49 PM IST.
2026-07-07T14:19:16+0530 DEBUG reviving: 'teams-for-linux' can be revived - repomd matches.
2026-07-07T14:19:16+0530 DEBUG teams-for-linux: using metadata from Tue 16 Jun 2026 12:42:51 PM IST.
2026-07-07T14:19:16+0530 WARNING Ignoring repositories: hashicorp, rpmfusion-nonfree-nvidia-driver
2026-07-07T14:19:16+0530 DDEBUG timer: sack setup: 19301 ms
2026-07-07T14:19:16+0530 DEBUG User-Agent: constructed: 'libdnf (Fedora Linux 39; workstation; Linux.x86_64)'
2026-07-07T14:19:16+0530 DEBUG Completion plugin: Generating completion cache...
2026-07-07T14:19:18+0530 INFO Metadata cache created.
2026-07-07T14:19:18+0530 DDEBUG Cleaning up.
2026-07-07T14:19:18+0530 DDEBUG Plugins were unloaded.
2026-07-07T15:20:55+0530 INFO --- logging initialized ---
2026-07-07T15:20:55+0530 DDEBUG timer: config: 15 ms
2026-07-07T15:20:55+0530 DEBUG Loaded plugins: builddep, changelog, config-manager, copr, debug, debuginfo-install, download, generate_completion_cache, groups-manager, needs-restarting, notify-packagekit, playground, repoclosure, repodiff, repograph, repomanage, reposync, system-upgrade
2026-07-07T15:20:55+0530 DEBUG DNF version: 4.21.1
2026-07-07T15:20:55+0530 DDEBUG Command: dnf makecache --timer 
2026-07-07T15:20:55+0530 DDEBUG Installroot: /
2026-07-07T15:20:55+0530 DDEBUG Releasever: 39
2026-07-07T15:20:55+0530 DEBUG cachedir: /var/cache/dnf
2026-07-07T15:20:55+0530 DDEBUG Base command: makecache
2026-07-07T15:20:55+0530 DDEBUG Extra commands: ['makecache', '--timer']
2026-07-07T15:20:55+0530 DEBUG Making cache files for all metadata files.
2026-07-07T15:20:55+0530 INFO Metadata cache refreshed recently.
2026-07-07T15:20:55+0530 DDEBUG Cleaning up.
2026-07-07T15:20:55+0530 DDEBUG Plugins were unloaded.
2026-07-07T16:29:55+0530 INFO --- logging initialized ---
2026-07-07T16:29:55+0530 DDEBUG timer: config: 87 ms
2026-07-07T16:29:55+0530 DEBUG Loaded plugins: builddep, changelog, config-manager, copr, debug, debuginfo-install, download, generate_completion_cache, groups-manager, needs-restarting, notify-packagekit, playground, repoclosure, repodiff, repograph, repomanage, reposync, system-upgrade
2026-07-07T16:29:55+0530 DEBUG DNF version: 4.21.1
2026-07-07T16:29:55+0530 DDEBUG Command: dnf makecache --timer 
2026-07-07T16:29:55+0530 DDEBUG Installroot: /
2026-07-07T16:29:55+0530 DDEBUG Releasever: 39
2026-07-07T16:29:55+0530 DEBUG cachedir: /var/cache/dnf
2026-07-07T16:29:55+0530 DDEBUG Base command: makecache
2026-07-07T16:29:55+0530 DDEBUG Extra commands: ['makecache', '--timer']
2026-07-07T16:29:55+0530 DEBUG Making cache files for all metadata files.
2026-07-07T16:29:55+0530 INFO Metadata cache refreshed recently.
2026-07-07T16:29:55+0530 DDEBUG Cleaning up.
2026-07-07T16:29:55+0530 DDEBUG Plugins were unloaded.
2026-07-07T17:35:58+0530 INFO --- logging initialized ---
2026-07-07T17:35:58+0530 DDEBUG timer: config: 72 ms
2026-07-07T17:35:58+0530 DEBUG Loaded plugins: builddep, changelog, config-manager, copr, debug, debuginfo-install, download, generate_completion_cache, groups-manager, needs-restarting, notify-packagekit, playground, repoclosure, repodiff, repograph, repomanage, reposync, system-upgrade
2026-07-07T17:35:58+0530 DEBUG DNF version: 4.21.1
2026-07-07T17:35:58+0530 DDEBUG Command: dnf makecache --timer 
2026-07-07T17:35:58+0530 DDEBUG Installroot: /
2026-07-07T17:35:58+0530 DDEBUG Releasever: 39
2026-07-07T17:35:58+0530 DEBUG cachedir: /var/cache/dnf
2026-07-07T17:35:58+0530 DDEBUG Base command: makecache
2026-07-07T17:35:58+0530 DDEBUG Extra commands: ['makecache', '--timer']
2026-07-07T17:35:58+0530 DEBUG Making cache files for all metadata files.
2026-07-07T17:35:58+0530 DEBUG bitrix24: has expired and will be refreshed.
2026-07-07T17:35:58+0530 DEBUG brave-browser: has expired and will be refreshed.
2026-07-07T17:35:58+0530 DEBUG docker-ce-stable: has expired and will be refreshed.
2026-07-07T17:36:00+0530 DEBUG fedora: has expired and will be refreshed.
2026-07-07T17:36:00+0530 DEBUG fedora-cisco-openh264: has expired and will be refreshed.
2026-07-07T17:36:01+0530 DEBUG updates: has expired and will be refreshed.
2026-07-07T17:36:01+0530 DEBUG google-chrome: has expired and will be refreshed.
2026-07-07T17:36:01+0530 DEBUG hashicorp: has expired and will be refreshed.
2026-07-07T17:36:01+0530 DEBUG jenkins: has expired and will be refreshed.
2026-07-07T17:36:01+0530 DEBUG packages-microsoft-com-prod: has expired and will be refreshed.
2026-07-07T17:36:01+0530 DEBUG rpmfusion-free: has expired and will be refreshed.
2026-07-07T17:36:01+0530 DEBUG rpmfusion-free-updates: has expired and will be refreshed.
2026-07-07T17:36:01+0530 DEBUG rpmfusion-nonfree: has expired and will be refreshed.
2026-07-07T17:36:01+0530 DEBUG rpmfusion-nonfree-nvidia-driver: has expired and will be refreshed.
2026-07-07T17:36:01+0530 DEBUG rpmfusion-nonfree-steam: has expired and will be refreshed.
2026-07-07T17:36:01+0530 DEBUG rpmfusion-nonfree-updates: has expired and will be refreshed.
2026-07-07T17:36:01+0530 DEBUG teams-for-linux: has expired and will be refreshed.
2026-07-07T17:36:01+0530 DEBUG reviving: 'bitrix24' can be revived - repomd matches.
2026-07-07T17:36:01+0530 DEBUG bitrix24: using metadata from Mon 20 Apr 2026 09:02:48 PM IST.
2026-07-07T17:36:06+0530 DEBUG reviving: 'brave-browser' can be revived - repomd matches.
2026-07-07T17:36:06+0530 DEBUG brave-browser: using metadata from Thu 02 Jul 2026 09:14:32 PM IST.
2026-07-07T17:36:06+0530 DEBUG reviving: 'docker-ce-stable' can be revived - repomd matches.
2026-07-07T17:36:06+0530 DEBUG docker-ce-stable: using metadata from Wed 13 Nov 2024 06:00:28 PM IST.
2026-07-07T17:36:06+0530 DEBUG countme: no event for fedora: window already counted
2026-07-07T17:36:07+0530 DEBUG reviving: 'fedora' can be revived - metalink checksums match.
2026-07-07T17:36:09+0530 DEBUG fedora: using metadata from Wed 01 Nov 2023 05:42:39 AM IST.
2026-07-07T17:36:09+0530 DEBUG reviving: 'fedora-cisco-openh264' can be revived - metalink checksums match.
2026-07-07T17:36:09+0530 DEBUG fedora-cisco-openh264: using metadata from Tue 12 Mar 2024 05:43:24 PM IST.
2026-07-07T17:36:09+0530 DEBUG countme: no event for updates: window already counted
2026-07-07T17:36:10+0530 DEBUG reviving: 'updates' can be revived - metalink checksums match.
2026-07-07T17:36:11+0530 DEBUG updates: using metadata from Tue 26 Nov 2024 10:05:09 PM IST.
2026-07-07T17:36:11+0530 DEBUG reviving: failed for 'google-chrome', mismatched repomd.
2026-07-07T17:36:11+0530 DEBUG repo: downloading from remote: google-chrome
2026-07-07T17:36:12+0530 DEBUG google-chrome: using metadata from Tue 07 Jul 2026 02:43:15 PM IST.
2026-07-07T17:36:12+0530 DEBUG repo: downloading from remote: hashicorp
2026-07-07T17:36:12+0530 DEBUG error: Status code: 404 for https://rpm.releases.hashicorp.com/fedora/39/x86_64/stable/repodata/repomd.xml (IP: 13.225.5.7) (https://rpm.releases.hashicorp.com/fedora/39/x86_64/stable/repodata/repomd.xml).
2026-07-07T17:36:12+0530 WARNING Errors during downloading metadata for repository 'hashicorp':
  - Status code: 404 for https://rpm.releases.hashicorp.com/fedora/39/x86_64/stable/repodata/repomd.xml (IP: 13.225.5.7)
2026-07-07T17:36:12+0530 WARNING Error: Failed to download metadata for repo 'hashicorp': Cannot download repomd.xml: Status code: 404 for https://rpm.releases.hashicorp.com/fedora/39/x86_64/stable/repodata/repomd.xml (IP: 13.225.5.7)
2026-07-07T17:36:12+0530 DEBUG reviving: 'jenkins' can be revived - repomd matches.
2026-07-07T17:36:12+0530 DEBUG jenkins: using metadata from Tue 09 Jun 2026 12:44:35 PM IST.
2026-07-07T17:36:13+0530 DEBUG reviving: 'packages-microsoft-com-prod' can be revived - repomd matches.
2026-07-07T17:36:13+0530 DEBUG packages-microsoft-com-prod: using metadata from Tue 07 Jul 2026 10:33:15 AM IST.
2026-07-07T17:36:14+0530 DEBUG reviving: 'rpmfusion-free' can be revived - metalink checksums match.
2026-07-07T17:36:14+0530 DEBUG rpmfusion-free: using metadata from Sat 04 Nov 2023 10:19:08 PM IST.
2026-07-07T17:36:15+0530 DEBUG reviving: 'rpmfusion-free-updates' can be revived - metalink checksums match.
2026-07-07T17:36:15+0530 DEBUG rpmfusion-free-updates: using metadata from Sat 23 Nov 2024 06:15:37 PM IST.
2026-07-07T17:36:16+0530 DEBUG reviving: 'rpmfusion-nonfree' can be revived - metalink checksums match.
2026-07-07T17:36:16+0530 DEBUG rpmfusion-nonfree: using metadata from Sat 04 Nov 2023 10:56:32 PM IST.
2026-07-07T17:36:17+0530 DEBUG error: Status code: 404 for https://mirrors.rpmfusion.org/metalink?repo=nonfree-fedora-nvidia-driver-39&arch=x86_64 (IP: 158.69.60.128) (https://mirrors.rpmfusion.org/metalink?repo=nonfree-fedora-nvidia-driver-39&arch=x86_64).
2026-07-07T17:36:17+0530 DEBUG error: Status code: 404 for https://mirrors.rpmfusion.org/metalink?repo=nonfree-fedora-nvidia-driver-39&arch=x86_64 (IP: 158.69.60.128) (https://mirrors.rpmfusion.org/metalink?repo=nonfree-fedora-nvidia-driver-39&arch=x86_64).
2026-07-07T17:36:17+0530 DEBUG error: Status code: 404 for https://mirrors.rpmfusion.org/metalink?repo=nonfree-fedora-nvidia-driver-39&arch=x86_64 (IP: 158.69.60.128) (https://mirrors.rpmfusion.org/metalink?repo=nonfree-fedora-nvidia-driver-39&arch=x86_64).
2026-07-07T17:36:18+0530 DEBUG error: Status code: 404 for https://mirrors.rpmfusion.org/metalink?repo=nonfree-fedora-nvidia-driver-39&arch=x86_64 (IP: 158.69.60.128) (https://mirrors.rpmfusion.org/metalink?repo=nonfree-fedora-nvidia-driver-39&arch=x86_64).
2026-07-07T17:36:19+0530 DEBUG error: Status code: 404 for https://mirrors.rpmfusion.org/metalink?repo=nonfree-fedora-nvidia-driver-39&arch=x86_64 (IP: 158.69.60.128) (https://mirrors.rpmfusion.org/metalink?repo=nonfree-fedora-nvidia-driver-39&arch=x86_64).
2026-07-07T17:36:20+0530 DEBUG error: Status code: 404 for https://mirrors.rpmfusion.org/metalink?repo=nonfree-fedora-nvidia-driver-39&arch=x86_64 (IP: 158.69.60.128) (https://mirrors.rpmfusion.org/metalink?repo=nonfree-fedora-nvidia-driver-39&arch=x86_64).
2026-07-07T17:36:20+0530 DEBUG error: Status code: 404 for https://mirrors.rpmfusion.org/metalink?repo=nonfree-fedora-nvidia-driver-39&arch=x86_64 (IP: 158.69.60.128) (https://mirrors.rpmfusion.org/metalink?repo=nonfree-fedora-nvidia-driver-39&arch=x86_64).
2026-07-07T17:36:20+0530 DEBUG error: Status code: 404 for https://mirrors.rpmfusion.org/metalink?repo=nonfree-fedora-nvidia-driver-39&arch=x86_64 (IP: 158.69.60.128) (https://mirrors.rpmfusion.org/metalink?repo=nonfree-fedora-nvidia-driver-39&arch=x86_64).
2026-07-07T17:36:21+0530 DEBUG error: Status code: 404 for https://mirrors.rpmfusion.org/metalink?repo=nonfree-fedora-nvidia-driver-39&arch=x86_64 (IP: 78.47.223.143) (https://mirrors.rpmfusion.org/metalink?repo=nonfree-fedora-nvidia-driver-39&arch=x86_64).
2026-07-07T17:36:21+0530 DEBUG error: Status code: 404 for https://mirrors.rpmfusion.org/metalink?repo=nonfree-fedora-nvidia-driver-39&arch=x86_64 (IP: 78.47.223.143) (https://mirrors.rpmfusion.org/metalink?repo=nonfree-fedora-nvidia-driver-39&arch=x86_64).
2026-07-07T17:36:21+0530 DEBUG error: Status code: 404 for https://mirrors.rpmfusion.org/metalink?repo=nonfree-fedora-nvidia-driver-39&arch=x86_64 (IP: 78.47.223.143) (https://mirrors.rpmfusion.org/metalink?repo=nonfree-fedora-nvidia-driver-39&arch=x86_64).
2026-07-07T17:36:21+0530 DEBUG error: Status code: 404 for https://mirrors.rpmfusion.org/metalink?repo=nonfree-fedora-nvidia-driver-39&arch=x86_64 (IP: 78.47.223.143) (https://mirrors.rpmfusion.org/metalink?repo=nonfree-fedora-nvidia-driver-39&arch=x86_64).
2026-07-07T17:36:21+0530 WARNING Errors during downloading metadata for repository 'rpmfusion-nonfree-nvidia-driver':
  - Status code: 404 for https://mirrors.rpmfusion.org/metalink?repo=nonfree-fedora-nvidia-driver-39&arch=x86_64 (IP: 158.69.60.128)
  - Status code: 404 for https://mirrors.rpmfusion.org/metalink?repo=nonfree-fedora-nvidia-driver-39&arch=x86_64 (IP: 78.47.223.143)
2026-07-07T17:36:21+0530 WARNING Error: Failed to download metadata for repo 'rpmfusion-nonfree-nvidia-driver': Cannot prepare internal mirrorlist: Status code: 404 for https://mirrors.rpmfusion.org/metalink?repo=nonfree-fedora-nvidia-driver-39&arch=x86_64 (IP: 78.47.223.143)
2026-07-07T17:36:22+0530 DEBUG reviving: 'rpmfusion-nonfree-steam' can be revived - metalink checksums match.
2026-07-07T17:36:23+0530 DEBUG rpmfusion-nonfree-steam: using metadata from Sat 23 Nov 2024 06:58:50 PM IST.
2026-07-07T17:36:24+0530 DEBUG reviving: 'rpmfusion-nonfree-updates' can be revived - metalink checksums match.
2026-07-07T17:36:24+0530 DEBUG rpmfusion-nonfree-updates: using metadata from Sat 23 Nov 2024 06:41:49 PM IST.
2026-07-07T17:36:24+0530 DEBUG reviving: 'teams-for-linux' can be revived - repomd matches.
2026-07-07T17:36:24+0530 DEBUG teams-for-linux: using metadata from Tue 16 Jun 2026 12:42:51 PM IST.
2026-07-07T17:36:24+0530 WARNING Ignoring repositories: hashicorp, rpmfusion-nonfree-nvidia-driver
2026-07-07T17:36:24+0530 DDEBUG timer: sack setup: 23004 ms
2026-07-07T17:36:24+0530 DEBUG User-Agent: constructed: 'libdnf (Fedora Linux 39; workstation; Linux.x86_64)'
2026-07-07T17:36:24+0530 DEBUG Completion plugin: Generating completion cache...
2026-07-07T17:36:25+0530 INFO Metadata cache created.
2026-07-07T17:36:25+0530 DDEBUG Cleaning up.
2026-07-07T17:36:25+0530 DDEBUG Plugins were unloaded.
2026-07-08T09:21:41+0530 INFO --- logging initialized ---
2026-07-08T09:21:41+0530 DDEBUG timer: config: 156 ms
2026-07-08T09:21:42+0530 DEBUG Loaded plugins: builddep, changelog, config-manager, copr, debug, debuginfo-install, download, generate_completion_cache, groups-manager, needs-restarting, notify-packagekit, playground, repoclosure, repodiff, repograph, repomanage, reposync, system-upgrade
2026-07-08T09:21:42+0530 DEBUG DNF version: 4.21.1
2026-07-08T09:21:42+0530 DDEBUG Command: dnf makecache --timer 
2026-07-08T09:21:42+0530 DDEBUG Installroot: /
2026-07-08T09:21:42+0530 DDEBUG Releasever: 39
2026-07-08T09:21:42+0530 DEBUG cachedir: /var/cache/dnf
2026-07-08T09:21:42+0530 DDEBUG Base command: makecache
2026-07-08T09:21:42+0530 DDEBUG Extra commands: ['makecache', '--timer']
2026-07-08T09:21:42+0530 DEBUG Making cache files for all metadata files.
2026-07-08T09:21:42+0530 DEBUG bitrix24: has expired and will be refreshed.
2026-07-08T09:21:42+0530 DEBUG brave-browser: has expired and will be refreshed.
2026-07-08T09:21:42+0530 DEBUG docker-ce-stable: has expired and will be refreshed.
2026-07-08T09:21:46+0530 DEBUG fedora: has expired and will be refreshed.
2026-07-08T09:21:46+0530 DEBUG fedora-cisco-openh264: has expired and will be refreshed.
2026-07-08T09:21:47+0530 DEBUG updates: has expired and will be refreshed.
2026-07-08T09:21:47+0530 DEBUG google-chrome: has expired and will be refreshed.
2026-07-08T09:21:47+0530 DEBUG hashicorp: has expired and will be refreshed.
2026-07-08T09:21:47+0530 DEBUG jenkins: has expired and will be refreshed.
2026-07-08T09:21:47+0530 DEBUG packages-microsoft-com-prod: has expired and will be refreshed.
2026-07-08T09:21:47+0530 DEBUG rpmfusion-free: has expired and will be refreshed.
2026-07-08T09:21:47+0530 DEBUG rpmfusion-free-updates: has expired and will be refreshed.
2026-07-08T09:21:47+0530 DEBUG rpmfusion-nonfree: has expired and will be refreshed.
2026-07-08T09:21:47+0530 DEBUG rpmfusion-nonfree-nvidia-driver: has expired and will be refreshed.
2026-07-08T09:21:47+0530 DEBUG rpmfusion-nonfree-steam: has expired and will be refreshed.
2026-07-08T09:21:47+0530 DEBUG rpmfusion-nonfree-updates: has expired and will be refreshed.
2026-07-08T09:21:47+0530 DEBUG teams-for-linux: has expired and will be refreshed.
2026-07-08T09:21:47+0530 DEBUG reviving: 'bitrix24' can be revived - repomd matches.
2026-07-08T09:21:47+0530 DEBUG bitrix24: using metadata from Mon 20 Apr 2026 09:02:48 PM IST.
2026-07-08T09:21:47+0530 DEBUG reviving: 'brave-browser' can be revived - repomd matches.
2026-07-08T09:21:47+0530 DEBUG brave-browser: using metadata from Thu 02 Jul 2026 09:14:32 PM IST.
2026-07-08T09:21:48+0530 DEBUG reviving: 'docker-ce-stable' can be revived - repomd matches.
2026-07-08T09:21:48+0530 DEBUG docker-ce-stable: using metadata from Wed 13 Nov 2024 06:00:28 PM IST.
2026-07-08T09:21:48+0530 DEBUG countme: no event for fedora: window already counted
2026-07-08T09:21:48+0530 DEBUG reviving: 'fedora' can be revived - metalink checksums match.
2026-07-08T09:21:52+0530 DEBUG fedora: using metadata from Wed 01 Nov 2023 05:42:39 AM IST.
2026-07-08T09:21:52+0530 DEBUG reviving: 'fedora-cisco-openh264' can be revived - metalink checksums match.
2026-07-08T09:21:52+0530 DEBUG fedora-cisco-openh264: using metadata from Tue 12 Mar 2024 05:43:24 PM IST.
2026-07-08T09:21:52+0530 DEBUG countme: no event for updates: window already counted
2026-07-08T09:21:52+0530 DEBUG reviving: 'updates' can be revived - metalink checksums match.
2026-07-08T09:21:55+0530 DEBUG updates: using metadata from Tue 26 Nov 2024 10:05:09 PM IST.
2026-07-08T09:21:56+0530 DEBUG reviving: failed for 'google-chrome', mismatched repomd.
2026-07-08T09:21:56+0530 DEBUG repo: downloading from remote: google-chrome
2026-07-08T09:21:57+0530 DEBUG google-chrome: using metadata from Wed 08 Jul 2026 01:39:50 AM IST.
2026-07-08T09:21:57+0530 DEBUG repo: downloading from remote: hashicorp
2026-07-08T09:21:57+0530 DEBUG error: Status code: 404 for https://rpm.releases.hashicorp.com/fedora/39/x86_64/stable/repodata/repomd.xml (IP: 2600:9000:21b4:da00:18:566b:ecc0:93a1) (https://rpm.releases.hashicorp.com/fedora/39/x86_64/stable/repodata/repomd.xml).
2026-07-08T09:21:57+0530 WARNING Errors during downloading metadata for repository 'hashicorp':
  - Status code: 404 for https://rpm.releases.hashicorp.com/fedora/39/x86_64/stable/repodata/repomd.xml (IP: 2600:9000:21b4:da00:18:566b:ecc0:93a1)
2026-07-08T09:21:57+0530 WARNING Error: Failed to download metadata for repo 'hashicorp': Cannot download repomd.xml: Status code: 404 for https://rpm.releases.hashicorp.com/fedora/39/x86_64/stable/repodata/repomd.xml (IP: 2600:9000:21b4:da00:18:566b:ecc0:93a1)
2026-07-08T09:21:58+0530 DEBUG reviving: 'jenkins' can be revived - repomd matches.
2026-07-08T09:21:58+0530 DEBUG jenkins: using metadata from Tue 09 Jun 2026 12:44:35 PM IST.
2026-07-08T09:22:00+0530 DEBUG reviving: 'packages-microsoft-com-prod' can be revived - repomd matches.
2026-07-08T09:22:00+0530 DEBUG packages-microsoft-com-prod: using metadata from Tue 07 Jul 2026 10:33:15 AM IST.
2026-07-08T09:22:01+0530 DEBUG reviving: 'rpmfusion-free' can be revived - metalink checksums match.
2026-07-08T09:22:01+0530 DEBUG rpmfusion-free: using metadata from Sat 04 Nov 2023 10:19:08 PM IST.
2026-07-08T09:22:02+0530 DEBUG reviving: 'rpmfusion-free-updates' can be revived - metalink checksums match.
2026-07-08T09:22:02+0530 DEBUG rpmfusion-free-updates: using metadata from Sat 23 Nov 2024 06:15:37 PM IST.
2026-07-08T09:22:03+0530 DEBUG reviving: 'rpmfusion-nonfree' can be revived - metalink checksums match.
2026-07-08T09:22:03+0530 DEBUG rpmfusion-nonfree: using metadata from Sat 04 Nov 2023 10:56:32 PM IST.
2026-07-08T09:22:04+0530 DEBUG error: Status code: 404 for https://mirrors.rpmfusion.org/metalink?repo=nonfree-fedora-nvidia-driver-39&arch=x86_64 (IP: 2607:5300:201:3100::9322) (https://mirrors.rpmfusion.org/metalink?repo=nonfree-fedora-nvidia-driver-39&arch=x86_64).
2026-07-08T09:22:04+0530 DEBUG error: Status code: 404 for https://mirrors.rpmfusion.org/metalink?repo=nonfree-fedora-nvidia-driver-39&arch=x86_64 (IP: 2607:5300:201:3100::9322) (https://mirrors.rpmfusion.org/metalink?repo=nonfree-fedora-nvidia-driver-39&arch=x86_64).
2026-07-08T09:22:04+0530 DEBUG error: Status code: 404 for https://mirrors.rpmfusion.org/metalink?repo=nonfree-fedora-nvidia-driver-39&arch=x86_64 (IP: 2607:5300:201:3100::9322) (https://mirrors.rpmfusion.org/metalink?repo=nonfree-fedora-nvidia-driver-39&arch=x86_64).
2026-07-08T09:22:04+0530 DEBUG error: Status code: 404 for https://mirrors.rpmfusion.org/metalink?repo=nonfree-fedora-nvidia-driver-39&arch=x86_64 (IP: 2607:5300:201:3100::9322) (https://mirrors.rpmfusion.org/metalink?repo=nonfree-fedora-nvidia-driver-39&arch=x86_64).
2026-07-08T09:22:06+0530 DEBUG error: Status code: 404 for https://mirrors.rpmfusion.org/metalink?repo=nonfree-fedora-nvidia-driver-39&arch=x86_64 (IP: 2607:5300:201:3100::9322) (https://mirrors.rpmfusion.org/metalink?repo=nonfree-fedora-nvidia-driver-39&arch=x86_64).
2026-07-08T09:22:06+0530 DEBUG error: Status code: 404 for https://mirrors.rpmfusion.org/metalink?repo=nonfree-fedora-nvidia-driver-39&arch=x86_64 (IP: 2607:5300:201:3100::9322) (https://mirrors.rpmfusion.org/metalink?repo=nonfree-fedora-nvidia-driver-39&arch=x86_64).
2026-07-08T09:22:06+0530 DEBUG error: Status code: 404 for https://mirrors.rpmfusion.org/metalink?repo=nonfree-fedora-nvidia-driver-39&arch=x86_64 (IP: 2607:5300:201:3100::9322) (https://mirrors.rpmfusion.org/metalink?repo=nonfree-fedora-nvidia-driver-39&arch=x86_64).
2026-07-08T09:22:06+0530 DEBUG error: Status code: 404 for https://mirrors.rpmfusion.org/metalink?repo=nonfree-fedora-nvidia-driver-39&arch=x86_64 (IP: 2607:5300:201:3100::9322) (https://mirrors.rpmfusion.org/metalink?repo=nonfree-fedora-nvidia-driver-39&arch=x86_64).
2026-07-08T09:22:08+0530 DEBUG error: Status code: 404 for https://mirrors.rpmfusion.org/metalink?repo=nonfree-fedora-nvidia-driver-39&arch=x86_64 (IP: 2607:5300:201:3100::9322) (https://mirrors.rpmfusion.org/metalink?repo=nonfree-fedora-nvidia-driver-39&arch=x86_64).
2026-07-08T09:22:08+0530 DEBUG error: Status code: 404 for https://mirrors.rpmfusion.org/metalink?repo=nonfree-fedora-nvidia-driver-39&arch=x86_64 (IP: 2607:5300:201:3100::9322) (https://mirrors.rpmfusion.org/metalink?repo=nonfree-fedora-nvidia-driver-39&arch=x86_64).
2026-07-08T09:22:08+0530 DEBUG error: Status code: 404 for https://mirrors.rpmfusion.org/metalink?repo=nonfree-fedora-nvidia-driver-39&arch=x86_64 (IP: 2607:5300:201:3100::9322) (https://mirrors.rpmfusion.org/metalink?repo=nonfree-fedora-nvidia-driver-39&arch=x86_64).
2026-07-08T09:22:08+0530 DEBUG error: Status code: 404 for https://mirrors.rpmfusion.org/metalink?repo=nonfree-fedora-nvidia-driver-39&arch=x86_64 (IP: 2607:5300:201:3100::9322) (https://mirrors.rpmfusion.org/metalink?repo=nonfree-fedora-nvidia-driver-39&arch=x86_64).
2026-07-08T09:22:08+0530 WARNING Errors during downloading metadata for repository 'rpmfusion-nonfree-nvidia-driver':
  - Status code: 404 for https://mirrors.rpmfusion.org/metalink?repo=nonfree-fedora-nvidia-driver-39&arch=x86_64 (IP: 2607:5300:201:3100::9322)
2026-07-08T09:22:08+0530 WARNING Error: Failed to download metadata for repo 'rpmfusion-nonfree-nvidia-driver': Cannot prepare internal mirrorlist: Status code: 404 for https://mirrors.rpmfusion.org/metalink?repo=nonfree-fedora-nvidia-driver-39&arch=x86_64 (IP: 2607:5300:201:3100::9322)
2026-07-08T09:22:09+0530 DEBUG reviving: 'rpmfusion-nonfree-steam' can be revived - metalink checksums match.
2026-07-08T09:22:09+0530 DEBUG rpmfusion-nonfree-steam: using metadata from Sat 23 Nov 2024 06:58:50 PM IST.
2026-07-08T09:22:10+0530 DEBUG reviving: 'rpmfusion-nonfree-updates' can be revived - metalink checksums match.
2026-07-08T09:22:10+0530 DEBUG rpmfusion-nonfree-updates: using metadata from Sat 23 Nov 2024 06:41:49 PM IST.
2026-07-08T09:22:10+0530 DEBUG reviving: 'teams-for-linux' can be revived - repomd matches.
2026-07-08T09:22:10+0530 DEBUG teams-for-linux: using metadata from Tue 16 Jun 2026 12:42:51 PM IST.
2026-07-08T09:22:10+0530 WARNING Ignoring repositories: hashicorp, rpmfusion-nonfree-nvidia-driver
2026-07-08T09:22:10+0530 DDEBUG timer: sack setup: 23010 ms
2026-07-08T09:22:10+0530 DEBUG User-Agent: constructed: 'libdnf (Fedora Linux 39; workstation; Linux.x86_64)'
2026-07-08T09:22:10+0530 DEBUG Completion plugin: Generating completion cache...
2026-07-08T09:22:14+0530 INFO Metadata cache created.
2026-07-08T09:22:14+0530 DDEBUG Cleaning up.
2026-07-08T09:22:14+0530 DDEBUG Plugins were unloaded.
2026-07-08T10:30:42+0530 INFO --- logging initialized ---
2026-07-08T10:30:42+0530 DDEBUG timer: config: 140 ms
2026-07-08T10:30:42+0530 DEBUG Loaded plugins: builddep, changelog, config-manager, copr, debug, debuginfo-install, download, generate_completion_cache, groups-manager, needs-restarting, notify-packagekit, playground, repoclosure, repodiff, repograph, repomanage, reposync, system-upgrade
2026-07-08T10:30:42+0530 DEBUG DNF version: 4.21.1
2026-07-08T10:30:42+0530 DDEBUG Command: dnf makecache --timer 
2026-07-08T10:30:42+0530 DDEBUG Installroot: /
2026-07-08T10:30:42+0530 DDEBUG Releasever: 39
2026-07-08T10:30:42+0530 DEBUG cachedir: /var/cache/dnf
2026-07-08T10:30:42+0530 DDEBUG Base command: makecache
2026-07-08T10:30:42+0530 DDEBUG Extra commands: ['makecache', '--timer']
2026-07-08T10:30:42+0530 DEBUG Making cache files for all metadata files.
2026-07-08T10:30:42+0530 INFO Metadata timer caching disabled when running on a battery.
2026-07-08T10:30:42+0530 DDEBUG Cleaning up.
2026-07-08T10:30:42+0530 DDEBUG Plugins were unloaded.
2026-07-08T12:29:40+0530 INFO --- logging initialized ---
2026-07-08T12:29:40+0530 DDEBUG timer: config: 46 ms
2026-07-08T12:29:41+0530 DEBUG Loaded plugins: builddep, changelog, config-manager, copr, debug, debuginfo-install, download, generate_completion_cache, groups-manager, needs-restarting, notify-packagekit, playground, repoclosure, repodiff, repograph, repomanage, reposync, system-upgrade
2026-07-08T12:29:41+0530 DEBUG DNF version: 4.21.1
2026-07-08T12:29:41+0530 DDEBUG Command: dnf makecache --timer 
2026-07-08T12:29:41+0530 DDEBUG Installroot: /
2026-07-08T12:29:41+0530 DDEBUG Releasever: 39
2026-07-08T12:29:41+0530 DEBUG cachedir: /var/cache/dnf
2026-07-08T12:29:41+0530 DDEBUG Base command: makecache
2026-07-08T12:29:41+0530 DDEBUG Extra commands: ['makecache', '--timer']
2026-07-08T12:29:41+0530 DEBUG Making cache files for all metadata files.
2026-07-08T12:29:41+0530 DEBUG bitrix24: has expired and will be refreshed.
2026-07-08T12:29:41+0530 DEBUG brave-browser: has expired and will be refreshed.
2026-07-08T12:29:41+0530 DEBUG docker-ce-stable: has expired and will be refreshed.
2026-07-08T12:29:42+0530 DEBUG fedora: has expired and will be refreshed.
2026-07-08T12:29:42+0530 DEBUG fedora-cisco-openh264: has expired and will be refreshed.
2026-07-08T12:29:42+0530 DEBUG updates: has expired and will be refreshed.
2026-07-08T12:29:42+0530 DEBUG google-chrome: has expired and will be refreshed.
2026-07-08T12:29:42+0530 DEBUG hashicorp: has expired and will be refreshed.
2026-07-08T12:29:42+0530 DEBUG jenkins: has expired and will be refreshed.
2026-07-08T12:29:42+0530 DEBUG packages-microsoft-com-prod: has expired and will be refreshed.
2026-07-08T12:29:42+0530 DEBUG rpmfusion-free: has expired and will be refreshed.
2026-07-08T12:29:42+0530 DEBUG rpmfusion-free-updates: has expired and will be refreshed.
2026-07-08T12:29:42+0530 DEBUG rpmfusion-nonfree: has expired and will be refreshed.
2026-07-08T12:29:42+0530 DEBUG rpmfusion-nonfree-nvidia-driver: has expired and will be refreshed.
2026-07-08T12:29:42+0530 DEBUG rpmfusion-nonfree-steam: has expired and will be refreshed.
2026-07-08T12:29:42+0530 DEBUG rpmfusion-nonfree-updates: has expired and will be refreshed.
2026-07-08T12:29:42+0530 DEBUG teams-for-linux: has expired and will be refreshed.
2026-07-08T12:29:42+0530 DEBUG reviving: 'bitrix24' can be revived - repomd matches.
2026-07-08T12:29:42+0530 DEBUG bitrix24: using metadata from Mon 20 Apr 2026 09:02:48 PM IST.
2026-07-08T12:29:43+0530 DEBUG reviving: 'brave-browser' can be revived - repomd matches.
2026-07-08T12:29:43+0530 DEBUG brave-browser: using metadata from Thu 02 Jul 2026 09:14:32 PM IST.
2026-07-08T12:29:43+0530 DEBUG reviving: 'docker-ce-stable' can be revived - repomd matches.
2026-07-08T12:29:43+0530 DEBUG docker-ce-stable: using metadata from Wed 13 Nov 2024 06:00:28 PM IST.
2026-07-08T12:29:43+0530 DEBUG countme: no event for fedora: window already counted
2026-07-08T12:29:43+0530 DEBUG reviving: 'fedora' can be revived - metalink checksums match.
2026-07-08T12:29:44+0530 DEBUG fedora: using metadata from Wed 01 Nov 2023 05:42:39 AM IST.
2026-07-08T12:29:45+0530 DEBUG reviving: 'fedora-cisco-openh264' can be revived - metalink checksums match.
2026-07-08T12:29:45+0530 DEBUG fedora-cisco-openh264: using metadata from Tue 12 Mar 2024 05:43:24 PM IST.
2026-07-08T12:29:45+0530 DEBUG countme: no event for updates: window already counted
2026-07-08T12:29:45+0530 DEBUG reviving: 'updates' can be revived - metalink checksums match.
2026-07-08T12:29:47+0530 DEBUG updates: using metadata from Tue 26 Nov 2024 10:05:09 PM IST.
2026-07-08T12:29:48+0530 DEBUG reviving: 'google-chrome' can be revived - repomd matches.
2026-07-08T12:29:48+0530 DEBUG google-chrome: using metadata from Wed 08 Jul 2026 01:39:50 AM IST.
2026-07-08T12:29:48+0530 DEBUG repo: downloading from remote: hashicorp
2026-07-08T12:29:49+0530 DEBUG error: Status code: 404 for https://rpm.releases.hashicorp.com/fedora/39/x86_64/stable/repodata/repomd.xml (IP: 2600:9000:21b4:4c00:18:566b:ecc0:93a1) (https://rpm.releases.hashicorp.com/fedora/39/x86_64/stable/repodata/repomd.xml).
2026-07-08T12:29:49+0530 WARNING Errors during downloading metadata for repository 'hashicorp':
  - Status code: 404 for https://rpm.releases.hashicorp.com/fedora/39/x86_64/stable/repodata/repomd.xml (IP: 2600:9000:21b4:4c00:18:566b:ecc0:93a1)
2026-07-08T12:29:49+0530 WARNING Error: Failed to download metadata for repo 'hashicorp': Cannot download repomd.xml: Status code: 404 for https://rpm.releases.hashicorp.com/fedora/39/x86_64/stable/repodata/repomd.xml (IP: 2600:9000:21b4:4c00:18:566b:ecc0:93a1)
2026-07-08T12:29:50+0530 DEBUG reviving: 'jenkins' can be revived - repomd matches.
2026-07-08T12:29:50+0530 DEBUG jenkins: using metadata from Tue 09 Jun 2026 12:44:35 PM IST.
2026-07-08T12:29:52+0530 DEBUG reviving: 'packages-microsoft-com-prod' can be revived - repomd matches.
2026-07-08T12:29:52+0530 DEBUG packages-microsoft-com-prod: using metadata from Tue 07 Jul 2026 10:33:15 AM IST.
2026-07-08T12:29:53+0530 DEBUG reviving: 'rpmfusion-free' can be revived - metalink checksums match.
2026-07-08T12:29:53+0530 DEBUG rpmfusion-free: using metadata from Sat 04 Nov 2023 10:19:08 PM IST.
2026-07-08T12:29:53+0530 DEBUG reviving: 'rpmfusion-free-updates' can be revived - metalink checksums match.
2026-07-08T12:29:53+0530 DEBUG rpmfusion-free-updates: using metadata from Sat 23 Nov 2024 06:15:37 PM IST.
2026-07-08T12:29:54+0530 DEBUG reviving: 'rpmfusion-nonfree' can be revived - metalink checksums match.
2026-07-08T12:29:54+0530 DEBUG rpmfusion-nonfree: using metadata from Sat 04 Nov 2023 10:56:32 PM IST.
2026-07-08T12:29:55+0530 DEBUG error: Status code: 404 for https://mirrors.rpmfusion.org/metalink?repo=nonfree-fedora-nvidia-driver-39&arch=x86_64 (IP: 2607:5300:201:3100::9322) (https://mirrors.rpmfusion.org/metalink?repo=nonfree-fedora-nvidia-driver-39&arch=x86_64).
2026-07-08T12:29:56+0530 DEBUG error: Status code: 404 for https://mirrors.rpmfusion.org/metalink?repo=nonfree-fedora-nvidia-driver-39&arch=x86_64 (IP: 2607:5300:201:3100::9322) (https://mirrors.rpmfusion.org/metalink?repo=nonfree-fedora-nvidia-driver-39&arch=x86_64).
2026-07-08T12:29:56+0530 DEBUG error: Status code: 404 for https://mirrors.rpmfusion.org/metalink?repo=nonfree-fedora-nvidia-driver-39&arch=x86_64 (IP: 2607:5300:201:3100::9322) (https://mirrors.rpmfusion.org/metalink?repo=nonfree-fedora-nvidia-driver-39&arch=x86_64).
2026-07-08T12:29:56+0530 DEBUG error: Status code: 404 for https://mirrors.rpmfusion.org/metalink?repo=nonfree-fedora-nvidia-driver-39&arch=x86_64 (IP: 2607:5300:201:3100::9322) (https://mirrors.rpmfusion.org/metalink?repo=nonfree-fedora-nvidia-driver-39&arch=x86_64).
2026-07-08T12:29:57+0530 DEBUG error: Status code: 404 for https://mirrors.rpmfusion.org/metalink?repo=nonfree-fedora-nvidia-driver-39&arch=x86_64 (IP: 2607:5300:201:3100::9322) (https://mirrors.rpmfusion.org/metalink?repo=nonfree-fedora-nvidia-driver-39&arch=x86_64).
2026-07-08T12:29:58+0530 DEBUG error: Status code: 404 for https://mirrors.rpmfusion.org/metalink?repo=nonfree-fedora-nvidia-driver-39&arch=x86_64 (IP: 2607:5300:201:3100::9322) (https://mirrors.rpmfusion.org/metalink?repo=nonfree-fedora-nvidia-driver-39&arch=x86_64).
2026-07-08T12:29:58+0530 DEBUG error: Status code: 404 for https://mirrors.rpmfusion.org/metalink?repo=nonfree-fedora-nvidia-driver-39&arch=x86_64 (IP: 2607:5300:201:3100::9322) (https://mirrors.rpmfusion.org/metalink?repo=nonfree-fedora-nvidia-driver-39&arch=x86_64).
2026-07-08T12:29:58+0530 DEBUG error: Status code: 404 for https://mirrors.rpmfusion.org/metalink?repo=nonfree-fedora-nvidia-driver-39&arch=x86_64 (IP: 2607:5300:201:3100::9322) (https://mirrors.rpmfusion.org/metalink?repo=nonfree-fedora-nvidia-driver-39&arch=x86_64).
2026-07-08T12:29:59+0530 DEBUG error: Status code: 404 for https://mirrors.rpmfusion.org/metalink?repo=nonfree-fedora-nvidia-driver-39&arch=x86_64 (IP: 2607:5300:201:3100::9322) (https://mirrors.rpmfusion.org/metalink?repo=nonfree-fedora-nvidia-driver-39&arch=x86_64).
2026-07-08T12:30:00+0530 DEBUG error: Status code: 404 for https://mirrors.rpmfusion.org/metalink?repo=nonfree-fedora-nvidia-driver-39&arch=x86_64 (IP: 2607:5300:201:3100::9322) (https://mirrors.rpmfusion.org/metalink?repo=nonfree-fedora-nvidia-driver-39&arch=x86_64).
2026-07-08T12:30:00+0530 DEBUG error: Status code: 404 for https://mirrors.rpmfusion.org/metalink?repo=nonfree-fedora-nvidia-driver-39&arch=x86_64 (IP: 2607:5300:201:3100::9322) (https://mirrors.rpmfusion.org/metalink?repo=nonfree-fedora-nvidia-driver-39&arch=x86_64).
2026-07-08T12:30:00+0530 DEBUG error: Status code: 404 for https://mirrors.rpmfusion.org/metalink?repo=nonfree-fedora-nvidia-driver-39&arch=x86_64 (IP: 2607:5300:201:3100::9322) (https://mirrors.rpmfusion.org/metalink?repo=nonfree-fedora-nvidia-driver-39&arch=x86_64).
2026-07-08T12:30:00+0530 WARNING Errors during downloading metadata for repository 'rpmfusion-nonfree-nvidia-driver':
  - Status code: 404 for https://mirrors.rpmfusion.org/metalink?repo=nonfree-fedora-nvidia-driver-39&arch=x86_64 (IP: 2607:5300:201:3100::9322)
2026-07-08T12:30:00+0530 WARNING Error: Failed to download metadata for repo 'rpmfusion-nonfree-nvidia-driver': Cannot prepare internal mirrorlist: Status code: 404 for https://mirrors.rpmfusion.org/metalink?repo=nonfree-fedora-nvidia-driver-39&arch=x86_64 (IP: 2607:5300:201:3100::9322)
2026-07-08T12:30:01+0530 DEBUG reviving: 'rpmfusion-nonfree-steam' can be revived - metalink checksums match.
2026-07-08T12:30:01+0530 DEBUG rpmfusion-nonfree-steam: using metadata from Sat 23 Nov 2024 06:58:50 PM IST.
2026-07-08T12:30:01+0530 DEBUG reviving: 'rpmfusion-nonfree-updates' can be revived - metalink checksums match.
2026-07-08T12:30:01+0530 DEBUG rpmfusion-nonfree-updates: using metadata from Sat 23 Nov 2024 06:41:49 PM IST.
2026-07-08T12:30:02+0530 DEBUG reviving: 'teams-for-linux' can be revived - repomd matches.
2026-07-08T12:30:02+0530 DEBUG teams-for-linux: using metadata from Tue 16 Jun 2026 12:42:51 PM IST.
2026-07-08T12:30:02+0530 WARNING Ignoring repositories: hashicorp, rpmfusion-nonfree-nvidia-driver
2026-07-08T12:30:02+0530 DDEBUG timer: sack setup: 19457 ms
2026-07-08T12:30:02+0530 DEBUG User-Agent: constructed: 'libdnf (Fedora Linux 39; workstation; Linux.x86_64)'
2026-07-08T12:30:02+0530 INFO Metadata cache created.
2026-07-08T12:30:02+0530 DDEBUG Cleaning up.
2026-07-08T12:30:02+0530 DDEBUG Plugins were unloaded.
2026-07-08T13:48:41+0530 INFO --- logging initialized ---
2026-07-08T13:48:41+0530 DDEBUG timer: config: 87 ms
2026-07-08T13:48:41+0530 DEBUG Loaded plugins: builddep, changelog, config-manager, copr, debug, debuginfo-install, download, generate_completion_cache, groups-manager, needs-restarting, notify-packagekit, playground, repoclosure, repodiff, repograph, repomanage, reposync, system-upgrade
2026-07-08T13:48:41+0530 DEBUG DNF version: 4.21.1
2026-07-08T13:48:41+0530 DDEBUG Command: dnf makecache --timer 
2026-07-08T13:48:41+0530 DDEBUG Installroot: /
2026-07-08T13:48:41+0530 DDEBUG Releasever: 39
2026-07-08T13:48:41+0530 DEBUG cachedir: /var/cache/dnf
2026-07-08T13:48:41+0530 DDEBUG Base command: makecache
2026-07-08T13:48:41+0530 DDEBUG Extra commands: ['makecache', '--timer']
2026-07-08T13:48:41+0530 DEBUG Making cache files for all metadata files.
2026-07-08T13:48:41+0530 INFO Metadata cache refreshed recently.
2026-07-08T13:48:41+0530 DDEBUG Cleaning up.
2026-07-08T13:48:41+0530 DDEBUG Plugins were unloaded.
2026-07-08T14:52:41+0530 INFO --- logging initialized ---
2026-07-08T14:52:41+0530 DDEBUG timer: config: 92 ms
2026-07-08T14:52:41+0530 DEBUG Loaded plugins: builddep, changelog, config-manager, copr, debug, debuginfo-install, download, generate_completion_cache, groups-manager, needs-restarting, notify-packagekit, playground, repoclosure, repodiff, repograph, repomanage, reposync, system-upgrade
2026-07-08T14:52:41+0530 DEBUG DNF version: 4.21.1
2026-07-08T14:52:41+0530 DDEBUG Command: dnf makecache --timer 
2026-07-08T14:52:41+0530 DDEBUG Installroot: /
2026-07-08T14:52:41+0530 DDEBUG Releasever: 39
2026-07-08T14:52:41+0530 DEBUG cachedir: /var/cache/dnf
2026-07-08T14:52:41+0530 DDEBUG Base command: makecache
2026-07-08T14:52:41+0530 DDEBUG Extra commands: ['makecache', '--timer']
2026-07-08T14:52:41+0530 DEBUG Making cache files for all metadata files.
2026-07-08T14:52:41+0530 INFO Metadata cache refreshed recently.
2026-07-08T14:52:41+0530 DDEBUG Cleaning up.
2026-07-08T14:52:41+0530 DDEBUG Plugins were unloaded.
2026-07-08T16:45:40+0530 INFO --- logging initialized ---
2026-07-08T16:45:40+0530 DDEBUG timer: config: 52 ms
2026-07-08T16:45:40+0530 DEBUG Loaded plugins: builddep, changelog, config-manager, copr, debug, debuginfo-install, download, generate_completion_cache, groups-manager, needs-restarting, notify-packagekit, playground, repoclosure, repodiff, repograph, repomanage, reposync, system-upgrade
2026-07-08T16:45:40+0530 DEBUG DNF version: 4.21.1
2026-07-08T16:45:40+0530 DDEBUG Command: dnf makecache --timer 
2026-07-08T16:45:40+0530 DDEBUG Installroot: /
2026-07-08T16:45:40+0530 DDEBUG Releasever: 39
2026-07-08T16:45:40+0530 DEBUG cachedir: /var/cache/dnf
2026-07-08T16:45:40+0530 DDEBUG Base command: makecache
2026-07-08T16:45:40+0530 DDEBUG Extra commands: ['makecache', '--timer']
2026-07-08T16:45:40+0530 DEBUG Making cache files for all metadata files.
2026-07-08T16:45:41+0530 DEBUG bitrix24: has expired and will be refreshed.
2026-07-08T16:45:41+0530 DEBUG brave-browser: has expired and will be refreshed.
2026-07-08T16:45:41+0530 DEBUG docker-ce-stable: has expired and will be refreshed.
2026-07-08T16:45:41+0530 DEBUG fedora: has expired and will be refreshed.
2026-07-08T16:45:41+0530 DEBUG fedora-cisco-openh264: has expired and will be refreshed.
2026-07-08T16:45:42+0530 DEBUG updates: has expired and will be refreshed.
2026-07-08T16:45:42+0530 DEBUG google-chrome: has expired and will be refreshed.
2026-07-08T16:45:42+0530 DEBUG hashicorp: has expired and will be refreshed.
2026-07-08T16:45:42+0530 DEBUG jenkins: has expired and will be refreshed.
2026-07-08T16:45:42+0530 DEBUG packages-microsoft-com-prod: has expired and will be refreshed.
2026-07-08T16:45:42+0530 DEBUG rpmfusion-free: has expired and will be refreshed.
2026-07-08T16:45:42+0530 DEBUG rpmfusion-free-updates: has expired and will be refreshed.
2026-07-08T16:45:42+0530 DEBUG rpmfusion-nonfree: has expired and will be refreshed.
2026-07-08T16:45:42+0530 DEBUG rpmfusion-nonfree-nvidia-driver: has expired and will be refreshed.
2026-07-08T16:45:42+0530 DEBUG rpmfusion-nonfree-steam: has expired and will be refreshed.
2026-07-08T16:45:42+0530 DEBUG rpmfusion-nonfree-updates: has expired and will be refreshed.
2026-07-08T16:45:42+0530 DEBUG teams-for-linux: has expired and will be refreshed.
2026-07-08T16:45:43+0530 DEBUG reviving: 'bitrix24' can be revived - repomd matches.
2026-07-08T16:45:43+0530 DEBUG bitrix24: using metadata from Mon 20 Apr 2026 09:02:48 PM IST.
2026-07-08T16:45:43+0530 DEBUG reviving: 'brave-browser' can be revived - repomd matches.
2026-07-08T16:45:43+0530 DEBUG brave-browser: using metadata from Thu 02 Jul 2026 09:14:32 PM IST.
2026-07-08T16:45:43+0530 DEBUG reviving: 'docker-ce-stable' can be revived - repomd matches.
2026-07-08T16:45:43+0530 DEBUG docker-ce-stable: using metadata from Wed 13 Nov 2024 06:00:28 PM IST.
2026-07-08T16:45:43+0530 DEBUG countme: no event for fedora: window already counted
2026-07-08T16:45:43+0530 DEBUG reviving: 'fedora' can be revived - metalink checksums match.
2026-07-08T16:45:45+0530 DEBUG fedora: using metadata from Wed 01 Nov 2023 05:42:39 AM IST.
2026-07-08T16:45:45+0530 DEBUG reviving: 'fedora-cisco-openh264' can be revived - metalink checksums match.
2026-07-08T16:45:45+0530 DEBUG fedora-cisco-openh264: using metadata from Tue 12 Mar 2024 05:43:24 PM IST.
2026-07-08T16:45:45+0530 DEBUG countme: no event for updates: window already counted
2026-07-08T16:45:45+0530 DEBUG reviving: 'updates' can be revived - metalink checksums match.
2026-07-08T16:45:46+0530 DEBUG updates: using metadata from Tue 26 Nov 2024 10:05:09 PM IST.
2026-07-08T16:45:47+0530 DEBUG reviving: failed for 'google-chrome', mismatched repomd.
2026-07-08T16:45:47+0530 DEBUG repo: downloading from remote: google-chrome
2026-07-08T16:45:48+0530 DEBUG google-chrome: using metadata from Wed 08 Jul 2026 02:44:52 PM IST.
2026-07-08T16:45:48+0530 DEBUG repo: downloading from remote: hashicorp
2026-07-08T16:45:48+0530 DEBUG error: Status code: 404 for https://rpm.releases.hashicorp.com/fedora/39/x86_64/stable/repodata/repomd.xml (IP: 2600:9000:21b4:ea00:18:566b:ecc0:93a1) (https://rpm.releases.hashicorp.com/fedora/39/x86_64/stable/repodata/repomd.xml).
2026-07-08T16:45:48+0530 WARNING Errors during downloading metadata for repository 'hashicorp':
  - Status code: 404 for https://rpm.releases.hashicorp.com/fedora/39/x86_64/stable/repodata/repomd.xml (IP: 2600:9000:21b4:ea00:18:566b:ecc0:93a1)
2026-07-08T16:45:48+0530 WARNING Error: Failed to download metadata for repo 'hashicorp': Cannot download repomd.xml: Status code: 404 for https://rpm.releases.hashicorp.com/fedora/39/x86_64/stable/repodata/repomd.xml (IP: 2600:9000:21b4:ea00:18:566b:ecc0:93a1)
2026-07-08T16:45:50+0530 DEBUG reviving: 'jenkins' can be revived - repomd matches.
2026-07-08T16:45:50+0530 DEBUG jenkins: using metadata from Tue 09 Jun 2026 12:44:35 PM IST.
2026-07-08T16:45:51+0530 DEBUG reviving: 'packages-microsoft-com-prod' can be revived - repomd matches.
2026-07-08T16:45:52+0530 DEBUG packages-microsoft-com-prod: using metadata from Tue 07 Jul 2026 10:33:15 AM IST.
2026-07-08T16:45:52+0530 DEBUG reviving: 'rpmfusion-free' can be revived - metalink checksums match.
2026-07-08T16:45:52+0530 DEBUG rpmfusion-free: using metadata from Sat 04 Nov 2023 10:19:08 PM IST.
2026-07-08T16:45:53+0530 DEBUG reviving: 'rpmfusion-free-updates' can be revived - metalink checksums match.
2026-07-08T16:45:53+0530 DEBUG rpmfusion-free-updates: using metadata from Sat 23 Nov 2024 06:15:37 PM IST.
2026-07-08T16:45:54+0530 DEBUG reviving: 'rpmfusion-nonfree' can be revived - metalink checksums match.
2026-07-08T16:45:54+0530 DEBUG rpmfusion-nonfree: using metadata from Sat 04 Nov 2023 10:56:32 PM IST.
2026-07-08T16:45:55+0530 DEBUG error: Status code: 404 for https://mirrors.rpmfusion.org/metalink?repo=nonfree-fedora-nvidia-driver-39&arch=x86_64 (IP: 2607:5300:201:3100::9322) (https://mirrors.rpmfusion.org/metalink?repo=nonfree-fedora-nvidia-driver-39&arch=x86_64).
2026-07-08T16:45:55+0530 DEBUG error: Status code: 404 for https://mirrors.rpmfusion.org/metalink?repo=nonfree-fedora-nvidia-driver-39&arch=x86_64 (IP: 2607:5300:201:3100::9322) (https://mirrors.rpmfusion.org/metalink?repo=nonfree-fedora-nvidia-driver-39&arch=x86_64).
2026-07-08T16:45:55+0530 DEBUG error: Status code: 404 for https://mirrors.rpmfusion.org/metalink?repo=nonfree-fedora-nvidia-driver-39&arch=x86_64 (IP: 2607:5300:201:3100::9322) (https://mirrors.rpmfusion.org/metalink?repo=nonfree-fedora-nvidia-driver-39&arch=x86_64).
2026-07-08T16:45:56+0530 DEBUG error: Status code: 404 for https://mirrors.rpmfusion.org/metalink?repo=nonfree-fedora-nvidia-driver-39&arch=x86_64 (IP: 2607:5300:201:3100::9322) (https://mirrors.rpmfusion.org/metalink?repo=nonfree-fedora-nvidia-driver-39&arch=x86_64).
2026-07-08T16:45:57+0530 DEBUG error: Status code: 404 for https://mirrors.rpmfusion.org/metalink?repo=nonfree-fedora-nvidia-driver-39&arch=x86_64 (IP: 2607:5300:201:3100::9322) (https://mirrors.rpmfusion.org/metalink?repo=nonfree-fedora-nvidia-driver-39&arch=x86_64).
2026-07-08T16:45:57+0530 DEBUG error: Status code: 404 for https://mirrors.rpmfusion.org/metalink?repo=nonfree-fedora-nvidia-driver-39&arch=x86_64 (IP: 2607:5300:201:3100::9322) (https://mirrors.rpmfusion.org/metalink?repo=nonfree-fedora-nvidia-driver-39&arch=x86_64).
2026-07-08T16:45:58+0530 DEBUG error: Status code: 404 for https://mirrors.rpmfusion.org/metalink?repo=nonfree-fedora-nvidia-driver-39&arch=x86_64 (IP: 2607:5300:201:3100::9322) (https://mirrors.rpmfusion.org/metalink?repo=nonfree-fedora-nvidia-driver-39&arch=x86_64).
2026-07-08T16:45:58+0530 DEBUG error: Status code: 404 for https://mirrors.rpmfusion.org/metalink?repo=nonfree-fedora-nvidia-driver-39&arch=x86_64 (IP: 2607:5300:201:3100::9322) (https://mirrors.rpmfusion.org/metalink?repo=nonfree-fedora-nvidia-driver-39&arch=x86_64).
2026-07-08T16:45:59+0530 DEBUG error: Status code: 404 for https://mirrors.rpmfusion.org/metalink?repo=nonfree-fedora-nvidia-driver-39&arch=x86_64 (IP: 2607:5300:201:3100::9322) (https://mirrors.rpmfusion.org/metalink?repo=nonfree-fedora-nvidia-driver-39&arch=x86_64).
2026-07-08T16:45:59+0530 DEBUG error: Status code: 404 for https://mirrors.rpmfusion.org/metalink?repo=nonfree-fedora-nvidia-driver-39&arch=x86_64 (IP: 2607:5300:201:3100::9322) (https://mirrors.rpmfusion.org/metalink?repo=nonfree-fedora-nvidia-driver-39&arch=x86_64).
2026-07-08T16:46:00+0530 DEBUG error: Status code: 404 for https://mirrors.rpmfusion.org/metalink?repo=nonfree-fedora-nvidia-driver-39&arch=x86_64 (IP: 2607:5300:201:3100::9322) (https://mirrors.rpmfusion.org/metalink?repo=nonfree-fedora-nvidia-driver-39&arch=x86_64).
2026-07-08T16:46:00+0530 DEBUG error: Status code: 404 for https://mirrors.rpmfusion.org/metalink?repo=nonfree-fedora-nvidia-driver-39&arch=x86_64 (IP: 2607:5300:201:3100::9322) (https://mirrors.rpmfusion.org/metalink?repo=nonfree-fedora-nvidia-driver-39&arch=x86_64).
2026-07-08T16:46:00+0530 WARNING Errors during downloading metadata for repository 'rpmfusion-nonfree-nvidia-driver':
  - Status code: 404 for https://mirrors.rpmfusion.org/metalink?repo=nonfree-fedora-nvidia-driver-39&arch=x86_64 (IP: 2607:5300:201:3100::9322)
2026-07-08T16:46:00+0530 WARNING Error: Failed to download metadata for repo 'rpmfusion-nonfree-nvidia-driver': Cannot prepare internal mirrorlist: Status code: 404 for https://mirrors.rpmfusion.org/metalink?repo=nonfree-fedora-nvidia-driver-39&arch=x86_64 (IP: 2607:5300:201:3100::9322)
2026-07-08T16:46:01+0530 DEBUG reviving: 'rpmfusion-nonfree-steam' can be revived - metalink checksums match.
2026-07-08T16:46:01+0530 DEBUG rpmfusion-nonfree-steam: using metadata from Sat 23 Nov 2024 06:58:50 PM IST.
2026-07-08T16:46:01+0530 DEBUG reviving: 'rpmfusion-nonfree-updates' can be revived - metalink checksums match.
2026-07-08T16:46:01+0530 DEBUG rpmfusion-nonfree-updates: using metadata from Sat 23 Nov 2024 06:41:49 PM IST.
2026-07-08T16:46:02+0530 DEBUG reviving: 'teams-for-linux' can be revived - repomd matches.
2026-07-08T16:46:02+0530 DEBUG teams-for-linux: using metadata from Tue 16 Jun 2026 12:42:51 PM IST.
2026-07-08T16:46:02+0530 WARNING Ignoring repositories: hashicorp, rpmfusion-nonfree-nvidia-driver
2026-07-08T16:46:02+0530 DDEBUG timer: sack setup: 19977 ms
2026-07-08T16:46:02+0530 DEBUG User-Agent: constructed: 'libdnf (Fedora Linux 39; workstation; Linux.x86_64)'
2026-07-08T16:46:02+0530 DEBUG Completion plugin: Generating completion cache...
2026-07-08T16:46:04+0530 INFO Metadata cache created.
2026-07-08T16:46:04+0530 DDEBUG Cleaning up.
2026-07-08T16:46:04+0530 DDEBUG Plugins were unloaded.
2026-07-08T17:56:41+0530 INFO --- logging initialized ---
2026-07-08T17:56:41+0530 DDEBUG timer: config: 115 ms
2026-07-08T17:56:41+0530 DEBUG Loaded plugins: builddep, changelog, config-manager, copr, debug, debuginfo-install, download, generate_completion_cache, groups-manager, needs-restarting, notify-packagekit, playground, repoclosure, repodiff, repograph, repomanage, reposync, system-upgrade
2026-07-08T17:56:41+0530 DEBUG DNF version: 4.21.1
2026-07-08T17:56:41+0530 DDEBUG Command: dnf makecache --timer 
2026-07-08T17:56:41+0530 DDEBUG Installroot: /
2026-07-08T17:56:41+0530 DDEBUG Releasever: 39
2026-07-08T17:56:41+0530 DEBUG cachedir: /var/cache/dnf
2026-07-08T17:56:41+0530 DDEBUG Base command: makecache
2026-07-08T17:56:41+0530 DDEBUG Extra commands: ['makecache', '--timer']
2026-07-08T17:56:41+0530 DEBUG Making cache files for all metadata files.
2026-07-08T17:56:41+0530 INFO Metadata cache refreshed recently.
2026-07-08T17:56:41+0530 DDEBUG Cleaning up.
2026-07-08T17:56:41+0530 DDEBUG Plugins were unloaded.
2026-07-08T20:10:06+0530 INFO --- logging initialized ---
2026-07-08T20:10:06+0530 DDEBUG timer: config: 5 ms
2026-07-08T20:10:06+0530 DEBUG Loaded plugins: builddep, changelog, config-manager, copr, debug, debuginfo-install, download, generate_completion_cache, groups-manager, needs-restarting, notify-packagekit, playground, repoclosure, repodiff, repograph, repomanage, reposync, system-upgrade
2026-07-08T20:10:06+0530 DEBUG DNF version: 4.21.1
2026-07-08T20:10:06+0530 DDEBUG Command: dnf makecache --timer 
2026-07-08T20:10:06+0530 DDEBUG Installroot: /
2026-07-08T20:10:06+0530 DDEBUG Releasever: 39
2026-07-08T20:10:06+0530 DEBUG cachedir: /var/cache/dnf
2026-07-08T20:10:06+0530 DDEBUG Base command: makecache
2026-07-08T20:10:06+0530 DDEBUG Extra commands: ['makecache', '--timer']
2026-07-08T20:10:06+0530 DEBUG Making cache files for all metadata files.
2026-07-08T20:10:06+0530 DEBUG bitrix24: has expired and will be refreshed.
2026-07-08T20:10:06+0530 DEBUG brave-browser: has expired and will be refreshed.
2026-07-08T20:10:06+0530 DEBUG docker-ce-stable: has expired and will be refreshed.
2026-07-08T20:10:09+0530 DEBUG fedora: has expired and will be refreshed.
2026-07-08T20:10:09+0530 DEBUG fedora-cisco-openh264: has expired and will be refreshed.
2026-07-08T20:10:10+0530 DEBUG updates: has expired and will be refreshed.
2026-07-08T20:10:10+0530 DEBUG google-chrome: has expired and will be refreshed.
2026-07-08T20:10:10+0530 DEBUG hashicorp: has expired and will be refreshed.
2026-07-08T20:10:10+0530 DEBUG jenkins: has expired and will be refreshed.
2026-07-08T20:10:10+0530 DEBUG packages-microsoft-com-prod: has expired and will be refreshed.
2026-07-08T20:10:10+0530 DEBUG rpmfusion-free: has expired and will be refreshed.
2026-07-08T20:10:10+0530 DEBUG rpmfusion-free-updates: has expired and will be refreshed.
2026-07-08T20:10:10+0530 DEBUG rpmfusion-nonfree: has expired and will be refreshed.
2026-07-08T20:10:10+0530 DEBUG rpmfusion-nonfree-nvidia-driver: has expired and will be refreshed.
2026-07-08T20:10:10+0530 DEBUG rpmfusion-nonfree-steam: has expired and will be refreshed.
2026-07-08T20:10:10+0530 DEBUG rpmfusion-nonfree-updates: has expired and will be refreshed.
2026-07-08T20:10:10+0530 DEBUG teams-for-linux: has expired and will be refreshed.
2026-07-08T20:10:11+0530 DEBUG reviving: 'bitrix24' can be revived - repomd matches.
2026-07-08T20:10:11+0530 DEBUG bitrix24: using metadata from Mon 20 Apr 2026 09:02:48 PM IST.
2026-07-08T20:10:11+0530 DEBUG reviving: 'brave-browser' can be revived - repomd matches.
2026-07-08T20:10:11+0530 DEBUG brave-browser: using metadata from Thu 02 Jul 2026 09:14:32 PM IST.
2026-07-08T20:10:11+0530 DEBUG reviving: 'docker-ce-stable' can be revived - repomd matches.
2026-07-08T20:10:11+0530 DEBUG docker-ce-stable: using metadata from Wed 13 Nov 2024 06:00:28 PM IST.
2026-07-08T20:10:11+0530 DEBUG countme: no event for fedora: window already counted
2026-07-08T20:10:11+0530 DEBUG reviving: 'fedora' can be revived - metalink checksums match.
2026-07-08T20:10:18+0530 DEBUG fedora: using metadata from Wed 01 Nov 2023 05:42:39 AM IST.
2026-07-08T20:10:18+0530 DEBUG reviving: 'fedora-cisco-openh264' can be revived - metalink checksums match.
2026-07-08T20:10:18+0530 DEBUG fedora-cisco-openh264: using metadata from Tue 12 Mar 2024 05:43:24 PM IST.
2026-07-08T20:10:18+0530 DEBUG countme: no event for updates: window already counted
2026-07-08T20:10:18+0530 DEBUG reviving: 'updates' can be revived - metalink checksums match.
2026-07-08T20:10:23+0530 DEBUG updates: using metadata from Tue 26 Nov 2024 10:05:09 PM IST.
2026-07-08T20:10:23+0530 DEBUG reviving: failed for 'google-chrome', mismatched repomd.
2026-07-08T20:10:23+0530 DEBUG repo: downloading from remote: google-chrome
2026-07-08T20:10:23+0530 DEBUG google-chrome: using metadata from Wed 08 Jul 2026 07:02:41 PM IST.
2026-07-08T20:10:23+0530 DEBUG repo: downloading from remote: hashicorp
2026-07-08T20:10:24+0530 DEBUG error: Status code: 404 for https://rpm.releases.hashicorp.com/fedora/39/x86_64/stable/repodata/repomd.xml (IP: 2600:9000:21b4:6000:18:566b:ecc0:93a1) (https://rpm.releases.hashicorp.com/fedora/39/x86_64/stable/repodata/repomd.xml).
2026-07-08T20:10:24+0530 WARNING Errors during downloading metadata for repository 'hashicorp':
  - Status code: 404 for https://rpm.releases.hashicorp.com/fedora/39/x86_64/stable/repodata/repomd.xml (IP: 2600:9000:21b4:6000:18:566b:ecc0:93a1)
2026-07-08T20:10:24+0530 WARNING Error: Failed to download metadata for repo 'hashicorp': Cannot download repomd.xml: Status code: 404 for https://rpm.releases.hashicorp.com/fedora/39/x86_64/stable/repodata/repomd.xml (IP: 2600:9000:21b4:6000:18:566b:ecc0:93a1)
2026-07-08T20:10:25+0530 DEBUG reviving: 'jenkins' can be revived - repomd matches.
2026-07-08T20:10:25+0530 DEBUG jenkins: using metadata from Tue 09 Jun 2026 12:44:35 PM IST.
2026-07-08T20:10:26+0530 DEBUG reviving: 'packages-microsoft-com-prod' can be revived - repomd matches.
2026-07-08T20:10:26+0530 DEBUG packages-microsoft-com-prod: using metadata from Tue 07 Jul 2026 10:33:15 AM IST.
2026-07-08T20:10:27+0530 DEBUG reviving: 'rpmfusion-free' can be revived - metalink checksums match.
2026-07-08T20:10:27+0530 DEBUG rpmfusion-free: using metadata from Sat 04 Nov 2023 10:19:08 PM IST.
2026-07-08T20:10:28+0530 DEBUG reviving: 'rpmfusion-free-updates' can be revived - metalink checksums match.
2026-07-08T20:10:28+0530 DEBUG rpmfusion-free-updates: using metadata from Sat 23 Nov 2024 06:15:37 PM IST.
2026-07-08T20:10:29+0530 DEBUG reviving: 'rpmfusion-nonfree' can be revived - metalink checksums match.
2026-07-08T20:10:29+0530 DEBUG rpmfusion-nonfree: using metadata from Sat 04 Nov 2023 10:56:32 PM IST.
2026-07-08T20:10:30+0530 DEBUG error: Status code: 404 for https://mirrors.rpmfusion.org/metalink?repo=nonfree-fedora-nvidia-driver-39&arch=x86_64 (IP: 2607:5300:201:3100::9322) (https://mirrors.rpmfusion.org/metalink?repo=nonfree-fedora-nvidia-driver-39&arch=x86_64).
2026-07-08T20:10:30+0530 DEBUG error: Status code: 404 for https://mirrors.rpmfusion.org/metalink?repo=nonfree-fedora-nvidia-driver-39&arch=x86_64 (IP: 2607:5300:201:3100::9322) (https://mirrors.rpmfusion.org/metalink?repo=nonfree-fedora-nvidia-driver-39&arch=x86_64).
2026-07-08T20:10:31+0530 DEBUG error: Status code: 404 for https://mirrors.rpmfusion.org/metalink?repo=nonfree-fedora-nvidia-driver-39&arch=x86_64 (IP: 2607:5300:201:3100::9322) (https://mirrors.rpmfusion.org/metalink?repo=nonfree-fedora-nvidia-driver-39&arch=x86_64).
2026-07-08T20:10:31+0530 DEBUG error: Status code: 404 for https://mirrors.rpmfusion.org/metalink?repo=nonfree-fedora-nvidia-driver-39&arch=x86_64 (IP: 2607:5300:201:3100::9322) (https://mirrors.rpmfusion.org/metalink?repo=nonfree-fedora-nvidia-driver-39&arch=x86_64).
2026-07-08T20:10:32+0530 DEBUG error: Status code: 404 for https://mirrors.rpmfusion.org/metalink?repo=nonfree-fedora-nvidia-driver-39&arch=x86_64 (IP: 2607:5300:201:3100::9322) (https://mirrors.rpmfusion.org/metalink?repo=nonfree-fedora-nvidia-driver-39&arch=x86_64).
2026-07-08T20:10:33+0530 DEBUG error: Status code: 404 for https://mirrors.rpmfusion.org/metalink?repo=nonfree-fedora-nvidia-driver-39&arch=x86_64 (IP: 2607:5300:201:3100::9322) (https://mirrors.rpmfusion.org/metalink?repo=nonfree-fedora-nvidia-driver-39&arch=x86_64).
2026-07-08T20:10:35+0530 DEBUG error: Status code: 404 for https://mirrors.rpmfusion.org/metalink?repo=nonfree-fedora-nvidia-driver-39&arch=x86_64 (IP: 2607:5300:201:3100::9322) (https://mirrors.rpmfusion.org/metalink?repo=nonfree-fedora-nvidia-driver-39&arch=x86_64).
2026-07-08T20:10:36+0530 DEBUG error: Status code: 404 for https://mirrors.rpmfusion.org/metalink?repo=nonfree-fedora-nvidia-driver-39&arch=x86_64 (IP: 2607:5300:201:3100::9322) (https://mirrors.rpmfusion.org/metalink?repo=nonfree-fedora-nvidia-driver-39&arch=x86_64).
2026-07-08T20:10:37+0530 DEBUG error: Status code: 404 for https://mirrors.rpmfusion.org/metalink?repo=nonfree-fedora-nvidia-driver-39&arch=x86_64 (IP: 2607:5300:201:3100::9322) (https://mirrors.rpmfusion.org/metalink?repo=nonfree-fedora-nvidia-driver-39&arch=x86_64).
2026-07-08T20:10:40+0530 DEBUG error: Status code: 404 for https://mirrors.rpmfusion.org/metalink?repo=nonfree-fedora-nvidia-driver-39&arch=x86_64 (IP: 2607:5300:201:3100::9322) (https://mirrors.rpmfusion.org/metalink?repo=nonfree-fedora-nvidia-driver-39&arch=x86_64).
2026-07-08T20:10:40+0530 DEBUG error: Status code: 404 for https://mirrors.rpmfusion.org/metalink?repo=nonfree-fedora-nvidia-driver-39&arch=x86_64 (IP: 2607:5300:201:3100::9322) (https://mirrors.rpmfusion.org/metalink?repo=nonfree-fedora-nvidia-driver-39&arch=x86_64).
2026-07-08T20:10:41+0530 DEBUG error: Status code: 404 for https://mirrors.rpmfusion.org/metalink?repo=nonfree-fedora-nvidia-driver-39&arch=x86_64 (IP: 2607:5300:201:3100::9322) (https://mirrors.rpmfusion.org/metalink?repo=nonfree-fedora-nvidia-driver-39&arch=x86_64).
2026-07-08T20:10:41+0530 WARNING Errors during downloading metadata for repository 'rpmfusion-nonfree-nvidia-driver':
  - Status code: 404 for https://mirrors.rpmfusion.org/metalink?repo=nonfree-fedora-nvidia-driver-39&arch=x86_64 (IP: 2607:5300:201:3100::9322)
2026-07-08T20:10:41+0530 WARNING Error: Failed to download metadata for repo 'rpmfusion-nonfree-nvidia-driver': Cannot prepare internal mirrorlist: Status code: 404 for https://mirrors.rpmfusion.org/metalink?repo=nonfree-fedora-nvidia-driver-39&arch=x86_64 (IP: 2607:5300:201:3100::9322)
2026-07-08T20:10:41+0530 DEBUG reviving: 'rpmfusion-nonfree-steam' can be revived - metalink checksums match.
2026-07-08T20:10:41+0530 DEBUG rpmfusion-nonfree-steam: using metadata from Sat 23 Nov 2024 06:58:50 PM IST.
2026-07-08T20:10:42+0530 DEBUG reviving: 'rpmfusion-nonfree-updates' can be revived - metalink checksums match.
2026-07-08T20:10:42+0530 DEBUG rpmfusion-nonfree-updates: using metadata from Sat 23 Nov 2024 06:41:49 PM IST.
2026-07-08T20:10:43+0530 DEBUG reviving: 'teams-for-linux' can be revived - repomd matches.
2026-07-08T20:10:43+0530 DEBUG teams-for-linux: using metadata from Tue 16 Jun 2026 12:42:51 PM IST.
2026-07-08T20:10:43+0530 WARNING Ignoring repositories: hashicorp, rpmfusion-nonfree-nvidia-driver
2026-07-08T20:10:43+0530 DDEBUG timer: sack setup: 32359 ms
2026-07-08T20:10:43+0530 DEBUG User-Agent: constructed: 'libdnf (Fedora Linux 39; workstation; Linux.x86_64)'
2026-07-08T20:10:43+0530 DEBUG Completion plugin: Generating completion cache...
2026-07-08T20:10:44+0530 INFO Metadata cache created.
2026-07-08T20:10:44+0530 DDEBUG Cleaning up.
2026-07-08T20:10:44+0530 DDEBUG Plugins were unloaded.
2026-07-09T14:27:33+0530 INFO --- logging initialized ---
2026-07-09T14:27:33+0530 DDEBUG timer: config: 106 ms
2026-07-09T14:27:33+0530 DEBUG Loaded plugins: builddep, changelog, config-manager, copr, debug, debuginfo-install, download, generate_completion_cache, groups-manager, needs-restarting, notify-packagekit, playground, repoclosure, repodiff, repograph, repomanage, reposync, system-upgrade
2026-07-09T14:27:33+0530 DEBUG DNF version: 4.21.1
2026-07-09T14:27:33+0530 DDEBUG Command: dnf makecache --timer 
2026-07-09T14:27:33+0530 DDEBUG Installroot: /
2026-07-09T14:27:33+0530 DDEBUG Releasever: 39
2026-07-09T14:27:33+0530 DEBUG cachedir: /var/cache/dnf
2026-07-09T14:27:33+0530 DDEBUG Base command: makecache
2026-07-09T14:27:33+0530 DDEBUG Extra commands: ['makecache', '--timer']
2026-07-09T14:27:33+0530 DEBUG Making cache files for all metadata files.
2026-07-09T14:27:33+0530 DEBUG bitrix24: has expired and will be refreshed.
2026-07-09T14:27:33+0530 DEBUG brave-browser: has expired and will be refreshed.
2026-07-09T14:27:33+0530 DEBUG docker-ce-stable: has expired and will be refreshed.
2026-07-09T14:27:35+0530 DEBUG fedora: has expired and will be refreshed.
2026-07-09T14:27:35+0530 DEBUG fedora-cisco-openh264: has expired and will be refreshed.
2026-07-09T14:27:35+0530 DEBUG updates: has expired and will be refreshed.
2026-07-09T14:27:35+0530 DEBUG google-chrome: has expired and will be refreshed.
2026-07-09T14:27:35+0530 DEBUG hashicorp: has expired and will be refreshed.
2026-07-09T14:27:36+0530 DEBUG jenkins: has expired and will be refreshed.
2026-07-09T14:27:36+0530 DEBUG packages-microsoft-com-prod: has expired and will be refreshed.
2026-07-09T14:27:36+0530 DEBUG rpmfusion-free: has expired and will be refreshed.
2026-07-09T14:27:36+0530 DEBUG rpmfusion-free-updates: has expired and will be refreshed.
2026-07-09T14:27:36+0530 DEBUG rpmfusion-nonfree: has expired and will be refreshed.
2026-07-09T14:27:36+0530 DEBUG rpmfusion-nonfree-nvidia-driver: has expired and will be refreshed.
2026-07-09T14:27:36+0530 DEBUG rpmfusion-nonfree-steam: has expired and will be refreshed.
2026-07-09T14:27:36+0530 DEBUG rpmfusion-nonfree-updates: has expired and will be refreshed.
2026-07-09T14:27:36+0530 DEBUG teams-for-linux: has expired and will be refreshed.
2026-07-09T14:27:36+0530 DEBUG reviving: 'bitrix24' can be revived - repomd matches.
2026-07-09T14:27:36+0530 DEBUG bitrix24: using metadata from Mon 20 Apr 2026 09:02:48 PM IST.
2026-07-09T14:27:36+0530 DEBUG reviving: failed for 'brave-browser', mismatched repomd.
2026-07-09T14:27:36+0530 DEBUG repo: downloading from remote: brave-browser
2026-07-09T14:27:36+0530 DEBUG brave-browser: using metadata from Wed 08 Jul 2026 11:49:06 PM IST.
2026-07-09T14:27:36+0530 DEBUG reviving: 'docker-ce-stable' can be revived - repomd matches.
2026-07-09T14:27:36+0530 DEBUG docker-ce-stable: using metadata from Wed 13 Nov 2024 06:00:28 PM IST.
2026-07-09T14:27:36+0530 DEBUG countme: no event for fedora: window already counted
2026-07-09T14:27:37+0530 DEBUG reviving: 'fedora' can be revived - metalink checksums match.
2026-07-09T14:27:39+0530 DEBUG fedora: using metadata from Wed 01 Nov 2023 05:42:39 AM IST.
2026-07-09T14:27:39+0530 DEBUG reviving: 'fedora-cisco-openh264' can be revived - metalink checksums match.
2026-07-09T14:27:40+0530 DEBUG fedora-cisco-openh264: using metadata from Tue 12 Mar 2024 05:43:24 PM IST.
2026-07-09T14:27:40+0530 DEBUG countme: no event for updates: window already counted
2026-07-09T14:27:40+0530 DEBUG reviving: 'updates' can be revived - metalink checksums match.
2026-07-09T14:27:43+0530 DEBUG updates: using metadata from Tue 26 Nov 2024 10:05:09 PM IST.
2026-07-09T14:27:43+0530 DEBUG reviving: failed for 'google-chrome', mismatched repomd.
2026-07-09T14:27:43+0530 DEBUG repo: downloading from remote: google-chrome
2026-07-09T14:27:44+0530 DEBUG google-chrome: using metadata from Thu 09 Jul 2026 05:25:55 AM IST.
2026-07-09T14:27:44+0530 DEBUG repo: downloading from remote: hashicorp
2026-07-09T14:27:45+0530 DEBUG error: Status code: 404 for https://rpm.releases.hashicorp.com/fedora/39/x86_64/stable/repodata/repomd.xml (IP: 2600:9000:21b4:2c00:18:566b:ecc0:93a1) (https://rpm.releases.hashicorp.com/fedora/39/x86_64/stable/repodata/repomd.xml).
2026-07-09T14:27:45+0530 WARNING Errors during downloading metadata for repository 'hashicorp':
  - Status code: 404 for https://rpm.releases.hashicorp.com/fedora/39/x86_64/stable/repodata/repomd.xml (IP: 2600:9000:21b4:2c00:18:566b:ecc0:93a1)
2026-07-09T14:27:45+0530 WARNING Error: Failed to download metadata for repo 'hashicorp': Cannot download repomd.xml: Status code: 404 for https://rpm.releases.hashicorp.com/fedora/39/x86_64/stable/repodata/repomd.xml (IP: 2600:9000:21b4:2c00:18:566b:ecc0:93a1)
2026-07-09T14:27:46+0530 DEBUG reviving: 'jenkins' can be revived - repomd matches.
2026-07-09T14:27:46+0530 DEBUG jenkins: using metadata from Tue 09 Jun 2026 12:44:35 PM IST.
2026-07-09T14:27:48+0530 DEBUG reviving: 'packages-microsoft-com-prod' can be revived - repomd matches.
2026-07-09T14:27:48+0530 DEBUG packages-microsoft-com-prod: using metadata from Tue 07 Jul 2026 10:33:15 AM IST.
2026-07-09T14:27:49+0530 DEBUG reviving: 'rpmfusion-free' can be revived - metalink checksums match.
2026-07-09T14:27:49+0530 DEBUG rpmfusion-free: using metadata from Sat 04 Nov 2023 10:19:08 PM IST.
2026-07-09T14:27:49+0530 DEBUG reviving: 'rpmfusion-free-updates' can be revived - metalink checksums match.
2026-07-09T14:27:49+0530 DEBUG rpmfusion-free-updates: using metadata from Sat 23 Nov 2024 06:15:37 PM IST.
2026-07-09T14:27:50+0530 DEBUG reviving: 'rpmfusion-nonfree' can be revived - metalink checksums match.
2026-07-09T14:27:50+0530 DEBUG rpmfusion-nonfree: using metadata from Sat 04 Nov 2023 10:56:32 PM IST.
2026-07-09T14:27:51+0530 DEBUG error: Status code: 404 for https://mirrors.rpmfusion.org/metalink?repo=nonfree-fedora-nvidia-driver-39&arch=x86_64 (IP: 2607:5300:201:3100::9322) (https://mirrors.rpmfusion.org/metalink?repo=nonfree-fedora-nvidia-driver-39&arch=x86_64).
2026-07-09T14:27:51+0530 DEBUG error: Status code: 404 for https://mirrors.rpmfusion.org/metalink?repo=nonfree-fedora-nvidia-driver-39&arch=x86_64 (IP: 2607:5300:201:3100::9322) (https://mirrors.rpmfusion.org/metalink?repo=nonfree-fedora-nvidia-driver-39&arch=x86_64).
2026-07-09T14:27:52+0530 DEBUG error: Status code: 404 for https://mirrors.rpmfusion.org/metalink?repo=nonfree-fedora-nvidia-driver-39&arch=x86_64 (IP: 2607:5300:201:3100::9322) (https://mirrors.rpmfusion.org/metalink?repo=nonfree-fedora-nvidia-driver-39&arch=x86_64).
2026-07-09T14:27:52+0530 DEBUG error: Status code: 404 for https://mirrors.rpmfusion.org/metalink?repo=nonfree-fedora-nvidia-driver-39&arch=x86_64 (IP: 2607:5300:201:3100::9322) (https://mirrors.rpmfusion.org/metalink?repo=nonfree-fedora-nvidia-driver-39&arch=x86_64).
2026-07-09T14:27:53+0530 DEBUG error: Status code: 404 for https://mirrors.rpmfusion.org/metalink?repo=nonfree-fedora-nvidia-driver-39&arch=x86_64 (IP: 2607:5300:201:3100::9322) (https://mirrors.rpmfusion.org/metalink?repo=nonfree-fedora-nvidia-driver-39&arch=x86_64).
2026-07-09T14:27:54+0530 DEBUG error: Status code: 404 for https://mirrors.rpmfusion.org/metalink?repo=nonfree-fedora-nvidia-driver-39&arch=x86_64 (IP: 2607:5300:201:3100::9322) (https://mirrors.rpmfusion.org/metalink?repo=nonfree-fedora-nvidia-driver-39&arch=x86_64).
2026-07-09T14:27:54+0530 DEBUG error: Status code: 404 for https://mirrors.rpmfusion.org/metalink?repo=nonfree-fedora-nvidia-driver-39&arch=x86_64 (IP: 2607:5300:201:3100::9322) (https://mirrors.rpmfusion.org/metalink?repo=nonfree-fedora-nvidia-driver-39&arch=x86_64).
2026-07-09T14:27:54+0530 DEBUG error: Status code: 404 for https://mirrors.rpmfusion.org/metalink?repo=nonfree-fedora-nvidia-driver-39&arch=x86_64 (IP: 2607:5300:201:3100::9322) (https://mirrors.rpmfusion.org/metalink?repo=nonfree-fedora-nvidia-driver-39&arch=x86_64).
2026-07-09T14:27:55+0530 DEBUG error: Status code: 404 for https://mirrors.rpmfusion.org/metalink?repo=nonfree-fedora-nvidia-driver-39&arch=x86_64 (IP: 2607:5300:201:3100::9322) (https://mirrors.rpmfusion.org/metalink?repo=nonfree-fedora-nvidia-driver-39&arch=x86_64).
2026-07-09T14:27:55+0530 DEBUG error: Status code: 404 for https://mirrors.rpmfusion.org/metalink?repo=nonfree-fedora-nvidia-driver-39&arch=x86_64 (IP: 2607:5300:201:3100::9322) (https://mirrors.rpmfusion.org/metalink?repo=nonfree-fedora-nvidia-driver-39&arch=x86_64).
2026-07-09T14:27:56+0530 DEBUG error: Status code: 404 for https://mirrors.rpmfusion.org/metalink?repo=nonfree-fedora-nvidia-driver-39&arch=x86_64 (IP: 2607:5300:201:3100::9322) (https://mirrors.rpmfusion.org/metalink?repo=nonfree-fedora-nvidia-driver-39&arch=x86_64).
2026-07-09T14:27:56+0530 DEBUG error: Status code: 404 for https://mirrors.rpmfusion.org/metalink?repo=nonfree-fedora-nvidia-driver-39&arch=x86_64 (IP: 2607:5300:201:3100::9322) (https://mirrors.rpmfusion.org/metalink?repo=nonfree-fedora-nvidia-driver-39&arch=x86_64).
2026-07-09T14:27:56+0530 WARNING Errors during downloading metadata for repository 'rpmfusion-nonfree-nvidia-driver':
  - Status code: 404 for https://mirrors.rpmfusion.org/metalink?repo=nonfree-fedora-nvidia-driver-39&arch=x86_64 (IP: 2607:5300:201:3100::9322)
2026-07-09T14:27:56+0530 WARNING Error: Failed to download metadata for repo 'rpmfusion-nonfree-nvidia-driver': Cannot prepare internal mirrorlist: Status code: 404 for https://mirrors.rpmfusion.org/metalink?repo=nonfree-fedora-nvidia-driver-39&arch=x86_64 (IP: 2607:5300:201:3100::9322)
2026-07-09T14:27:57+0530 DEBUG reviving: 'rpmfusion-nonfree-steam' can be revived - metalink checksums match.
2026-07-09T14:27:57+0530 DEBUG rpmfusion-nonfree-steam: using metadata from Sat 23 Nov 2024 06:58:50 PM IST.
2026-07-09T14:27:57+0530 DEBUG reviving: 'rpmfusion-nonfree-updates' can be revived - metalink checksums match.
2026-07-09T14:27:57+0530 DEBUG rpmfusion-nonfree-updates: using metadata from Sat 23 Nov 2024 06:41:49 PM IST.
2026-07-09T14:27:58+0530 DEBUG reviving: 'teams-for-linux' can be revived - repomd matches.
2026-07-09T14:27:58+0530 DEBUG teams-for-linux: using metadata from Tue 16 Jun 2026 12:42:51 PM IST.
2026-07-09T14:27:58+0530 WARNING Ignoring repositories: hashicorp, rpmfusion-nonfree-nvidia-driver
2026-07-09T14:27:58+0530 DDEBUG timer: sack setup: 22220 ms
2026-07-09T14:27:58+0530 DEBUG User-Agent: constructed: 'libdnf (Fedora Linux 39; workstation; Linux.x86_64)'
2026-07-09T14:27:58+0530 DEBUG Completion plugin: Generating completion cache...
2026-07-09T14:28:01+0530 INFO Metadata cache created.
2026-07-09T14:28:01+0530 DDEBUG Cleaning up.
2026-07-09T14:28:01+0530 DDEBUG Plugins were unloaded.
2026-07-09T15:29:05+0530 INFO --- logging initialized ---
2026-07-09T15:29:05+0530 DDEBUG timer: config: 49 ms
2026-07-09T15:29:05+0530 DEBUG Loaded plugins: builddep, changelog, config-manager, copr, debug, debuginfo-install, download, generate_completion_cache, groups-manager, needs-restarting, notify-packagekit, playground, repoclosure, repodiff, repograph, repomanage, reposync, system-upgrade
2026-07-09T15:29:05+0530 DEBUG DNF version: 4.21.1
2026-07-09T15:29:05+0530 DDEBUG Command: dnf makecache --timer 
2026-07-09T15:29:05+0530 DDEBUG Installroot: /
2026-07-09T15:29:05+0530 DDEBUG Releasever: 39
2026-07-09T15:29:05+0530 DEBUG cachedir: /var/cache/dnf
2026-07-09T15:29:05+0530 DDEBUG Base command: makecache
2026-07-09T15:29:05+0530 DDEBUG Extra commands: ['makecache', '--timer']
2026-07-09T15:29:05+0530 DEBUG Making cache files for all metadata files.
2026-07-09T15:29:05+0530 INFO Metadata cache refreshed recently.
2026-07-09T15:29:05+0530 DDEBUG Cleaning up.
2026-07-09T15:29:05+0530 DDEBUG Plugins were unloaded.
2026-07-09T19:37:51+0530 INFO --- logging initialized ---
2026-07-09T19:37:51+0530 DDEBUG timer: config: 184 ms
2026-07-09T19:37:51+0530 DEBUG Loaded plugins: builddep, changelog, config-manager, copr, debug, debuginfo-install, download, generate_completion_cache, groups-manager, needs-restarting, notify-packagekit, playground, repoclosure, repodiff, repograph, repomanage, reposync, system-upgrade
2026-07-09T19:37:51+0530 DEBUG DNF version: 4.21.1
2026-07-09T19:37:51+0530 DDEBUG Command: dnf makecache --timer 
2026-07-09T19:37:51+0530 DDEBUG Installroot: /
2026-07-09T19:37:51+0530 DDEBUG Releasever: 39
2026-07-09T19:37:51+0530 DEBUG cachedir: /var/cache/dnf
2026-07-09T19:37:51+0530 DDEBUG Base command: makecache
2026-07-09T19:37:51+0530 DDEBUG Extra commands: ['makecache', '--timer']
2026-07-09T19:37:51+0530 DEBUG Making cache files for all metadata files.
2026-07-09T19:37:51+0530 DEBUG bitrix24: has expired and will be refreshed.
2026-07-09T19:37:51+0530 DEBUG brave-browser: has expired and will be refreshed.
2026-07-09T19:37:51+0530 DEBUG docker-ce-stable: has expired and will be refreshed.
2026-07-09T19:37:54+0530 DEBUG fedora: has expired and will be refreshed.
2026-07-09T19:37:54+0530 DEBUG fedora-cisco-openh264: has expired and will be refreshed.
2026-07-09T19:37:54+0530 DEBUG updates: has expired and will be refreshed.
2026-07-09T19:37:54+0530 DEBUG google-chrome: has expired and will be refreshed.
2026-07-09T19:37:54+0530 DEBUG hashicorp: has expired and will be refreshed.
2026-07-09T19:37:54+0530 DEBUG jenkins: has expired and will be refreshed.
2026-07-09T19:37:54+0530 DEBUG packages-microsoft-com-prod: has expired and will be refreshed.
2026-07-09T19:37:54+0530 DEBUG rpmfusion-free: has expired and will be refreshed.
2026-07-09T19:37:54+0530 DEBUG rpmfusion-free-updates: has expired and will be refreshed.
2026-07-09T19:37:54+0530 DEBUG rpmfusion-nonfree: has expired and will be refreshed.
2026-07-09T19:37:54+0530 DEBUG rpmfusion-nonfree-nvidia-driver: has expired and will be refreshed.
2026-07-09T19:37:54+0530 DEBUG rpmfusion-nonfree-steam: has expired and will be refreshed.
2026-07-09T19:37:54+0530 DEBUG rpmfusion-nonfree-updates: has expired and will be refreshed.
2026-07-09T19:37:54+0530 DEBUG teams-for-linux: has expired and will be refreshed.
2026-07-09T19:37:56+0530 DEBUG reviving: 'bitrix24' can be revived - repomd matches.
2026-07-09T19:37:56+0530 DEBUG bitrix24: using metadata from Mon 20 Apr 2026 09:02:48 PM IST.
2026-07-09T19:37:56+0530 DEBUG reviving: 'brave-browser' can be revived - repomd matches.
2026-07-09T19:37:56+0530 DEBUG brave-browser: using metadata from Wed 08 Jul 2026 11:49:06 PM IST.
2026-07-09T19:37:56+0530 DEBUG reviving: 'docker-ce-stable' can be revived - repomd matches.
2026-07-09T19:37:56+0530 DEBUG docker-ce-stable: using metadata from Wed 13 Nov 2024 06:00:28 PM IST.
2026-07-09T19:37:56+0530 DEBUG countme: no event for fedora: window already counted
2026-07-09T19:37:56+0530 DEBUG reviving: 'fedora' can be revived - metalink checksums match.
2026-07-09T19:37:59+0530 DEBUG fedora: using metadata from Wed 01 Nov 2023 05:42:39 AM IST.
2026-07-09T19:37:59+0530 DEBUG reviving: 'fedora-cisco-openh264' can be revived - metalink checksums match.
2026-07-09T19:37:59+0530 DEBUG fedora-cisco-openh264: using metadata from Tue 12 Mar 2024 05:43:24 PM IST.
2026-07-09T19:37:59+0530 DEBUG countme: no event for updates: window already counted
2026-07-09T19:38:00+0530 DEBUG reviving: 'updates' can be revived - metalink checksums match.
2026-07-09T19:38:01+0530 DEBUG updates: using metadata from Tue 26 Nov 2024 10:05:09 PM IST.
2026-07-09T19:38:01+0530 DEBUG reviving: failed for 'google-chrome', mismatched repomd.
2026-07-09T19:38:01+0530 DEBUG repo: downloading from remote: google-chrome
2026-07-09T19:38:02+0530 DEBUG google-chrome: using metadata from Thu 09 Jul 2026 03:43:21 PM IST.
2026-07-09T19:38:02+0530 DEBUG repo: downloading from remote: hashicorp
2026-07-09T19:38:03+0530 DEBUG error: Status code: 404 for https://rpm.releases.hashicorp.com/fedora/39/x86_64/stable/repodata/repomd.xml (IP: 2600:9000:21b4:c600:18:566b:ecc0:93a1) (https://rpm.releases.hashicorp.com/fedora/39/x86_64/stable/repodata/repomd.xml).
2026-07-09T19:38:03+0530 WARNING Errors during downloading metadata for repository 'hashicorp':
  - Status code: 404 for https://rpm.releases.hashicorp.com/fedora/39/x86_64/stable/repodata/repomd.xml (IP: 2600:9000:21b4:c600:18:566b:ecc0:93a1)
2026-07-09T19:38:03+0530 WARNING Error: Failed to download metadata for repo 'hashicorp': Cannot download repomd.xml: Status code: 404 for https://rpm.releases.hashicorp.com/fedora/39/x86_64/stable/repodata/repomd.xml (IP: 2600:9000:21b4:c600:18:566b:ecc0:93a1)
2026-07-09T19:38:05+0530 DEBUG reviving: 'jenkins' can be revived - repomd matches.
2026-07-09T19:38:05+0530 DEBUG jenkins: using metadata from Tue 09 Jun 2026 12:44:35 PM IST.
2026-07-09T19:38:08+0530 DEBUG reviving: 'packages-microsoft-com-prod' can be revived - repomd matches.
2026-07-09T19:38:08+0530 DEBUG packages-microsoft-com-prod: using metadata from Tue 07 Jul 2026 10:33:15 AM IST.
2026-07-09T19:38:09+0530 DEBUG reviving: 'rpmfusion-free' can be revived - metalink checksums match.
2026-07-09T19:38:09+0530 DEBUG rpmfusion-free: using metadata from Sat 04 Nov 2023 10:19:08 PM IST.
2026-07-09T19:38:10+0530 DEBUG reviving: 'rpmfusion-free-updates' can be revived - metalink checksums match.
2026-07-09T19:38:10+0530 DEBUG rpmfusion-free-updates: using metadata from Sat 23 Nov 2024 06:15:37 PM IST.
2026-07-09T19:38:11+0530 DEBUG reviving: 'rpmfusion-nonfree' can be revived - metalink checksums match.
2026-07-09T19:38:11+0530 DEBUG rpmfusion-nonfree: using metadata from Sat 04 Nov 2023 10:56:32 PM IST.
2026-07-09T19:38:12+0530 DEBUG error: Status code: 404 for https://mirrors.rpmfusion.org/metalink?repo=nonfree-fedora-nvidia-driver-39&arch=x86_64 (IP: 2607:5300:201:3100::9322) (https://mirrors.rpmfusion.org/metalink?repo=nonfree-fedora-nvidia-driver-39&arch=x86_64).
2026-07-09T19:38:13+0530 DEBUG error: Status code: 404 for https://mirrors.rpmfusion.org/metalink?repo=nonfree-fedora-nvidia-driver-39&arch=x86_64 (IP: 2607:5300:201:3100::9322) (https://mirrors.rpmfusion.org/metalink?repo=nonfree-fedora-nvidia-driver-39&arch=x86_64).
2026-07-09T19:38:13+0530 DEBUG error: Status code: 404 for https://mirrors.rpmfusion.org/metalink?repo=nonfree-fedora-nvidia-driver-39&arch=x86_64 (IP: 2607:5300:201:3100::9322) (https://mirrors.rpmfusion.org/metalink?repo=nonfree-fedora-nvidia-driver-39&arch=x86_64).
2026-07-09T19:38:14+0530 DEBUG error: Status code: 404 for https://mirrors.rpmfusion.org/metalink?repo=nonfree-fedora-nvidia-driver-39&arch=x86_64 (IP: 2607:5300:201:3100::9322) (https://mirrors.rpmfusion.org/metalink?repo=nonfree-fedora-nvidia-driver-39&arch=x86_64).
2026-07-09T19:38:16+0530 DEBUG error: Status code: 404 for https://mirrors.rpmfusion.org/metalink?repo=nonfree-fedora-nvidia-driver-39&arch=x86_64 (IP: 2607:5300:201:3100::9322) (https://mirrors.rpmfusion.org/metalink?repo=nonfree-fedora-nvidia-driver-39&arch=x86_64).
2026-07-09T19:38:17+0530 DEBUG error: Status code: 404 for https://mirrors.rpmfusion.org/metalink?repo=nonfree-fedora-nvidia-driver-39&arch=x86_64 (IP: 2607:5300:201:3100::9322) (https://mirrors.rpmfusion.org/metalink?repo=nonfree-fedora-nvidia-driver-39&arch=x86_64).
2026-07-09T19:38:17+0530 DEBUG error: Status code: 404 for https://mirrors.rpmfusion.org/metalink?repo=nonfree-fedora-nvidia-driver-39&arch=x86_64 (IP: 2607:5300:201:3100::9322) (https://mirrors.rpmfusion.org/metalink?repo=nonfree-fedora-nvidia-driver-39&arch=x86_64).
2026-07-09T19:38:18+0530 DEBUG error: Status code: 404 for https://mirrors.rpmfusion.org/metalink?repo=nonfree-fedora-nvidia-driver-39&arch=x86_64 (IP: 2607:5300:201:3100::9322) (https://mirrors.rpmfusion.org/metalink?repo=nonfree-fedora-nvidia-driver-39&arch=x86_64).
2026-07-09T19:38:19+0530 DEBUG error: Status code: 404 for https://mirrors.rpmfusion.org/metalink?repo=nonfree-fedora-nvidia-driver-39&arch=x86_64 (IP: 2607:5300:201:3100::9322) (https://mirrors.rpmfusion.org/metalink?repo=nonfree-fedora-nvidia-driver-39&arch=x86_64).
2026-07-09T19:38:20+0530 DEBUG error: Status code: 404 for https://mirrors.rpmfusion.org/metalink?repo=nonfree-fedora-nvidia-driver-39&arch=x86_64 (IP: 2607:5300:201:3100::9322) (https://mirrors.rpmfusion.org/metalink?repo=nonfree-fedora-nvidia-driver-39&arch=x86_64).
2026-07-09T19:38:21+0530 DEBUG error: Status code: 404 for https://mirrors.rpmfusion.org/metalink?repo=nonfree-fedora-nvidia-driver-39&arch=x86_64 (IP: 2607:5300:201:3100::9322) (https://mirrors.rpmfusion.org/metalink?repo=nonfree-fedora-nvidia-driver-39&arch=x86_64).
2026-07-09T19:38:21+0530 DEBUG error: Status code: 404 for https://mirrors.rpmfusion.org/metalink?repo=nonfree-fedora-nvidia-driver-39&arch=x86_64 (IP: 2607:5300:201:3100::9322) (https://mirrors.rpmfusion.org/metalink?repo=nonfree-fedora-nvidia-driver-39&arch=x86_64).
2026-07-09T19:38:21+0530 WARNING Errors during downloading metadata for repository 'rpmfusion-nonfree-nvidia-driver':
  - Status code: 404 for https://mirrors.rpmfusion.org/metalink?repo=nonfree-fedora-nvidia-driver-39&arch=x86_64 (IP: 2607:5300:201:3100::9322)
2026-07-09T19:38:21+0530 WARNING Error: Failed to download metadata for repo 'rpmfusion-nonfree-nvidia-driver': Cannot prepare internal mirrorlist: Status code: 404 for https://mirrors.rpmfusion.org/metalink?repo=nonfree-fedora-nvidia-driver-39&arch=x86_64 (IP: 2607:5300:201:3100::9322)
2026-07-09T19:38:22+0530 DEBUG reviving: 'rpmfusion-nonfree-steam' can be revived - metalink checksums match.
2026-07-09T19:38:22+0530 DEBUG rpmfusion-nonfree-steam: using metadata from Sat 23 Nov 2024 06:58:50 PM IST.
2026-07-09T19:38:23+0530 DEBUG reviving: 'rpmfusion-nonfree-updates' can be revived - metalink checksums match.
2026-07-09T19:38:23+0530 DEBUG rpmfusion-nonfree-updates: using metadata from Sat 23 Nov 2024 06:41:49 PM IST.
2026-07-09T19:38:23+0530 DEBUG reviving: 'teams-for-linux' can be revived - repomd matches.
2026-07-09T19:38:23+0530 DEBUG teams-for-linux: using metadata from Tue 16 Jun 2026 12:42:51 PM IST.
2026-07-09T19:38:23+0530 WARNING Ignoring repositories: hashicorp, rpmfusion-nonfree-nvidia-driver
2026-07-09T19:38:23+0530 DDEBUG timer: sack setup: 29173 ms
2026-07-09T19:38:23+0530 DEBUG User-Agent: constructed: 'libdnf (Fedora Linux 39; workstation; Linux.x86_64)'
2026-07-09T19:38:23+0530 DEBUG Completion plugin: Generating completion cache...
2026-07-09T19:38:25+0530 INFO Metadata cache created.
2026-07-09T19:38:25+0530 DDEBUG Cleaning up.
2026-07-09T19:38:25+0530 DDEBUG Plugins were unloaded.
2026-07-09T20:59:10+0530 INFO --- logging initialized ---
2026-07-09T20:59:10+0530 DDEBUG timer: config: 25 ms
2026-07-09T20:59:11+0530 DEBUG Loaded plugins: builddep, changelog, config-manager, copr, debug, debuginfo-install, download, generate_completion_cache, groups-manager, needs-restarting, notify-packagekit, playground, repoclosure, repodiff, repograph, repomanage, reposync, system-upgrade
2026-07-09T20:59:11+0530 DEBUG DNF version: 4.21.1
2026-07-09T20:59:11+0530 DDEBUG Command: dnf makecache --timer 
2026-07-09T20:59:11+0530 DDEBUG Installroot: /
2026-07-09T20:59:11+0530 DDEBUG Releasever: 39
2026-07-09T20:59:11+0530 DEBUG cachedir: /var/cache/dnf
2026-07-09T20:59:11+0530 DDEBUG Base command: makecache
2026-07-09T20:59:11+0530 DDEBUG Extra commands: ['makecache', '--timer']
2026-07-09T20:59:11+0530 DEBUG Making cache files for all metadata files.
2026-07-09T20:59:11+0530 INFO Metadata cache refreshed recently.
2026-07-09T20:59:11+0530 DDEBUG Cleaning up.
2026-07-09T20:59:11+0530 DDEBUG Plugins were unloaded.
2026-07-10T13:45:36+0530 INFO --- logging initialized ---
2026-07-10T13:45:36+0530 DDEBUG timer: config: 51 ms
2026-07-10T13:45:36+0530 DEBUG Loaded plugins: builddep, changelog, config-manager, copr, debug, debuginfo-install, download, generate_completion_cache, groups-manager, needs-restarting, notify-packagekit, playground, repoclosure, repodiff, repograph, repomanage, reposync, system-upgrade
2026-07-10T13:45:36+0530 DEBUG DNF version: 4.21.1
2026-07-10T13:45:36+0530 DDEBUG Command: dnf makecache --timer 
2026-07-10T13:45:36+0530 DDEBUG Installroot: /
2026-07-10T13:45:36+0530 DDEBUG Releasever: 39
2026-07-10T13:45:36+0530 DEBUG cachedir: /var/cache/dnf
2026-07-10T13:45:36+0530 DDEBUG Base command: makecache
2026-07-10T13:45:36+0530 DDEBUG Extra commands: ['makecache', '--timer']
2026-07-10T13:45:36+0530 DEBUG Making cache files for all metadata files.
2026-07-10T13:45:36+0530 INFO Metadata timer caching disabled when running on a battery.
2026-07-10T13:45:36+0530 DDEBUG Cleaning up.
2026-07-10T13:45:36+0530 DDEBUG Plugins were unloaded.
2026-07-10T15:07:35+0530 INFO --- logging initialized ---
2026-07-10T15:07:35+0530 DDEBUG timer: config: 20 ms
2026-07-10T15:07:35+0530 DEBUG Loaded plugins: builddep, changelog, config-manager, copr, debug, debuginfo-install, download, generate_completion_cache, groups-manager, needs-restarting, notify-packagekit, playground, repoclosure, repodiff, repograph, repomanage, reposync, system-upgrade
2026-07-10T15:07:35+0530 DEBUG DNF version: 4.21.1
2026-07-10T15:07:35+0530 DDEBUG Command: dnf makecache --timer 
2026-07-10T15:07:35+0530 DDEBUG Installroot: /
2026-07-10T15:07:35+0530 DDEBUG Releasever: 39
2026-07-10T15:07:35+0530 DEBUG cachedir: /var/cache/dnf
2026-07-10T15:07:35+0530 DDEBUG Base command: makecache
2026-07-10T15:07:35+0530 DDEBUG Extra commands: ['makecache', '--timer']
2026-07-10T15:07:35+0530 DEBUG Making cache files for all metadata files.
2026-07-10T15:07:35+0530 DEBUG bitrix24: has expired and will be refreshed.
2026-07-10T15:07:35+0530 DEBUG brave-browser: has expired and will be refreshed.
2026-07-10T15:07:35+0530 DEBUG docker-ce-stable: has expired and will be refreshed.
2026-07-10T15:07:36+0530 DEBUG fedora: has expired and will be refreshed.
2026-07-10T15:07:36+0530 DEBUG fedora-cisco-openh264: has expired and will be refreshed.
2026-07-10T15:07:36+0530 DEBUG updates: has expired and will be refreshed.
2026-07-10T15:07:36+0530 DEBUG google-chrome: has expired and will be refreshed.
2026-07-10T15:07:36+0530 DEBUG hashicorp: has expired and will be refreshed.
2026-07-10T15:07:36+0530 DEBUG jenkins: has expired and will be refreshed.
2026-07-10T15:07:36+0530 DEBUG packages-microsoft-com-prod: has expired and will be refreshed.
2026-07-10T15:07:36+0530 DEBUG rpmfusion-free: has expired and will be refreshed.
2026-07-10T15:07:36+0530 DEBUG rpmfusion-free-updates: has expired and will be refreshed.
2026-07-10T15:07:36+0530 DEBUG rpmfusion-nonfree: has expired and will be refreshed.
2026-07-10T15:07:36+0530 DEBUG rpmfusion-nonfree-nvidia-driver: has expired and will be refreshed.
2026-07-10T15:07:36+0530 DEBUG rpmfusion-nonfree-steam: has expired and will be refreshed.
2026-07-10T15:07:36+0530 DEBUG rpmfusion-nonfree-updates: has expired and will be refreshed.
2026-07-10T15:07:36+0530 DEBUG teams-for-linux: has expired and will be refreshed.
2026-07-10T15:07:37+0530 DEBUG reviving: 'bitrix24' can be revived - repomd matches.
2026-07-10T15:07:37+0530 DEBUG bitrix24: using metadata from Mon 20 Apr 2026 09:02:48 PM IST.
2026-07-10T15:07:37+0530 DEBUG reviving: failed for 'brave-browser', mismatched repomd.
2026-07-10T15:07:37+0530 DEBUG repo: downloading from remote: brave-browser
2026-07-10T15:07:38+0530 DEBUG brave-browser: using metadata from Fri 10 Jul 2026 01:56:53 AM IST.
2026-07-10T15:07:38+0530 DEBUG reviving: 'docker-ce-stable' can be revived - repomd matches.
2026-07-10T15:07:38+0530 DEBUG docker-ce-stable: using metadata from Wed 13 Nov 2024 06:00:28 PM IST.
2026-07-10T15:07:38+0530 DEBUG countme: no event for fedora: window already counted
2026-07-10T15:07:38+0530 DEBUG reviving: 'fedora' can be revived - metalink checksums match.
2026-07-10T15:07:40+0530 DEBUG fedora: using metadata from Wed 01 Nov 2023 05:42:39 AM IST.
2026-07-10T15:07:40+0530 DEBUG reviving: 'fedora-cisco-openh264' can be revived - metalink checksums match.
2026-07-10T15:07:40+0530 DEBUG fedora-cisco-openh264: using metadata from Tue 12 Mar 2024 05:43:24 PM IST.
2026-07-10T15:07:40+0530 DEBUG countme: no event for updates: window already counted
2026-07-10T15:07:40+0530 DEBUG reviving: 'updates' can be revived - metalink checksums match.
2026-07-10T15:07:41+0530 DEBUG updates: using metadata from Tue 26 Nov 2024 10:05:09 PM IST.
2026-07-10T15:07:42+0530 DEBUG reviving: failed for 'google-chrome', mismatched repomd.
2026-07-10T15:07:42+0530 DEBUG repo: downloading from remote: google-chrome
2026-07-10T15:07:42+0530 DEBUG google-chrome: using metadata from Fri 10 Jul 2026 02:13:31 PM IST.
2026-07-10T15:07:42+0530 DEBUG repo: downloading from remote: hashicorp
2026-07-10T15:07:43+0530 DEBUG error: Status code: 404 for https://rpm.releases.hashicorp.com/fedora/39/x86_64/stable/repodata/repomd.xml (IP: 2600:9000:21b4:d200:18:566b:ecc0:93a1) (https://rpm.releases.hashicorp.com/fedora/39/x86_64/stable/repodata/repomd.xml).
2026-07-10T15:07:43+0530 WARNING Errors during downloading metadata for repository 'hashicorp':
  - Status code: 404 for https://rpm.releases.hashicorp.com/fedora/39/x86_64/stable/repodata/repomd.xml (IP: 2600:9000:21b4:d200:18:566b:ecc0:93a1)
2026-07-10T15:07:43+0530 WARNING Error: Failed to download metadata for repo 'hashicorp': Cannot download repomd.xml: Status code: 404 for https://rpm.releases.hashicorp.com/fedora/39/x86_64/stable/repodata/repomd.xml (IP: 2600:9000:21b4:d200:18:566b:ecc0:93a1)
2026-07-10T15:07:45+0530 DEBUG reviving: failed for 'jenkins', mismatched repomd.
2026-07-10T15:07:45+0530 DEBUG repo: downloading from remote: jenkins
2026-07-10T15:07:48+0530 DEBUG jenkins: using metadata from Thu 09 Jul 2026 09:13:24 PM IST.
2026-07-10T15:07:49+0530 DEBUG reviving: failed for 'packages-microsoft-com-prod', mismatched repomd.
2026-07-10T15:07:49+0530 DEBUG repo: downloading from remote: packages-microsoft-com-prod
2026-07-10T15:07:52+0530 DEBUG packages-microsoft-com-prod: using metadata from Fri 10 Jul 2026 02:53:11 AM IST.
2026-07-10T15:07:53+0530 DEBUG reviving: 'rpmfusion-free' can be revived - metalink checksums match.
2026-07-10T15:07:53+0530 DEBUG rpmfusion-free: using metadata from Sat 04 Nov 2023 10:19:08 PM IST.
2026-07-10T15:07:53+0530 DEBUG reviving: 'rpmfusion-free-updates' can be revived - metalink checksums match.
2026-07-10T15:07:53+0530 DEBUG rpmfusion-free-updates: using metadata from Sat 23 Nov 2024 06:15:37 PM IST.
2026-07-10T15:07:54+0530 DEBUG reviving: 'rpmfusion-nonfree' can be revived - metalink checksums match.
2026-07-10T15:07:54+0530 DEBUG rpmfusion-nonfree: using metadata from Sat 04 Nov 2023 10:56:32 PM IST.
2026-07-10T15:07:56+0530 DEBUG error: Status code: 404 for https://mirrors.rpmfusion.org/metalink?repo=nonfree-fedora-nvidia-driver-39&arch=x86_64 (IP: 2607:5300:201:3100::9322) (https://mirrors.rpmfusion.org/metalink?repo=nonfree-fedora-nvidia-driver-39&arch=x86_64).
2026-07-10T15:07:56+0530 DEBUG error: Status code: 404 for https://mirrors.rpmfusion.org/metalink?repo=nonfree-fedora-nvidia-driver-39&arch=x86_64 (IP: 2607:5300:201:3100::9322) (https://mirrors.rpmfusion.org/metalink?repo=nonfree-fedora-nvidia-driver-39&arch=x86_64).
2026-07-10T15:07:56+0530 DEBUG error: Status code: 404 for https://mirrors.rpmfusion.org/metalink?repo=nonfree-fedora-nvidia-driver-39&arch=x86_64 (IP: 2607:5300:201:3100::9322) (https://mirrors.rpmfusion.org/metalink?repo=nonfree-fedora-nvidia-driver-39&arch=x86_64).
2026-07-10T15:07:57+0530 DEBUG error: Status code: 404 for https://mirrors.rpmfusion.org/metalink?repo=nonfree-fedora-nvidia-driver-39&arch=x86_64 (IP: 2607:5300:201:3100::9322) (https://mirrors.rpmfusion.org/metalink?repo=nonfree-fedora-nvidia-driver-39&arch=x86_64).
2026-07-10T15:07:58+0530 DEBUG error: Status code: 404 for https://mirrors.rpmfusion.org/metalink?repo=nonfree-fedora-nvidia-driver-39&arch=x86_64 (IP: 2607:5300:201:3100::9322) (https://mirrors.rpmfusion.org/metalink?repo=nonfree-fedora-nvidia-driver-39&arch=x86_64).
2026-07-10T15:08:01+0530 DEBUG error: Status code: 404 for https://mirrors.rpmfusion.org/metalink?repo=nonfree-fedora-nvidia-driver-39&arch=x86_64 (IP: 2607:5300:201:3100::9322) (https://mirrors.rpmfusion.org/metalink?repo=nonfree-fedora-nvidia-driver-39&arch=x86_64).
2026-07-10T15:08:01+0530 DEBUG error: Status code: 404 for https://mirrors.rpmfusion.org/metalink?repo=nonfree-fedora-nvidia-driver-39&arch=x86_64 (IP: 2607:5300:201:3100::9322) (https://mirrors.rpmfusion.org/metalink?repo=nonfree-fedora-nvidia-driver-39&arch=x86_64).
2026-07-10T15:08:03+0530 DEBUG error: Status code: 404 for https://mirrors.rpmfusion.org/metalink?repo=nonfree-fedora-nvidia-driver-39&arch=x86_64 (IP: 2607:5300:201:3100::9322) (https://mirrors.rpmfusion.org/metalink?repo=nonfree-fedora-nvidia-driver-39&arch=x86_64).
2026-07-10T15:08:04+0530 DEBUG error: Status code: 404 for https://mirrors.rpmfusion.org/metalink?repo=nonfree-fedora-nvidia-driver-39&arch=x86_64 (IP: 2607:5300:201:3100::9322) (https://mirrors.rpmfusion.org/metalink?repo=nonfree-fedora-nvidia-driver-39&arch=x86_64).
2026-07-10T15:08:06+0530 DEBUG error: Status code: 404 for https://mirrors.rpmfusion.org/metalink?repo=nonfree-fedora-nvidia-driver-39&arch=x86_64 (IP: 2607:5300:201:3100::9322) (https://mirrors.rpmfusion.org/metalink?repo=nonfree-fedora-nvidia-driver-39&arch=x86_64).
2026-07-10T15:08:08+0530 DEBUG error: Status code: 404 for https://mirrors.rpmfusion.org/metalink?repo=nonfree-fedora-nvidia-driver-39&arch=x86_64 (IP: 2607:5300:201:3100::9322) (https://mirrors.rpmfusion.org/metalink?repo=nonfree-fedora-nvidia-driver-39&arch=x86_64).
2026-07-10T15:08:08+0530 DEBUG error: Status code: 404 for https://mirrors.rpmfusion.org/metalink?repo=nonfree-fedora-nvidia-driver-39&arch=x86_64 (IP: 2607:5300:201:3100::9322) (https://mirrors.rpmfusion.org/metalink?repo=nonfree-fedora-nvidia-driver-39&arch=x86_64).
2026-07-10T15:08:08+0530 WARNING Errors during downloading metadata for repository 'rpmfusion-nonfree-nvidia-driver':
  - Status code: 404 for https://mirrors.rpmfusion.org/metalink?repo=nonfree-fedora-nvidia-driver-39&arch=x86_64 (IP: 2607:5300:201:3100::9322)
2026-07-10T15:08:08+0530 WARNING Error: Failed to download metadata for repo 'rpmfusion-nonfree-nvidia-driver': Cannot prepare internal mirrorlist: Status code: 404 for https://mirrors.rpmfusion.org/metalink?repo=nonfree-fedora-nvidia-driver-39&arch=x86_64 (IP: 2607:5300:201:3100::9322)
2026-07-10T15:08:09+0530 DEBUG reviving: 'rpmfusion-nonfree-steam' can be revived - metalink checksums match.
2026-07-10T15:08:09+0530 DEBUG rpmfusion-nonfree-steam: using metadata from Sat 23 Nov 2024 06:58:50 PM IST.
2026-07-10T15:08:10+0530 DEBUG reviving: 'rpmfusion-nonfree-updates' can be revived - metalink checksums match.
2026-07-10T15:08:10+0530 DEBUG rpmfusion-nonfree-updates: using metadata from Sat 23 Nov 2024 06:41:49 PM IST.
2026-07-10T15:08:10+0530 DEBUG reviving: 'teams-for-linux' can be revived - repomd matches.
2026-07-10T15:08:10+0530 DEBUG teams-for-linux: using metadata from Tue 16 Jun 2026 12:42:51 PM IST.
2026-07-10T15:08:10+0530 WARNING Ignoring repositories: hashicorp, rpmfusion-nonfree-nvidia-driver
2026-07-10T15:08:10+0530 DDEBUG timer: sack setup: 34148 ms
2026-07-10T15:08:10+0530 DEBUG User-Agent: constructed: 'libdnf (Fedora Linux 39; workstation; Linux.x86_64)'
2026-07-10T15:08:10+0530 DEBUG Completion plugin: Generating completion cache...
2026-07-10T15:08:12+0530 INFO Metadata cache created.
2026-07-10T15:08:12+0530 DDEBUG Cleaning up.
2026-07-10T15:08:12+0530 DDEBUG Plugins were unloaded.
2026-07-10T16:25:36+0530 INFO --- logging initialized ---
2026-07-10T16:25:36+0530 DDEBUG timer: config: 127 ms
2026-07-10T16:25:36+0530 DEBUG Loaded plugins: builddep, changelog, config-manager, copr, debug, debuginfo-install, download, generate_completion_cache, groups-manager, needs-restarting, notify-packagekit, playground, repoclosure, repodiff, repograph, repomanage, reposync, system-upgrade
2026-07-10T16:25:36+0530 DEBUG DNF version: 4.21.1
2026-07-10T16:25:36+0530 DDEBUG Command: dnf makecache --timer 
2026-07-10T16:25:36+0530 DDEBUG Installroot: /
2026-07-10T16:25:36+0530 DDEBUG Releasever: 39
2026-07-10T16:25:36+0530 DEBUG cachedir: /var/cache/dnf
2026-07-10T16:25:36+0530 DDEBUG Base command: makecache
2026-07-10T16:25:36+0530 DDEBUG Extra commands: ['makecache', '--timer']
2026-07-10T16:25:36+0530 DEBUG Making cache files for all metadata files.
2026-07-10T16:25:37+0530 INFO Metadata cache refreshed recently.
2026-07-10T16:25:37+0530 DDEBUG Cleaning up.
2026-07-10T16:25:37+0530 DDEBUG Plugins were unloaded.
2026-07-10T19:59:03+0530 INFO --- logging initialized ---
2026-07-10T19:59:03+0530 DDEBUG timer: config: 160 ms
2026-07-10T19:59:03+0530 DEBUG Loaded plugins: builddep, changelog, config-manager, copr, debug, debuginfo-install, download, generate_completion_cache, groups-manager, needs-restarting, notify-packagekit, playground, repoclosure, repodiff, repograph, repomanage, reposync, system-upgrade
2026-07-10T19:59:03+0530 DEBUG DNF version: 4.21.1
2026-07-10T19:59:03+0530 DDEBUG Command: dnf makecache --timer 
2026-07-10T19:59:03+0530 DDEBUG Installroot: /
2026-07-10T19:59:03+0530 DDEBUG Releasever: 39
2026-07-10T19:59:03+0530 DEBUG cachedir: /var/cache/dnf
2026-07-10T19:59:03+0530 DDEBUG Base command: makecache
2026-07-10T19:59:03+0530 DDEBUG Extra commands: ['makecache', '--timer']
2026-07-10T19:59:03+0530 DEBUG Making cache files for all metadata files.
2026-07-10T19:59:03+0530 DEBUG bitrix24: has expired and will be refreshed.
2026-07-10T19:59:03+0530 DEBUG brave-browser: has expired and will be refreshed.
2026-07-10T19:59:03+0530 DEBUG docker-ce-stable: has expired and will be refreshed.
2026-07-10T19:59:05+0530 DEBUG fedora: has expired and will be refreshed.
2026-07-10T19:59:05+0530 DEBUG fedora-cisco-openh264: has expired and will be refreshed.
2026-07-10T19:59:05+0530 DEBUG updates: has expired and will be refreshed.
2026-07-10T19:59:05+0530 DEBUG google-chrome: has expired and will be refreshed.
2026-07-10T19:59:05+0530 DEBUG hashicorp: has expired and will be refreshed.
2026-07-10T19:59:05+0530 DEBUG jenkins: has expired and will be refreshed.
2026-07-10T19:59:05+0530 DEBUG packages-microsoft-com-prod: has expired and will be refreshed.
2026-07-10T19:59:06+0530 DEBUG rpmfusion-free: has expired and will be refreshed.
2026-07-10T19:59:06+0530 DEBUG rpmfusion-free-updates: has expired and will be refreshed.
2026-07-10T19:59:06+0530 DEBUG rpmfusion-nonfree: has expired and will be refreshed.
2026-07-10T19:59:06+0530 DEBUG rpmfusion-nonfree-nvidia-driver: has expired and will be refreshed.
2026-07-10T19:59:06+0530 DEBUG rpmfusion-nonfree-steam: has expired and will be refreshed.
2026-07-10T19:59:06+0530 DEBUG rpmfusion-nonfree-updates: has expired and will be refreshed.
2026-07-10T19:59:06+0530 DEBUG teams-for-linux: has expired and will be refreshed.
2026-07-10T19:59:06+0530 DEBUG reviving: 'bitrix24' can be revived - repomd matches.
2026-07-10T19:59:06+0530 DEBUG bitrix24: using metadata from Mon 20 Apr 2026 09:02:48 PM IST.
2026-07-10T19:59:06+0530 DEBUG reviving: 'brave-browser' can be revived - repomd matches.
2026-07-10T19:59:06+0530 DEBUG brave-browser: using metadata from Fri 10 Jul 2026 01:56:53 AM IST.
2026-07-10T19:59:06+0530 DEBUG reviving: 'docker-ce-stable' can be revived - repomd matches.
2026-07-10T19:59:06+0530 DEBUG docker-ce-stable: using metadata from Wed 13 Nov 2024 06:00:28 PM IST.
2026-07-10T19:59:06+0530 DEBUG countme: no event for fedora: window already counted
2026-07-10T19:59:06+0530 DEBUG reviving: 'fedora' can be revived - metalink checksums match.
2026-07-10T19:59:08+0530 DEBUG fedora: using metadata from Wed 01 Nov 2023 05:42:39 AM IST.
2026-07-10T19:59:09+0530 DEBUG reviving: 'fedora-cisco-openh264' can be revived - metalink checksums match.
2026-07-10T19:59:09+0530 DEBUG fedora-cisco-openh264: using metadata from Tue 12 Mar 2024 05:43:24 PM IST.
2026-07-10T19:59:09+0530 DEBUG countme: no event for updates: window already counted
2026-07-10T19:59:09+0530 DEBUG reviving: 'updates' can be revived - metalink checksums match.
2026-07-10T19:59:10+0530 DEBUG updates: using metadata from Tue 26 Nov 2024 10:05:09 PM IST.
2026-07-10T19:59:11+0530 DEBUG reviving: failed for 'google-chrome', mismatched repomd.
2026-07-10T19:59:11+0530 DEBUG repo: downloading from remote: google-chrome
2026-07-10T19:59:11+0530 DEBUG google-chrome: using metadata from Fri 10 Jul 2026 04:10:48 PM IST.
2026-07-10T19:59:11+0530 DEBUG repo: downloading from remote: hashicorp
2026-07-10T19:59:12+0530 DEBUG error: Status code: 404 for https://rpm.releases.hashicorp.com/fedora/39/x86_64/stable/repodata/repomd.xml (IP: 2600:9000:21b4:3a00:18:566b:ecc0:93a1) (https://rpm.releases.hashicorp.com/fedora/39/x86_64/stable/repodata/repomd.xml).
2026-07-10T19:59:12+0530 WARNING Errors during downloading metadata for repository 'hashicorp':
  - Status code: 404 for https://rpm.releases.hashicorp.com/fedora/39/x86_64/stable/repodata/repomd.xml (IP: 2600:9000:21b4:3a00:18:566b:ecc0:93a1)
2026-07-10T19:59:12+0530 WARNING Error: Failed to download metadata for repo 'hashicorp': Cannot download repomd.xml: Status code: 404 for https://rpm.releases.hashicorp.com/fedora/39/x86_64/stable/repodata/repomd.xml (IP: 2600:9000:21b4:3a00:18:566b:ecc0:93a1)
2026-07-10T19:59:14+0530 DEBUG reviving: 'jenkins' can be revived - repomd matches.
2026-07-10T19:59:14+0530 DEBUG jenkins: using metadata from Thu 09 Jul 2026 09:13:24 PM IST.
2026-07-10T19:59:17+0530 DEBUG reviving: 'packages-microsoft-com-prod' can be revived - repomd matches.
2026-07-10T19:59:17+0530 DEBUG packages-microsoft-com-prod: using metadata from Fri 10 Jul 2026 02:53:11 AM IST.
2026-07-10T19:59:18+0530 DEBUG reviving: 'rpmfusion-free' can be revived - metalink checksums match.
2026-07-10T19:59:18+0530 DEBUG rpmfusion-free: using metadata from Sat 04 Nov 2023 10:19:08 PM IST.
2026-07-10T19:59:18+0530 DEBUG reviving: 'rpmfusion-free-updates' can be revived - metalink checksums match.
2026-07-10T19:59:18+0530 DEBUG rpmfusion-free-updates: using metadata from Sat 23 Nov 2024 06:15:37 PM IST.
2026-07-10T19:59:19+0530 DEBUG reviving: 'rpmfusion-nonfree' can be revived - metalink checksums match.
2026-07-10T19:59:19+0530 DEBUG rpmfusion-nonfree: using metadata from Sat 04 Nov 2023 10:56:32 PM IST.
2026-07-10T19:59:21+0530 DEBUG error: Status code: 404 for https://mirrors.rpmfusion.org/metalink?repo=nonfree-fedora-nvidia-driver-39&arch=x86_64 (IP: 2607:5300:201:3100::9322) (https://mirrors.rpmfusion.org/metalink?repo=nonfree-fedora-nvidia-driver-39&arch=x86_64).
2026-07-10T19:59:23+0530 DEBUG error: Status code: 404 for https://mirrors.rpmfusion.org/metalink?repo=nonfree-fedora-nvidia-driver-39&arch=x86_64 (IP: 2607:5300:201:3100::9322) (https://mirrors.rpmfusion.org/metalink?repo=nonfree-fedora-nvidia-driver-39&arch=x86_64).
2026-07-10T19:59:24+0530 DEBUG error: Status code: 404 for https://mirrors.rpmfusion.org/metalink?repo=nonfree-fedora-nvidia-driver-39&arch=x86_64 (IP: 2607:5300:201:3100::9322) (https://mirrors.rpmfusion.org/metalink?repo=nonfree-fedora-nvidia-driver-39&arch=x86_64).
2026-07-10T19:59:25+0530 DEBUG error: Status code: 404 for https://mirrors.rpmfusion.org/metalink?repo=nonfree-fedora-nvidia-driver-39&arch=x86_64 (IP: 2607:5300:201:3100::9322) (https://mirrors.rpmfusion.org/metalink?repo=nonfree-fedora-nvidia-driver-39&arch=x86_64).
2026-07-10T19:59:26+0530 DEBUG error: Status code: 404 for https://mirrors.rpmfusion.org/metalink?repo=nonfree-fedora-nvidia-driver-39&arch=x86_64 (IP: 2607:5300:201:3100::9322) (https://mirrors.rpmfusion.org/metalink?repo=nonfree-fedora-nvidia-driver-39&arch=x86_64).
2026-07-10T19:59:27+0530 DEBUG error: Status code: 404 for https://mirrors.rpmfusion.org/metalink?repo=nonfree-fedora-nvidia-driver-39&arch=x86_64 (IP: 2607:5300:201:3100::9322) (https://mirrors.rpmfusion.org/metalink?repo=nonfree-fedora-nvidia-driver-39&arch=x86_64).
2026-07-10T19:59:28+0530 DEBUG error: Status code: 404 for https://mirrors.rpmfusion.org/metalink?repo=nonfree-fedora-nvidia-driver-39&arch=x86_64 (IP: 2607:5300:201:3100::9322) (https://mirrors.rpmfusion.org/metalink?repo=nonfree-fedora-nvidia-driver-39&arch=x86_64).
2026-07-10T19:59:28+0530 DEBUG error: Status code: 404 for https://mirrors.rpmfusion.org/metalink?repo=nonfree-fedora-nvidia-driver-39&arch=x86_64 (IP: 2607:5300:201:3100::9322) (https://mirrors.rpmfusion.org/metalink?repo=nonfree-fedora-nvidia-driver-39&arch=x86_64).
2026-07-10T19:59:30+0530 DEBUG error: Status code: 404 for https://mirrors.rpmfusion.org/metalink?repo=nonfree-fedora-nvidia-driver-39&arch=x86_64 (IP: 2607:5300:201:3100::9322) (https://mirrors.rpmfusion.org/metalink?repo=nonfree-fedora-nvidia-driver-39&arch=x86_64).
2026-07-10T19:59:30+0530 DEBUG error: Status code: 404 for https://mirrors.rpmfusion.org/metalink?repo=nonfree-fedora-nvidia-driver-39&arch=x86_64 (IP: 2607:5300:201:3100::9322) (https://mirrors.rpmfusion.org/metalink?repo=nonfree-fedora-nvidia-driver-39&arch=x86_64).
2026-07-10T19:59:31+0530 DEBUG error: Status code: 404 for https://mirrors.rpmfusion.org/metalink?repo=nonfree-fedora-nvidia-driver-39&arch=x86_64 (IP: 2607:5300:201:3100::9322) (https://mirrors.rpmfusion.org/metalink?repo=nonfree-fedora-nvidia-driver-39&arch=x86_64).
2026-07-10T19:59:32+0530 DEBUG error: Status code: 404 for https://mirrors.rpmfusion.org/metalink?repo=nonfree-fedora-nvidia-driver-39&arch=x86_64 (IP: 2607:5300:201:3100::9322) (https://mirrors.rpmfusion.org/metalink?repo=nonfree-fedora-nvidia-driver-39&arch=x86_64).
2026-07-10T19:59:32+0530 WARNING Errors during downloading metadata for repository 'rpmfusion-nonfree-nvidia-driver':
  - Status code: 404 for https://mirrors.rpmfusion.org/metalink?repo=nonfree-fedora-nvidia-driver-39&arch=x86_64 (IP: 2607:5300:201:3100::9322)
2026-07-10T19:59:32+0530 WARNING Error: Failed to download metadata for repo 'rpmfusion-nonfree-nvidia-driver': Cannot prepare internal mirrorlist: Status code: 404 for https://mirrors.rpmfusion.org/metalink?repo=nonfree-fedora-nvidia-driver-39&arch=x86_64 (IP: 2607:5300:201:3100::9322)
2026-07-10T19:59:32+0530 DEBUG reviving: 'rpmfusion-nonfree-steam' can be revived - metalink checksums match.
2026-07-10T19:59:32+0530 DEBUG rpmfusion-nonfree-steam: using metadata from Sat 23 Nov 2024 06:58:50 PM IST.
2026-07-10T19:59:33+0530 DEBUG reviving: 'rpmfusion-nonfree-updates' can be revived - metalink checksums match.
2026-07-10T19:59:33+0530 DEBUG rpmfusion-nonfree-updates: using metadata from Sat 23 Nov 2024 06:41:49 PM IST.
2026-07-10T19:59:34+0530 DEBUG reviving: 'teams-for-linux' can be revived - repomd matches.
2026-07-10T19:59:34+0530 DEBUG teams-for-linux: using metadata from Tue 16 Jun 2026 12:42:51 PM IST.
2026-07-10T19:59:34+0530 WARNING Ignoring repositories: hashicorp, rpmfusion-nonfree-nvidia-driver
2026-07-10T19:59:34+0530 DDEBUG timer: sack setup: 28311 ms
2026-07-10T19:59:34+0530 DEBUG User-Agent: constructed: 'libdnf (Fedora Linux 39; workstation; Linux.x86_64)'
2026-07-10T19:59:34+0530 DEBUG Completion plugin: Generating completion cache...
2026-07-10T19:59:36+0530 INFO Metadata cache created.
2026-07-10T19:59:36+0530 DDEBUG Cleaning up.
2026-07-10T19:59:36+0530 DDEBUG Plugins were unloaded.
2026-07-10T21:04:26+0530 INFO --- logging initialized ---
2026-07-10T21:04:26+0530 DDEBUG timer: config: 140 ms
2026-07-10T21:04:26+0530 DEBUG Loaded plugins: builddep, changelog, config-manager, copr, debug, debuginfo-install, download, generate_completion_cache, groups-manager, needs-restarting, notify-packagekit, playground, repoclosure, repodiff, repograph, repomanage, reposync, system-upgrade
2026-07-10T21:04:26+0530 DEBUG DNF version: 4.21.1
2026-07-10T21:04:26+0530 DDEBUG Command: dnf makecache --timer 
2026-07-10T21:04:26+0530 DDEBUG Installroot: /
2026-07-10T21:04:26+0530 DDEBUG Releasever: 39
2026-07-10T21:04:26+0530 DEBUG cachedir: /var/cache/dnf
2026-07-10T21:04:26+0530 DDEBUG Base command: makecache
2026-07-10T21:04:26+0530 DDEBUG Extra commands: ['makecache', '--timer']
2026-07-10T21:04:26+0530 DEBUG Making cache files for all metadata files.
2026-07-10T21:04:26+0530 INFO Metadata cache refreshed recently.
2026-07-10T21:04:26+0530 DDEBUG Cleaning up.
2026-07-10T21:04:26+0530 DDEBUG Plugins were unloaded.
2026-07-13T11:44:03+0530 INFO --- logging initialized ---
2026-07-13T11:44:03+0530 DDEBUG timer: config: 114 ms
2026-07-13T11:44:03+0530 DEBUG Loaded plugins: builddep, changelog, config-manager, copr, debug, debuginfo-install, download, generate_completion_cache, groups-manager, needs-restarting, notify-packagekit, playground, repoclosure, repodiff, repograph, repomanage, reposync, system-upgrade
2026-07-13T11:44:03+0530 DEBUG DNF version: 4.21.1
2026-07-13T11:44:03+0530 DDEBUG Command: dnf makecache --timer 
2026-07-13T11:44:03+0530 DDEBUG Installroot: /
2026-07-13T11:44:03+0530 DDEBUG Releasever: 39
2026-07-13T11:44:03+0530 DEBUG cachedir: /var/cache/dnf
2026-07-13T11:44:03+0530 DDEBUG Base command: makecache
2026-07-13T11:44:03+0530 DDEBUG Extra commands: ['makecache', '--timer']
2026-07-13T11:44:03+0530 DEBUG Making cache files for all metadata files.
2026-07-13T11:44:03+0530 DEBUG bitrix24: has expired and will be refreshed.
2026-07-13T11:44:03+0530 DEBUG brave-browser: has expired and will be refreshed.
2026-07-13T11:44:03+0530 DEBUG docker-ce-stable: has expired and will be refreshed.
2026-07-13T11:44:05+0530 DEBUG fedora: has expired and will be refreshed.
2026-07-13T11:44:05+0530 DEBUG fedora-cisco-openh264: has expired and will be refreshed.
2026-07-13T11:44:06+0530 DEBUG updates: has expired and will be refreshed.
2026-07-13T11:44:06+0530 DEBUG google-chrome: has expired and will be refreshed.
2026-07-13T11:44:06+0530 DEBUG hashicorp: has expired and will be refreshed.
2026-07-13T11:44:06+0530 DEBUG jenkins: has expired and will be refreshed.
2026-07-13T11:44:06+0530 DEBUG packages-microsoft-com-prod: has expired and will be refreshed.
2026-07-13T11:44:06+0530 DEBUG rpmfusion-free: has expired and will be refreshed.
2026-07-13T11:44:06+0530 DEBUG rpmfusion-free-updates: has expired and will be refreshed.
2026-07-13T11:44:06+0530 DEBUG rpmfusion-nonfree: has expired and will be refreshed.
2026-07-13T11:44:06+0530 DEBUG rpmfusion-nonfree-nvidia-driver: has expired and will be refreshed.
2026-07-13T11:44:06+0530 DEBUG rpmfusion-nonfree-steam: has expired and will be refreshed.
2026-07-13T11:44:06+0530 DEBUG rpmfusion-nonfree-updates: has expired and will be refreshed.
2026-07-13T11:44:06+0530 DEBUG teams-for-linux: has expired and will be refreshed.
2026-07-13T11:44:06+0530 DEBUG reviving: 'bitrix24' can be revived - repomd matches.
2026-07-13T11:44:06+0530 DEBUG bitrix24: using metadata from Mon 20 Apr 2026 09:02:48 PM IST.
2026-07-13T11:44:06+0530 DEBUG reviving: 'brave-browser' can be revived - repomd matches.
2026-07-13T11:44:06+0530 DEBUG brave-browser: using metadata from Fri 10 Jul 2026 01:56:53 AM IST.
2026-07-13T11:44:06+0530 DEBUG reviving: 'docker-ce-stable' can be revived - repomd matches.
2026-07-13T11:44:06+0530 DEBUG docker-ce-stable: using metadata from Wed 13 Nov 2024 06:00:28 PM IST.
2026-07-13T11:44:06+0530 DEBUG countme: event triggered for fedora: bucket 4
2026-07-13T11:44:07+0530 DEBUG reviving: 'fedora' can be revived - metalink checksums match.
2026-07-13T11:44:10+0530 DEBUG fedora: using metadata from Wed 01 Nov 2023 05:42:39 AM IST.
2026-07-13T11:44:10+0530 DEBUG reviving: 'fedora-cisco-openh264' can be revived - metalink checksums match.
2026-07-13T11:44:10+0530 DEBUG fedora-cisco-openh264: using metadata from Tue 12 Mar 2024 05:43:24 PM IST.
2026-07-13T11:44:10+0530 DEBUG countme: no event for updates: window already counted
2026-07-13T11:44:10+0530 DEBUG reviving: 'updates' can be revived - metalink checksums match.
2026-07-13T11:44:11+0530 DEBUG updates: using metadata from Tue 26 Nov 2024 10:05:09 PM IST.
2026-07-13T11:44:12+0530 DEBUG reviving: failed for 'google-chrome', mismatched repomd.
2026-07-13T11:44:12+0530 DEBUG repo: downloading from remote: google-chrome
2026-07-13T11:44:13+0530 DEBUG google-chrome: using metadata from Sun 12 Jul 2026 03:36:07 PM IST.
2026-07-13T11:44:13+0530 DEBUG repo: downloading from remote: hashicorp
2026-07-13T11:44:14+0530 DEBUG error: Status code: 404 for https://rpm.releases.hashicorp.com/fedora/39/x86_64/stable/repodata/repomd.xml (IP: 13.225.5.7) (https://rpm.releases.hashicorp.com/fedora/39/x86_64/stable/repodata/repomd.xml).
2026-07-13T11:44:14+0530 WARNING Errors during downloading metadata for repository 'hashicorp':
  - Status code: 404 for https://rpm.releases.hashicorp.com/fedora/39/x86_64/stable/repodata/repomd.xml (IP: 13.225.5.7)
2026-07-13T11:44:14+0530 WARNING Error: Failed to download metadata for repo 'hashicorp': Cannot download repomd.xml: Status code: 404 for https://rpm.releases.hashicorp.com/fedora/39/x86_64/stable/repodata/repomd.xml (IP: 13.225.5.7)
2026-07-13T11:44:14+0530 DEBUG reviving: 'jenkins' can be revived - repomd matches.
2026-07-13T11:44:14+0530 DEBUG jenkins: using metadata from Thu 09 Jul 2026 09:13:24 PM IST.
2026-07-13T11:44:17+0530 DEBUG reviving: 'packages-microsoft-com-prod' can be revived - repomd matches.
2026-07-13T11:44:18+0530 DEBUG packages-microsoft-com-prod: using metadata from Fri 10 Jul 2026 02:53:11 AM IST.
2026-07-13T11:44:19+0530 DEBUG reviving: 'rpmfusion-free' can be revived - metalink checksums match.
2026-07-13T11:44:19+0530 DEBUG rpmfusion-free: using metadata from Sat 04 Nov 2023 10:19:08 PM IST.
2026-07-13T11:44:19+0530 DEBUG reviving: 'rpmfusion-free-updates' can be revived - metalink checksums match.
2026-07-13T11:44:19+0530 DEBUG rpmfusion-free-updates: using metadata from Sat 23 Nov 2024 06:15:37 PM IST.
2026-07-13T11:44:20+0530 DEBUG reviving: 'rpmfusion-nonfree' can be revived - metalink checksums match.
2026-07-13T11:44:20+0530 DEBUG rpmfusion-nonfree: using metadata from Sat 04 Nov 2023 10:56:32 PM IST.
2026-07-13T11:44:21+0530 DEBUG error: Status code: 404 for https://mirrors.rpmfusion.org/metalink?repo=nonfree-fedora-nvidia-driver-39&arch=x86_64 (IP: 78.47.223.143) (https://mirrors.rpmfusion.org/metalink?repo=nonfree-fedora-nvidia-driver-39&arch=x86_64).
2026-07-13T11:44:21+0530 DEBUG error: Status code: 404 for https://mirrors.rpmfusion.org/metalink?repo=nonfree-fedora-nvidia-driver-39&arch=x86_64 (IP: 78.47.223.143) (https://mirrors.rpmfusion.org/metalink?repo=nonfree-fedora-nvidia-driver-39&arch=x86_64).
2026-07-13T11:44:22+0530 DEBUG error: Status code: 404 for https://mirrors.rpmfusion.org/metalink?repo=nonfree-fedora-nvidia-driver-39&arch=x86_64 (IP: 78.47.223.143) (https://mirrors.rpmfusion.org/metalink?repo=nonfree-fedora-nvidia-driver-39&arch=x86_64).
2026-07-13T11:44:22+0530 DEBUG error: Status code: 404 for https://mirrors.rpmfusion.org/metalink?repo=nonfree-fedora-nvidia-driver-39&arch=x86_64 (IP: 78.47.223.143) (https://mirrors.rpmfusion.org/metalink?repo=nonfree-fedora-nvidia-driver-39&arch=x86_64).
2026-07-13T11:44:23+0530 DEBUG error: Status code: 404 for https://mirrors.rpmfusion.org/metalink?repo=nonfree-fedora-nvidia-driver-39&arch=x86_64 (IP: 78.47.223.143) (https://mirrors.rpmfusion.org/metalink?repo=nonfree-fedora-nvidia-driver-39&arch=x86_64).
2026-07-13T11:44:24+0530 DEBUG error: Status code: 404 for https://mirrors.rpmfusion.org/metalink?repo=nonfree-fedora-nvidia-driver-39&arch=x86_64 (IP: 78.47.223.143) (https://mirrors.rpmfusion.org/metalink?repo=nonfree-fedora-nvidia-driver-39&arch=x86_64).
2026-07-13T11:44:24+0530 DEBUG error: Status code: 404 for https://mirrors.rpmfusion.org/metalink?repo=nonfree-fedora-nvidia-driver-39&arch=x86_64 (IP: 78.47.223.143) (https://mirrors.rpmfusion.org/metalink?repo=nonfree-fedora-nvidia-driver-39&arch=x86_64).
2026-07-13T11:44:24+0530 DEBUG error: Status code: 404 for https://mirrors.rpmfusion.org/metalink?repo=nonfree-fedora-nvidia-driver-39&arch=x86_64 (IP: 78.47.223.143) (https://mirrors.rpmfusion.org/metalink?repo=nonfree-fedora-nvidia-driver-39&arch=x86_64).
2026-07-13T11:44:26+0530 DEBUG error: Status code: 404 for https://mirrors.rpmfusion.org/metalink?repo=nonfree-fedora-nvidia-driver-39&arch=x86_64 (IP: 78.47.223.143) (https://mirrors.rpmfusion.org/metalink?repo=nonfree-fedora-nvidia-driver-39&arch=x86_64).
2026-07-13T11:44:26+0530 DEBUG error: Status code: 404 for https://mirrors.rpmfusion.org/metalink?repo=nonfree-fedora-nvidia-driver-39&arch=x86_64 (IP: 78.47.223.143) (https://mirrors.rpmfusion.org/metalink?repo=nonfree-fedora-nvidia-driver-39&arch=x86_64).
2026-07-13T11:44:27+0530 DEBUG error: Status code: 404 for https://mirrors.rpmfusion.org/metalink?repo=nonfree-fedora-nvidia-driver-39&arch=x86_64 (IP: 78.47.223.143) (https://mirrors.rpmfusion.org/metalink?repo=nonfree-fedora-nvidia-driver-39&arch=x86_64).
2026-07-13T11:44:27+0530 DEBUG error: Status code: 404 for https://mirrors.rpmfusion.org/metalink?repo=nonfree-fedora-nvidia-driver-39&arch=x86_64 (IP: 78.47.223.143) (https://mirrors.rpmfusion.org/metalink?repo=nonfree-fedora-nvidia-driver-39&arch=x86_64).
2026-07-13T11:44:27+0530 WARNING Errors during downloading metadata for repository 'rpmfusion-nonfree-nvidia-driver':
  - Status code: 404 for https://mirrors.rpmfusion.org/metalink?repo=nonfree-fedora-nvidia-driver-39&arch=x86_64 (IP: 78.47.223.143)
2026-07-13T11:44:27+0530 WARNING Error: Failed to download metadata for repo 'rpmfusion-nonfree-nvidia-driver': Cannot prepare internal mirrorlist: Status code: 404 for https://mirrors.rpmfusion.org/metalink?repo=nonfree-fedora-nvidia-driver-39&arch=x86_64 (IP: 78.47.223.143)
2026-07-13T11:44:28+0530 DEBUG reviving: 'rpmfusion-nonfree-steam' can be revived - metalink checksums match.
2026-07-13T11:44:28+0530 DEBUG rpmfusion-nonfree-steam: using metadata from Sat 23 Nov 2024 06:58:50 PM IST.
2026-07-13T11:44:28+0530 DEBUG reviving: 'rpmfusion-nonfree-updates' can be revived - metalink checksums match.
2026-07-13T11:44:28+0530 DEBUG rpmfusion-nonfree-updates: using metadata from Sat 23 Nov 2024 06:41:49 PM IST.
2026-07-13T11:44:29+0530 DEBUG reviving: 'teams-for-linux' can be revived - repomd matches.
2026-07-13T11:44:29+0530 DEBUG teams-for-linux: using metadata from Tue 16 Jun 2026 12:42:51 PM IST.
2026-07-13T11:44:29+0530 WARNING Ignoring repositories: hashicorp, rpmfusion-nonfree-nvidia-driver
2026-07-13T11:44:29+0530 DDEBUG timer: sack setup: 22665 ms
2026-07-13T11:44:29+0530 DEBUG User-Agent: constructed: 'libdnf (Fedora Linux 39; workstation; Linux.x86_64)'
2026-07-13T11:44:29+0530 DEBUG Completion plugin: Generating completion cache...
2026-07-13T11:44:30+0530 INFO Metadata cache created.
2026-07-13T11:44:30+0530 DDEBUG Cleaning up.
2026-07-13T11:44:30+0530 DDEBUG Plugins were unloaded.
2026-07-13T13:08:02+0530 INFO --- logging initialized ---
2026-07-13T13:08:02+0530 DDEBUG timer: config: 156 ms
2026-07-13T13:08:02+0530 DEBUG Loaded plugins: builddep, changelog, config-manager, copr, debug, debuginfo-install, download, generate_completion_cache, groups-manager, needs-restarting, notify-packagekit, playground, repoclosure, repodiff, repograph, repomanage, reposync, system-upgrade
2026-07-13T13:08:02+0530 DEBUG DNF version: 4.21.1
2026-07-13T13:08:02+0530 DDEBUG Command: dnf makecache --timer 
2026-07-13T13:08:02+0530 DDEBUG Installroot: /
2026-07-13T13:08:02+0530 DDEBUG Releasever: 39
2026-07-13T13:08:02+0530 DEBUG cachedir: /var/cache/dnf
2026-07-13T13:08:02+0530 DDEBUG Base command: makecache
2026-07-13T13:08:02+0530 DDEBUG Extra commands: ['makecache', '--timer']
2026-07-13T13:08:02+0530 DEBUG Making cache files for all metadata files.
2026-07-13T13:08:02+0530 INFO Metadata cache refreshed recently.
2026-07-13T13:08:02+0530 DDEBUG Cleaning up.
2026-07-13T13:08:02+0530 DDEBUG Plugins were unloaded.
2026-07-13T14:14:03+0530 INFO --- logging initialized ---
2026-07-13T14:14:03+0530 DDEBUG timer: config: 57 ms
2026-07-13T14:14:04+0530 DEBUG Loaded plugins: builddep, changelog, config-manager, copr, debug, debuginfo-install, download, generate_completion_cache, groups-manager, needs-restarting, notify-packagekit, playground, repoclosure, repodiff, repograph, repomanage, reposync, system-upgrade
2026-07-13T14:14:04+0530 DEBUG DNF version: 4.21.1
2026-07-13T14:14:04+0530 DDEBUG Command: dnf makecache --timer 
2026-07-13T14:14:04+0530 DDEBUG Installroot: /
2026-07-13T14:14:04+0530 DDEBUG Releasever: 39
2026-07-13T14:14:04+0530 DEBUG cachedir: /var/cache/dnf
2026-07-13T14:14:04+0530 DDEBUG Base command: makecache
2026-07-13T14:14:04+0530 DDEBUG Extra commands: ['makecache', '--timer']
2026-07-13T14:14:04+0530 DEBUG Making cache files for all metadata files.
2026-07-13T14:14:04+0530 INFO Metadata timer caching disabled when running on a battery.
2026-07-13T14:14:04+0530 DDEBUG Cleaning up.
2026-07-13T14:14:04+0530 DDEBUG Plugins were unloaded.
2026-07-13T15:37:22+0530 INFO --- logging initialized ---
2026-07-13T15:37:22+0530 DDEBUG timer: config: 43 ms
2026-07-13T15:37:22+0530 DEBUG Loaded plugins: builddep, changelog, config-manager, copr, debug, debuginfo-install, download, generate_completion_cache, groups-manager, needs-restarting, notify-packagekit, playground, repoclosure, repodiff, repograph, repomanage, reposync, system-upgrade
2026-07-13T15:37:22+0530 DEBUG DNF version: 4.21.1
2026-07-13T15:37:22+0530 DDEBUG Command: dnf makecache --timer 
2026-07-13T15:37:22+0530 DDEBUG Installroot: /
2026-07-13T15:37:22+0530 DDEBUG Releasever: 39
2026-07-13T15:37:22+0530 DEBUG cachedir: /var/cache/dnf
2026-07-13T15:37:22+0530 DDEBUG Base command: makecache
2026-07-13T15:37:22+0530 DDEBUG Extra commands: ['makecache', '--timer']
2026-07-13T15:37:22+0530 DEBUG Making cache files for all metadata files.
2026-07-13T15:37:22+0530 DEBUG bitrix24: has expired and will be refreshed.
2026-07-13T15:37:22+0530 DEBUG brave-browser: has expired and will be refreshed.
2026-07-13T15:37:22+0530 DEBUG docker-ce-stable: has expired and will be refreshed.
2026-07-13T15:37:23+0530 DEBUG fedora: has expired and will be refreshed.
2026-07-13T15:37:23+0530 DEBUG fedora-cisco-openh264: has expired and will be refreshed.
2026-07-13T15:37:24+0530 DEBUG updates: has expired and will be refreshed.
2026-07-13T15:37:24+0530 DEBUG google-chrome: has expired and will be refreshed.
2026-07-13T15:37:24+0530 DEBUG hashicorp: has expired and will be refreshed.
2026-07-13T15:37:24+0530 DEBUG jenkins: has expired and will be refreshed.
2026-07-13T15:37:24+0530 DEBUG packages-microsoft-com-prod: has expired and will be refreshed.
2026-07-13T15:37:24+0530 DEBUG rpmfusion-free: has expired and will be refreshed.
2026-07-13T15:37:24+0530 DEBUG rpmfusion-free-updates: has expired and will be refreshed.
2026-07-13T15:37:24+0530 DEBUG rpmfusion-nonfree: has expired and will be refreshed.
2026-07-13T15:37:24+0530 DEBUG rpmfusion-nonfree-nvidia-driver: has expired and will be refreshed.
2026-07-13T15:37:24+0530 DEBUG rpmfusion-nonfree-steam: has expired and will be refreshed.
2026-07-13T15:37:24+0530 DEBUG rpmfusion-nonfree-updates: has expired and will be refreshed.
2026-07-13T15:37:24+0530 DEBUG teams-for-linux: has expired and will be refreshed.
2026-07-13T15:37:24+0530 DEBUG reviving: 'bitrix24' can be revived - repomd matches.
2026-07-13T15:37:24+0530 DEBUG bitrix24: using metadata from Mon 20 Apr 2026 09:02:48 PM IST.
2026-07-13T15:37:24+0530 DEBUG reviving: 'brave-browser' can be revived - repomd matches.
2026-07-13T15:37:24+0530 DEBUG brave-browser: using metadata from Fri 10 Jul 2026 01:56:53 AM IST.
2026-07-13T15:37:24+0530 DEBUG reviving: 'docker-ce-stable' can be revived - repomd matches.
2026-07-13T15:37:24+0530 DEBUG docker-ce-stable: using metadata from Wed 13 Nov 2024 06:00:28 PM IST.
2026-07-13T15:37:25+0530 DEBUG countme: no event for fedora: window already counted
2026-07-13T15:37:25+0530 DEBUG reviving: 'fedora' can be revived - metalink checksums match.
2026-07-13T15:37:26+0530 DEBUG fedora: using metadata from Wed 01 Nov 2023 05:42:39 AM IST.
2026-07-13T15:37:27+0530 DEBUG reviving: 'fedora-cisco-openh264' can be revived - metalink checksums match.
2026-07-13T15:37:27+0530 DEBUG fedora-cisco-openh264: using metadata from Tue 12 Mar 2024 05:43:24 PM IST.
2026-07-13T15:37:27+0530 DEBUG countme: no event for updates: window already counted
2026-07-13T15:37:27+0530 DEBUG reviving: 'updates' can be revived - metalink checksums match.
2026-07-13T15:37:29+0530 DEBUG updates: using metadata from Tue 26 Nov 2024 10:05:09 PM IST.
2026-07-13T15:37:29+0530 DEBUG reviving: 'google-chrome' can be revived - repomd matches.
2026-07-13T15:37:29+0530 DEBUG google-chrome: using metadata from Sun 12 Jul 2026 03:36:07 PM IST.
2026-07-13T15:37:29+0530 DEBUG repo: downloading from remote: hashicorp
2026-07-13T15:37:30+0530 DEBUG error: Status code: 404 for https://rpm.releases.hashicorp.com/fedora/39/x86_64/stable/repodata/repomd.xml (IP: 13.225.5.32) (https://rpm.releases.hashicorp.com/fedora/39/x86_64/stable/repodata/repomd.xml).
2026-07-13T15:37:30+0530 WARNING Errors during downloading metadata for repository 'hashicorp':
  - Status code: 404 for https://rpm.releases.hashicorp.com/fedora/39/x86_64/stable/repodata/repomd.xml (IP: 13.225.5.32)
2026-07-13T15:37:30+0530 WARNING Error: Failed to download metadata for repo 'hashicorp': Cannot download repomd.xml: Status code: 404 for https://rpm.releases.hashicorp.com/fedora/39/x86_64/stable/repodata/repomd.xml (IP: 13.225.5.32)
2026-07-13T15:37:30+0530 DEBUG reviving: 'jenkins' can be revived - repomd matches.
2026-07-13T15:37:30+0530 DEBUG jenkins: using metadata from Thu 09 Jul 2026 09:13:24 PM IST.
2026-07-13T15:37:33+0530 DEBUG reviving: 'packages-microsoft-com-prod' can be revived - repomd matches.
2026-07-13T15:37:33+0530 DEBUG packages-microsoft-com-prod: using metadata from Fri 10 Jul 2026 02:53:11 AM IST.
2026-07-13T15:37:34+0530 DEBUG reviving: 'rpmfusion-free' can be revived - metalink checksums match.
2026-07-13T15:37:34+0530 DEBUG rpmfusion-free: using metadata from Sat 04 Nov 2023 10:19:08 PM IST.
2026-07-13T15:37:34+0530 DEBUG reviving: 'rpmfusion-free-updates' can be revived - metalink checksums match.
2026-07-13T15:37:34+0530 DEBUG rpmfusion-free-updates: using metadata from Sat 23 Nov 2024 06:15:37 PM IST.
2026-07-13T15:37:35+0530 DEBUG reviving: 'rpmfusion-nonfree' can be revived - metalink checksums match.
2026-07-13T15:37:35+0530 DEBUG rpmfusion-nonfree: using metadata from Sat 04 Nov 2023 10:56:32 PM IST.
2026-07-13T15:37:36+0530 DEBUG error: Status code: 404 for https://mirrors.rpmfusion.org/metalink?repo=nonfree-fedora-nvidia-driver-39&arch=x86_64 (IP: 158.69.60.128) (https://mirrors.rpmfusion.org/metalink?repo=nonfree-fedora-nvidia-driver-39&arch=x86_64).
2026-07-13T15:37:37+0530 DEBUG error: Status code: 404 for https://mirrors.rpmfusion.org/metalink?repo=nonfree-fedora-nvidia-driver-39&arch=x86_64 (IP: 158.69.60.128) (https://mirrors.rpmfusion.org/metalink?repo=nonfree-fedora-nvidia-driver-39&arch=x86_64).
2026-07-13T15:37:37+0530 DEBUG error: Status code: 404 for https://mirrors.rpmfusion.org/metalink?repo=nonfree-fedora-nvidia-driver-39&arch=x86_64 (IP: 158.69.60.128) (https://mirrors.rpmfusion.org/metalink?repo=nonfree-fedora-nvidia-driver-39&arch=x86_64).
2026-07-13T15:37:37+0530 DEBUG error: Status code: 404 for https://mirrors.rpmfusion.org/metalink?repo=nonfree-fedora-nvidia-driver-39&arch=x86_64 (IP: 158.69.60.128) (https://mirrors.rpmfusion.org/metalink?repo=nonfree-fedora-nvidia-driver-39&arch=x86_64).
2026-07-13T15:37:38+0530 DEBUG error: Status code: 404 for https://mirrors.rpmfusion.org/metalink?repo=nonfree-fedora-nvidia-driver-39&arch=x86_64 (IP: 158.69.60.128) (https://mirrors.rpmfusion.org/metalink?repo=nonfree-fedora-nvidia-driver-39&arch=x86_64).
2026-07-13T15:37:39+0530 DEBUG error: Status code: 404 for https://mirrors.rpmfusion.org/metalink?repo=nonfree-fedora-nvidia-driver-39&arch=x86_64 (IP: 158.69.60.128) (https://mirrors.rpmfusion.org/metalink?repo=nonfree-fedora-nvidia-driver-39&arch=x86_64).
2026-07-13T15:37:39+0530 DEBUG error: Status code: 404 for https://mirrors.rpmfusion.org/metalink?repo=nonfree-fedora-nvidia-driver-39&arch=x86_64 (IP: 158.69.60.128) (https://mirrors.rpmfusion.org/metalink?repo=nonfree-fedora-nvidia-driver-39&arch=x86_64).
2026-07-13T15:37:39+0530 DEBUG error: Status code: 404 for https://mirrors.rpmfusion.org/metalink?repo=nonfree-fedora-nvidia-driver-39&arch=x86_64 (IP: 158.69.60.128) (https://mirrors.rpmfusion.org/metalink?repo=nonfree-fedora-nvidia-driver-39&arch=x86_64).
2026-07-13T15:37:40+0530 DEBUG error: Status code: 404 for https://mirrors.rpmfusion.org/metalink?repo=nonfree-fedora-nvidia-driver-39&arch=x86_64 (IP: 78.47.223.143) (https://mirrors.rpmfusion.org/metalink?repo=nonfree-fedora-nvidia-driver-39&arch=x86_64).
2026-07-13T15:37:40+0530 DEBUG error: Status code: 404 for https://mirrors.rpmfusion.org/metalink?repo=nonfree-fedora-nvidia-driver-39&arch=x86_64 (IP: 78.47.223.143) (https://mirrors.rpmfusion.org/metalink?repo=nonfree-fedora-nvidia-driver-39&arch=x86_64).
2026-07-13T15:37:41+0530 DEBUG error: Status code: 404 for https://mirrors.rpmfusion.org/metalink?repo=nonfree-fedora-nvidia-driver-39&arch=x86_64 (IP: 78.47.223.143) (https://mirrors.rpmfusion.org/metalink?repo=nonfree-fedora-nvidia-driver-39&arch=x86_64).
2026-07-13T15:37:41+0530 DEBUG error: Status code: 404 for https://mirrors.rpmfusion.org/metalink?repo=nonfree-fedora-nvidia-driver-39&arch=x86_64 (IP: 78.47.223.143) (https://mirrors.rpmfusion.org/metalink?repo=nonfree-fedora-nvidia-driver-39&arch=x86_64).
2026-07-13T15:37:41+0530 WARNING Errors during downloading metadata for repository 'rpmfusion-nonfree-nvidia-driver':
  - Status code: 404 for https://mirrors.rpmfusion.org/metalink?repo=nonfree-fedora-nvidia-driver-39&arch=x86_64 (IP: 158.69.60.128)
  - Status code: 404 for https://mirrors.rpmfusion.org/metalink?repo=nonfree-fedora-nvidia-driver-39&arch=x86_64 (IP: 78.47.223.143)
2026-07-13T15:37:41+0530 WARNING Error: Failed to download metadata for repo 'rpmfusion-nonfree-nvidia-driver': Cannot prepare internal mirrorlist: Status code: 404 for https://mirrors.rpmfusion.org/metalink?repo=nonfree-fedora-nvidia-driver-39&arch=x86_64 (IP: 78.47.223.143)
2026-07-13T15:37:41+0530 DEBUG reviving: 'rpmfusion-nonfree-steam' can be revived - metalink checksums match.
2026-07-13T15:37:41+0530 DEBUG rpmfusion-nonfree-steam: using metadata from Sat 23 Nov 2024 06:58:50 PM IST.
2026-07-13T15:37:42+0530 DEBUG reviving: 'rpmfusion-nonfree-updates' can be revived - metalink checksums match.
2026-07-13T15:37:42+0530 DEBUG rpmfusion-nonfree-updates: using metadata from Sat 23 Nov 2024 06:41:49 PM IST.
2026-07-13T15:37:42+0530 DEBUG reviving: 'teams-for-linux' can be revived - repomd matches.
2026-07-13T15:37:42+0530 DEBUG teams-for-linux: using metadata from Tue 16 Jun 2026 12:42:51 PM IST.
2026-07-13T15:37:42+0530 WARNING Ignoring repositories: hashicorp, rpmfusion-nonfree-nvidia-driver
2026-07-13T15:37:42+0530 DDEBUG timer: sack setup: 18690 ms
2026-07-13T15:37:42+0530 DEBUG User-Agent: constructed: 'libdnf (Fedora Linux 39; workstation; Linux.x86_64)'
2026-07-13T15:37:42+0530 INFO Metadata cache created.
2026-07-13T15:37:42+0530 DDEBUG Cleaning up.
2026-07-13T15:37:42+0530 DDEBUG Plugins were unloaded.
2026-07-13T17:12:03+0530 INFO --- logging initialized ---
2026-07-13T17:12:03+0530 DDEBUG timer: config: 70 ms
2026-07-13T17:12:03+0530 DEBUG Loaded plugins: builddep, changelog, config-manager, copr, debug, debuginfo-install, download, generate_completion_cache, groups-manager, needs-restarting, notify-packagekit, playground, repoclosure, repodiff, repograph, repomanage, reposync, system-upgrade
2026-07-13T17:12:03+0530 DEBUG DNF version: 4.21.1
2026-07-13T17:12:03+0530 DDEBUG Command: dnf makecache --timer 
2026-07-13T17:12:03+0530 DDEBUG Installroot: /
2026-07-13T17:12:03+0530 DDEBUG Releasever: 39
2026-07-13T17:12:03+0530 DEBUG cachedir: /var/cache/dnf
2026-07-13T17:12:03+0530 DDEBUG Base command: makecache
2026-07-13T17:12:03+0530 DDEBUG Extra commands: ['makecache', '--timer']
2026-07-13T17:12:03+0530 DEBUG Making cache files for all metadata files.
2026-07-13T17:12:03+0530 INFO Metadata cache refreshed recently.
2026-07-13T17:12:03+0530 DDEBUG Cleaning up.
2026-07-13T17:12:03+0530 DDEBUG Plugins were unloaded.
2026-07-13T18:58:02+0530 INFO --- logging initialized ---
2026-07-13T18:58:02+0530 DDEBUG timer: config: 6 ms
2026-07-13T18:58:02+0530 DEBUG Loaded plugins: builddep, changelog, config-manager, copr, debug, debuginfo-install, download, generate_completion_cache, groups-manager, needs-restarting, notify-packagekit, playground, repoclosure, repodiff, repograph, repomanage, reposync, system-upgrade
2026-07-13T18:58:02+0530 DEBUG DNF version: 4.21.1
2026-07-13T18:58:02+0530 DDEBUG Command: dnf makecache --timer 
2026-07-13T18:58:02+0530 DDEBUG Installroot: /
2026-07-13T18:58:02+0530 DDEBUG Releasever: 39
2026-07-13T18:58:02+0530 DEBUG cachedir: /var/cache/dnf
2026-07-13T18:58:02+0530 DDEBUG Base command: makecache
2026-07-13T18:58:02+0530 DDEBUG Extra commands: ['makecache', '--timer']
2026-07-13T18:58:02+0530 DEBUG Making cache files for all metadata files.
2026-07-13T18:58:02+0530 DEBUG bitrix24: has expired and will be refreshed.
2026-07-13T18:58:02+0530 DEBUG brave-browser: has expired and will be refreshed.
2026-07-13T18:58:02+0530 DEBUG docker-ce-stable: has expired and will be refreshed.
2026-07-13T18:58:03+0530 DEBUG fedora: has expired and will be refreshed.
2026-07-13T18:58:03+0530 DEBUG fedora-cisco-openh264: has expired and will be refreshed.
2026-07-13T18:58:03+0530 DEBUG updates: has expired and will be refreshed.
2026-07-13T18:58:03+0530 DEBUG google-chrome: has expired and will be refreshed.
2026-07-13T18:58:03+0530 DEBUG hashicorp: has expired and will be refreshed.
2026-07-13T18:58:03+0530 DEBUG jenkins: has expired and will be refreshed.
2026-07-13T18:58:03+0530 DEBUG packages-microsoft-com-prod: has expired and will be refreshed.
2026-07-13T18:58:03+0530 DEBUG rpmfusion-free: has expired and will be refreshed.
2026-07-13T18:58:03+0530 DEBUG rpmfusion-free-updates: has expired and will be refreshed.
2026-07-13T18:58:03+0530 DEBUG rpmfusion-nonfree: has expired and will be refreshed.
2026-07-13T18:58:03+0530 DEBUG rpmfusion-nonfree-nvidia-driver: has expired and will be refreshed.
2026-07-13T18:58:03+0530 DEBUG rpmfusion-nonfree-steam: has expired and will be refreshed.
2026-07-13T18:58:03+0530 DEBUG rpmfusion-nonfree-updates: has expired and will be refreshed.
2026-07-13T18:58:03+0530 DEBUG teams-for-linux: has expired and will be refreshed.
2026-07-13T18:58:03+0530 DEBUG reviving: 'bitrix24' can be revived - repomd matches.
2026-07-13T18:58:03+0530 DEBUG bitrix24: using metadata from Mon 20 Apr 2026 09:02:48 PM IST.
2026-07-13T18:58:04+0530 DEBUG reviving: 'brave-browser' can be revived - repomd matches.
2026-07-13T18:58:04+0530 DEBUG brave-browser: using metadata from Fri 10 Jul 2026 01:56:53 AM IST.
2026-07-13T18:58:04+0530 DEBUG reviving: 'docker-ce-stable' can be revived - repomd matches.
2026-07-13T18:58:04+0530 DEBUG docker-ce-stable: using metadata from Wed 13 Nov 2024 06:00:28 PM IST.
2026-07-13T18:58:04+0530 DEBUG countme: no event for fedora: window already counted
2026-07-13T18:58:04+0530 DEBUG reviving: 'fedora' can be revived - metalink checksums match.
2026-07-13T18:58:05+0530 DEBUG fedora: using metadata from Wed 01 Nov 2023 05:42:39 AM IST.
2026-07-13T18:58:05+0530 DEBUG reviving: 'fedora-cisco-openh264' can be revived - metalink checksums match.
2026-07-13T18:58:05+0530 DEBUG fedora-cisco-openh264: using metadata from Tue 12 Mar 2024 05:43:24 PM IST.
2026-07-13T18:58:05+0530 DEBUG countme: no event for updates: window already counted
2026-07-13T18:58:05+0530 DEBUG reviving: 'updates' can be revived - metalink checksums match.
2026-07-13T18:58:07+0530 DEBUG updates: using metadata from Tue 26 Nov 2024 10:05:09 PM IST.
2026-07-13T18:58:07+0530 DEBUG reviving: failed for 'google-chrome', mismatched repomd.
2026-07-13T18:58:07+0530 DEBUG repo: downloading from remote: google-chrome
2026-07-13T18:58:08+0530 DEBUG google-chrome: using metadata from Mon 13 Jul 2026 04:24:15 PM IST.
2026-07-13T18:58:08+0530 DEBUG repo: downloading from remote: hashicorp
2026-07-13T18:58:08+0530 DEBUG error: Status code: 404 for https://rpm.releases.hashicorp.com/fedora/39/x86_64/stable/repodata/repomd.xml (IP: 13.225.5.117) (https://rpm.releases.hashicorp.com/fedora/39/x86_64/stable/repodata/repomd.xml).
2026-07-13T18:58:08+0530 WARNING Errors during downloading metadata for repository 'hashicorp':
  - Status code: 404 for https://rpm.releases.hashicorp.com/fedora/39/x86_64/stable/repodata/repomd.xml (IP: 13.225.5.117)
2026-07-13T18:58:08+0530 WARNING Error: Failed to download metadata for repo 'hashicorp': Cannot download repomd.xml: Status code: 404 for https://rpm.releases.hashicorp.com/fedora/39/x86_64/stable/repodata/repomd.xml (IP: 13.225.5.117)
2026-07-13T18:58:09+0530 DEBUG reviving: 'jenkins' can be revived - repomd matches.
2026-07-13T18:58:09+0530 DEBUG jenkins: using metadata from Thu 09 Jul 2026 09:13:24 PM IST.
2026-07-13T18:58:10+0530 DEBUG reviving: 'packages-microsoft-com-prod' can be revived - repomd matches.
2026-07-13T18:58:11+0530 DEBUG packages-microsoft-com-prod: using metadata from Fri 10 Jul 2026 02:53:11 AM IST.
2026-07-13T18:58:12+0530 DEBUG reviving: 'rpmfusion-free' can be revived - metalink checksums match.
2026-07-13T18:58:12+0530 DEBUG rpmfusion-free: using metadata from Sat 04 Nov 2023 10:19:08 PM IST.
2026-07-13T18:58:12+0530 DEBUG reviving: 'rpmfusion-free-updates' can be revived - metalink checksums match.
2026-07-13T18:58:13+0530 DEBUG rpmfusion-free-updates: using metadata from Sat 23 Nov 2024 06:15:37 PM IST.
2026-07-13T18:58:13+0530 DEBUG reviving: 'rpmfusion-nonfree' can be revived - metalink checksums match.
2026-07-13T18:58:13+0530 DEBUG rpmfusion-nonfree: using metadata from Sat 04 Nov 2023 10:56:32 PM IST.
2026-07-13T18:58:15+0530 DEBUG error: Status code: 404 for https://mirrors.rpmfusion.org/metalink?repo=nonfree-fedora-nvidia-driver-39&arch=x86_64 (IP: 78.47.223.143) (https://mirrors.rpmfusion.org/metalink?repo=nonfree-fedora-nvidia-driver-39&arch=x86_64).
2026-07-13T18:58:15+0530 DEBUG error: Status code: 404 for https://mirrors.rpmfusion.org/metalink?repo=nonfree-fedora-nvidia-driver-39&arch=x86_64 (IP: 78.47.223.143) (https://mirrors.rpmfusion.org/metalink?repo=nonfree-fedora-nvidia-driver-39&arch=x86_64).
2026-07-13T18:58:15+0530 DEBUG error: Status code: 404 for https://mirrors.rpmfusion.org/metalink?repo=nonfree-fedora-nvidia-driver-39&arch=x86_64 (IP: 78.47.223.143) (https://mirrors.rpmfusion.org/metalink?repo=nonfree-fedora-nvidia-driver-39&arch=x86_64).
2026-07-13T18:58:15+0530 DEBUG error: Status code: 404 for https://mirrors.rpmfusion.org/metalink?repo=nonfree-fedora-nvidia-driver-39&arch=x86_64 (IP: 78.47.223.143) (https://mirrors.rpmfusion.org/metalink?repo=nonfree-fedora-nvidia-driver-39&arch=x86_64).
2026-07-13T18:58:17+0530 DEBUG error: Status code: 404 for https://mirrors.rpmfusion.org/metalink?repo=nonfree-fedora-nvidia-driver-39&arch=x86_64 (IP: 158.69.60.128) (https://mirrors.rpmfusion.org/metalink?repo=nonfree-fedora-nvidia-driver-39&arch=x86_64).
2026-07-13T18:58:17+0530 DEBUG error: Status code: 404 for https://mirrors.rpmfusion.org/metalink?repo=nonfree-fedora-nvidia-driver-39&arch=x86_64 (IP: 158.69.60.128) (https://mirrors.rpmfusion.org/metalink?repo=nonfree-fedora-nvidia-driver-39&arch=x86_64).
2026-07-13T18:58:18+0530 DEBUG error: Status code: 404 for https://mirrors.rpmfusion.org/metalink?repo=nonfree-fedora-nvidia-driver-39&arch=x86_64 (IP: 158.69.60.128) (https://mirrors.rpmfusion.org/metalink?repo=nonfree-fedora-nvidia-driver-39&arch=x86_64).
2026-07-13T18:58:18+0530 DEBUG error: Status code: 404 for https://mirrors.rpmfusion.org/metalink?repo=nonfree-fedora-nvidia-driver-39&arch=x86_64 (IP: 158.69.60.128) (https://mirrors.rpmfusion.org/metalink?repo=nonfree-fedora-nvidia-driver-39&arch=x86_64).
2026-07-13T18:58:20+0530 DEBUG error: Status code: 404 for https://mirrors.rpmfusion.org/metalink?repo=nonfree-fedora-nvidia-driver-39&arch=x86_64 (IP: 78.47.223.143) (https://mirrors.rpmfusion.org/metalink?repo=nonfree-fedora-nvidia-driver-39&arch=x86_64).
2026-07-13T18:58:20+0530 DEBUG error: Status code: 404 for https://mirrors.rpmfusion.org/metalink?repo=nonfree-fedora-nvidia-driver-39&arch=x86_64 (IP: 78.47.223.143) (https://mirrors.rpmfusion.org/metalink?repo=nonfree-fedora-nvidia-driver-39&arch=x86_64).
2026-07-13T18:58:20+0530 DEBUG error: Status code: 404 for https://mirrors.rpmfusion.org/metalink?repo=nonfree-fedora-nvidia-driver-39&arch=x86_64 (IP: 78.47.223.143) (https://mirrors.rpmfusion.org/metalink?repo=nonfree-fedora-nvidia-driver-39&arch=x86_64).
2026-07-13T18:58:21+0530 DEBUG error: Status code: 404 for https://mirrors.rpmfusion.org/metalink?repo=nonfree-fedora-nvidia-driver-39&arch=x86_64 (IP: 78.47.223.143) (https://mirrors.rpmfusion.org/metalink?repo=nonfree-fedora-nvidia-driver-39&arch=x86_64).
2026-07-13T18:58:21+0530 WARNING Errors during downloading metadata for repository 'rpmfusion-nonfree-nvidia-driver':
  - Status code: 404 for https://mirrors.rpmfusion.org/metalink?repo=nonfree-fedora-nvidia-driver-39&arch=x86_64 (IP: 158.69.60.128)
  - Status code: 404 for https://mirrors.rpmfusion.org/metalink?repo=nonfree-fedora-nvidia-driver-39&arch=x86_64 (IP: 78.47.223.143)
2026-07-13T18:58:21+0530 WARNING Error: Failed to download metadata for repo 'rpmfusion-nonfree-nvidia-driver': Cannot prepare internal mirrorlist: Status code: 404 for https://mirrors.rpmfusion.org/metalink?repo=nonfree-fedora-nvidia-driver-39&arch=x86_64 (IP: 78.47.223.143)
2026-07-13T18:58:22+0530 DEBUG reviving: 'rpmfusion-nonfree-steam' can be revived - metalink checksums match.
2026-07-13T18:58:22+0530 DEBUG rpmfusion-nonfree-steam: using metadata from Sat 23 Nov 2024 06:58:50 PM IST.
2026-07-13T18:58:22+0530 DEBUG reviving: 'rpmfusion-nonfree-updates' can be revived - metalink checksums match.
2026-07-13T18:58:22+0530 DEBUG rpmfusion-nonfree-updates: using metadata from Sat 23 Nov 2024 06:41:49 PM IST.
2026-07-13T18:58:23+0530 DEBUG reviving: 'teams-for-linux' can be revived - repomd matches.
2026-07-13T18:58:23+0530 DEBUG teams-for-linux: using metadata from Tue 16 Jun 2026 12:42:51 PM IST.
2026-07-13T18:58:23+0530 WARNING Ignoring repositories: hashicorp, rpmfusion-nonfree-nvidia-driver
2026-07-13T18:58:23+0530 DDEBUG timer: sack setup: 19665 ms
2026-07-13T18:58:23+0530 DEBUG User-Agent: constructed: 'libdnf (Fedora Linux 39; workstation; Linux.x86_64)'
2026-07-13T18:58:23+0530 DEBUG Completion plugin: Generating completion cache...
2026-07-13T18:58:24+0530 INFO Metadata cache created.
2026-07-13T18:58:24+0530 DDEBUG Cleaning up.
2026-07-13T18:58:24+0530 DDEBUG Plugins were unloaded.
2026-07-13T20:09:05+0530 INFO --- logging initialized ---
2026-07-13T20:09:05+0530 DDEBUG timer: config: 143 ms
2026-07-13T20:09:05+0530 DEBUG Loaded plugins: builddep, changelog, config-manager, copr, debug, debuginfo-install, download, generate_completion_cache, groups-manager, needs-restarting, notify-packagekit, playground, repoclosure, repodiff, repograph, repomanage, reposync, system-upgrade
2026-07-13T20:09:05+0530 DEBUG DNF version: 4.21.1
2026-07-13T20:09:05+0530 DDEBUG Command: dnf makecache --timer 
2026-07-13T20:09:05+0530 DDEBUG Installroot: /
2026-07-13T20:09:05+0530 DDEBUG Releasever: 39
2026-07-13T20:09:05+0530 DEBUG cachedir: /var/cache/dnf
2026-07-13T20:09:05+0530 DDEBUG Base command: makecache
2026-07-13T20:09:05+0530 DDEBUG Extra commands: ['makecache', '--timer']
2026-07-13T20:09:05+0530 DEBUG Making cache files for all metadata files.
2026-07-13T20:09:05+0530 INFO Metadata cache refreshed recently.
2026-07-13T20:09:05+0530 DDEBUG Cleaning up.
2026-07-13T20:09:05+0530 DDEBUG Plugins were unloaded.
2026-07-13T21:17:03+0530 INFO --- logging initialized ---
2026-07-13T21:17:03+0530 DDEBUG timer: config: 161 ms
2026-07-13T21:17:03+0530 DEBUG Loaded plugins: builddep, changelog, config-manager, copr, debug, debuginfo-install, download, generate_completion_cache, groups-manager, needs-restarting, notify-packagekit, playground, repoclosure, repodiff, repograph, repomanage, reposync, system-upgrade
2026-07-13T21:17:03+0530 DEBUG DNF version: 4.21.1
2026-07-13T21:17:03+0530 DDEBUG Command: dnf makecache --timer 
2026-07-13T21:17:03+0530 DDEBUG Installroot: /
2026-07-13T21:17:03+0530 DDEBUG Releasever: 39
2026-07-13T21:17:03+0530 DEBUG cachedir: /var/cache/dnf
2026-07-13T21:17:03+0530 DDEBUG Base command: makecache
2026-07-13T21:17:03+0530 DDEBUG Extra commands: ['makecache', '--timer']
2026-07-13T21:17:03+0530 DEBUG Making cache files for all metadata files.
2026-07-13T21:17:03+0530 INFO Metadata cache refreshed recently.
2026-07-13T21:17:03+0530 DDEBUG Cleaning up.
2026-07-13T21:17:03+0530 DDEBUG Plugins were unloaded.
2026-07-14T11:39:18+0530 INFO --- logging initialized ---
2026-07-14T11:39:18+0530 DDEBUG timer: config: 148 ms
2026-07-14T11:39:18+0530 DEBUG Loaded plugins: builddep, changelog, config-manager, copr, debug, debuginfo-install, download, generate_completion_cache, groups-manager, needs-restarting, notify-packagekit, playground, repoclosure, repodiff, repograph, repomanage, reposync, system-upgrade
2026-07-14T11:39:18+0530 DEBUG DNF version: 4.21.1
2026-07-14T11:39:18+0530 DDEBUG Command: dnf makecache --timer 
2026-07-14T11:39:18+0530 DDEBUG Installroot: /
2026-07-14T11:39:18+0530 DDEBUG Releasever: 39
2026-07-14T11:39:18+0530 DEBUG cachedir: /var/cache/dnf
2026-07-14T11:39:18+0530 DDEBUG Base command: makecache
2026-07-14T11:39:18+0530 DDEBUG Extra commands: ['makecache', '--timer']
2026-07-14T11:39:18+0530 DEBUG Making cache files for all metadata files.
2026-07-14T11:39:18+0530 DEBUG bitrix24: has expired and will be refreshed.
2026-07-14T11:39:18+0530 DEBUG brave-browser: has expired and will be refreshed.
2026-07-14T11:39:18+0530 DEBUG docker-ce-stable: has expired and will be refreshed.
2026-07-14T11:39:21+0530 DEBUG fedora: has expired and will be refreshed.
2026-07-14T11:39:21+0530 DEBUG fedora-cisco-openh264: has expired and will be refreshed.
2026-07-14T11:39:21+0530 DEBUG updates: has expired and will be refreshed.
2026-07-14T11:39:21+0530 DEBUG google-chrome: has expired and will be refreshed.
2026-07-14T11:39:21+0530 DEBUG hashicorp: has expired and will be refreshed.
2026-07-14T11:39:21+0530 DEBUG jenkins: has expired and will be refreshed.
2026-07-14T11:39:21+0530 DEBUG packages-microsoft-com-prod: has expired and will be refreshed.
2026-07-14T11:39:21+0530 DEBUG rpmfusion-free: has expired and will be refreshed.
2026-07-14T11:39:21+0530 DEBUG rpmfusion-free-updates: has expired and will be refreshed.
2026-07-14T11:39:21+0530 DEBUG rpmfusion-nonfree: has expired and will be refreshed.
2026-07-14T11:39:21+0530 DEBUG rpmfusion-nonfree-nvidia-driver: has expired and will be refreshed.
2026-07-14T11:39:21+0530 DEBUG rpmfusion-nonfree-steam: has expired and will be refreshed.
2026-07-14T11:39:21+0530 DEBUG rpmfusion-nonfree-updates: has expired and will be refreshed.
2026-07-14T11:39:21+0530 DEBUG teams-for-linux: has expired and will be refreshed.
2026-07-14T11:39:21+0530 DEBUG reviving: 'bitrix24' can be revived - repomd matches.
2026-07-14T11:39:21+0530 DEBUG bitrix24: using metadata from Mon 20 Apr 2026 09:02:48 PM IST.
2026-07-14T11:39:21+0530 DEBUG reviving: 'brave-browser' can be revived - repomd matches.
2026-07-14T11:39:21+0530 DEBUG brave-browser: using metadata from Fri 10 Jul 2026 01:56:53 AM IST.
2026-07-14T11:39:22+0530 DEBUG reviving: 'docker-ce-stable' can be revived - repomd matches.
2026-07-14T11:39:22+0530 DEBUG docker-ce-stable: using metadata from Wed 13 Nov 2024 06:00:28 PM IST.
2026-07-14T11:39:22+0530 DEBUG countme: no event for fedora: window already counted
2026-07-14T11:39:22+0530 DEBUG reviving: 'fedora' can be revived - metalink checksums match.
2026-07-14T11:39:24+0530 DEBUG fedora: using metadata from Wed 01 Nov 2023 05:42:39 AM IST.
2026-07-14T11:39:25+0530 DEBUG reviving: 'fedora-cisco-openh264' can be revived - metalink checksums match.
2026-07-14T11:39:25+0530 DEBUG fedora-cisco-openh264: using metadata from Tue 12 Mar 2024 05:43:24 PM IST.
2026-07-14T11:39:25+0530 DEBUG countme: no event for updates: window already counted
2026-07-14T11:39:26+0530 DEBUG reviving: 'updates' can be revived - metalink checksums match.
2026-07-14T11:39:27+0530 DEBUG updates: using metadata from Tue 26 Nov 2024 10:05:09 PM IST.
2026-07-14T11:39:27+0530 DEBUG reviving: failed for 'google-chrome', mismatched repomd.
2026-07-14T11:39:27+0530 DEBUG repo: downloading from remote: google-chrome
2026-07-14T11:39:28+0530 DEBUG google-chrome: using metadata from Tue 14 Jul 2026 06:46:20 AM IST.
2026-07-14T11:39:28+0530 DEBUG repo: downloading from remote: hashicorp
2026-07-14T11:39:29+0530 DEBUG error: Status code: 404 for https://rpm.releases.hashicorp.com/fedora/39/x86_64/stable/repodata/repomd.xml (IP: 13.225.5.32) (https://rpm.releases.hashicorp.com/fedora/39/x86_64/stable/repodata/repomd.xml).
2026-07-14T11:39:29+0530 WARNING Errors during downloading metadata for repository 'hashicorp':
  - Status code: 404 for https://rpm.releases.hashicorp.com/fedora/39/x86_64/stable/repodata/repomd.xml (IP: 13.225.5.32)
2026-07-14T11:39:29+0530 WARNING Error: Failed to download metadata for repo 'hashicorp': Cannot download repomd.xml: Status code: 404 for https://rpm.releases.hashicorp.com/fedora/39/x86_64/stable/repodata/repomd.xml (IP: 13.225.5.32)
2026-07-14T11:39:29+0530 DEBUG reviving: 'jenkins' can be revived - repomd matches.
2026-07-14T11:39:29+0530 DEBUG jenkins: using metadata from Thu 09 Jul 2026 09:13:24 PM IST.
2026-07-14T11:39:30+0530 DEBUG reviving: 'packages-microsoft-com-prod' can be revived - repomd matches.
2026-07-14T11:39:31+0530 DEBUG packages-microsoft-com-prod: using metadata from Fri 10 Jul 2026 02:53:11 AM IST.
2026-07-14T11:39:32+0530 DEBUG reviving: 'rpmfusion-free' can be revived - metalink checksums match.
2026-07-14T11:39:32+0530 DEBUG rpmfusion-free: using metadata from Sat 04 Nov 2023 10:19:08 PM IST.
2026-07-14T11:39:33+0530 DEBUG reviving: 'rpmfusion-free-updates' can be revived - metalink checksums match.
2026-07-14T11:39:33+0530 DEBUG rpmfusion-free-updates: using metadata from Sat 23 Nov 2024 06:15:37 PM IST.
2026-07-14T11:39:33+0530 DEBUG reviving: 'rpmfusion-nonfree' can be revived - metalink checksums match.
2026-07-14T11:39:33+0530 DEBUG rpmfusion-nonfree: using metadata from Sat 04 Nov 2023 10:56:32 PM IST.
2026-07-14T11:39:34+0530 DEBUG error: Status code: 404 for https://mirrors.rpmfusion.org/metalink?repo=nonfree-fedora-nvidia-driver-39&arch=x86_64 (IP: 78.47.223.143) (https://mirrors.rpmfusion.org/metalink?repo=nonfree-fedora-nvidia-driver-39&arch=x86_64).
2026-07-14T11:39:35+0530 DEBUG error: Status code: 404 for https://mirrors.rpmfusion.org/metalink?repo=nonfree-fedora-nvidia-driver-39&arch=x86_64 (IP: 78.47.223.143) (https://mirrors.rpmfusion.org/metalink?repo=nonfree-fedora-nvidia-driver-39&arch=x86_64).
2026-07-14T11:39:35+0530 DEBUG error: Status code: 404 for https://mirrors.rpmfusion.org/metalink?repo=nonfree-fedora-nvidia-driver-39&arch=x86_64 (IP: 78.47.223.143) (https://mirrors.rpmfusion.org/metalink?repo=nonfree-fedora-nvidia-driver-39&arch=x86_64).
2026-07-14T11:39:36+0530 DEBUG error: Status code: 404 for https://mirrors.rpmfusion.org/metalink?repo=nonfree-fedora-nvidia-driver-39&arch=x86_64 (IP: 78.47.223.143) (https://mirrors.rpmfusion.org/metalink?repo=nonfree-fedora-nvidia-driver-39&arch=x86_64).
2026-07-14T11:39:37+0530 DEBUG error: Status code: 404 for https://mirrors.rpmfusion.org/metalink?repo=nonfree-fedora-nvidia-driver-39&arch=x86_64 (IP: 158.69.60.128) (https://mirrors.rpmfusion.org/metalink?repo=nonfree-fedora-nvidia-driver-39&arch=x86_64).
2026-07-14T11:39:37+0530 DEBUG error: Status code: 404 for https://mirrors.rpmfusion.org/metalink?repo=nonfree-fedora-nvidia-driver-39&arch=x86_64 (IP: 158.69.60.128) (https://mirrors.rpmfusion.org/metalink?repo=nonfree-fedora-nvidia-driver-39&arch=x86_64).
2026-07-14T11:39:37+0530 DEBUG error: Status code: 404 for https://mirrors.rpmfusion.org/metalink?repo=nonfree-fedora-nvidia-driver-39&arch=x86_64 (IP: 158.69.60.128) (https://mirrors.rpmfusion.org/metalink?repo=nonfree-fedora-nvidia-driver-39&arch=x86_64).
2026-07-14T11:39:37+0530 DEBUG error: Status code: 404 for https://mirrors.rpmfusion.org/metalink?repo=nonfree-fedora-nvidia-driver-39&arch=x86_64 (IP: 158.69.60.128) (https://mirrors.rpmfusion.org/metalink?repo=nonfree-fedora-nvidia-driver-39&arch=x86_64).
2026-07-14T11:39:39+0530 DEBUG error: Status code: 404 for https://mirrors.rpmfusion.org/metalink?repo=nonfree-fedora-nvidia-driver-39&arch=x86_64 (IP: 78.47.223.143) (https://mirrors.rpmfusion.org/metalink?repo=nonfree-fedora-nvidia-driver-39&arch=x86_64).
2026-07-14T11:39:39+0530 DEBUG error: Status code: 404 for https://mirrors.rpmfusion.org/metalink?repo=nonfree-fedora-nvidia-driver-39&arch=x86_64 (IP: 78.47.223.143) (https://mirrors.rpmfusion.org/metalink?repo=nonfree-fedora-nvidia-driver-39&arch=x86_64).
2026-07-14T11:39:39+0530 DEBUG error: Status code: 404 for https://mirrors.rpmfusion.org/metalink?repo=nonfree-fedora-nvidia-driver-39&arch=x86_64 (IP: 78.47.223.143) (https://mirrors.rpmfusion.org/metalink?repo=nonfree-fedora-nvidia-driver-39&arch=x86_64).
2026-07-14T11:39:40+0530 DEBUG error: Status code: 404 for https://mirrors.rpmfusion.org/metalink?repo=nonfree-fedora-nvidia-driver-39&arch=x86_64 (IP: 78.47.223.143) (https://mirrors.rpmfusion.org/metalink?repo=nonfree-fedora-nvidia-driver-39&arch=x86_64).
2026-07-14T11:39:40+0530 WARNING Errors during downloading metadata for repository 'rpmfusion-nonfree-nvidia-driver':
  - Status code: 404 for https://mirrors.rpmfusion.org/metalink?repo=nonfree-fedora-nvidia-driver-39&arch=x86_64 (IP: 158.69.60.128)
  - Status code: 404 for https://mirrors.rpmfusion.org/metalink?repo=nonfree-fedora-nvidia-driver-39&arch=x86_64 (IP: 78.47.223.143)
2026-07-14T11:39:40+0530 WARNING Error: Failed to download metadata for repo 'rpmfusion-nonfree-nvidia-driver': Cannot prepare internal mirrorlist: Status code: 404 for https://mirrors.rpmfusion.org/metalink?repo=nonfree-fedora-nvidia-driver-39&arch=x86_64 (IP: 78.47.223.143)
2026-07-14T11:39:40+0530 DEBUG reviving: 'rpmfusion-nonfree-steam' can be revived - metalink checksums match.
2026-07-14T11:39:40+0530 DEBUG rpmfusion-nonfree-steam: using metadata from Sat 23 Nov 2024 06:58:50 PM IST.
2026-07-14T11:39:41+0530 DEBUG reviving: 'rpmfusion-nonfree-updates' can be revived - metalink checksums match.
2026-07-14T11:39:41+0530 DEBUG rpmfusion-nonfree-updates: using metadata from Sat 23 Nov 2024 06:41:49 PM IST.
2026-07-14T11:39:41+0530 DEBUG reviving: 'teams-for-linux' can be revived - repomd matches.
2026-07-14T11:39:41+0530 DEBUG teams-for-linux: using metadata from Tue 16 Jun 2026 12:42:51 PM IST.
2026-07-14T11:39:41+0530 WARNING Ignoring repositories: hashicorp, rpmfusion-nonfree-nvidia-driver
2026-07-14T11:39:41+0530 DDEBUG timer: sack setup: 20097 ms
2026-07-14T11:39:41+0530 DEBUG User-Agent: constructed: 'libdnf (Fedora Linux 39; workstation; Linux.x86_64)'
2026-07-14T11:39:41+0530 DEBUG Completion plugin: Generating completion cache...
2026-07-14T11:39:43+0530 INFO Metadata cache created.
2026-07-14T11:39:43+0530 DDEBUG Cleaning up.
2026-07-14T11:39:43+0530 DDEBUG Plugins were unloaded.
2026-07-14T13:18:16+0530 INFO --- logging initialized ---
2026-07-14T13:18:16+0530 DDEBUG timer: config: 37 ms
2026-07-14T13:18:17+0530 DEBUG Loaded plugins: builddep, changelog, config-manager, copr, debug, debuginfo-install, download, generate_completion_cache, groups-manager, needs-restarting, notify-packagekit, playground, repoclosure, repodiff, repograph, repomanage, reposync, system-upgrade
2026-07-14T13:18:17+0530 DEBUG DNF version: 4.21.1
2026-07-14T13:18:17+0530 DDEBUG Command: dnf makecache --timer 
2026-07-14T13:18:17+0530 DDEBUG Installroot: /
2026-07-14T13:18:17+0530 DDEBUG Releasever: 39
2026-07-14T13:18:17+0530 DEBUG cachedir: /var/cache/dnf
2026-07-14T13:18:17+0530 DDEBUG Base command: makecache
2026-07-14T13:18:17+0530 DDEBUG Extra commands: ['makecache', '--timer']
2026-07-14T13:18:17+0530 DEBUG Making cache files for all metadata files.
2026-07-14T13:18:17+0530 INFO Metadata cache refreshed recently.
2026-07-14T13:18:17+0530 DDEBUG Cleaning up.
2026-07-14T13:18:17+0530 DDEBUG Plugins were unloaded.
2026-07-14T14:20:17+0530 INFO --- logging initialized ---
2026-07-14T14:20:17+0530 DDEBUG timer: config: 20 ms
2026-07-14T14:20:17+0530 DEBUG Loaded plugins: builddep, changelog, config-manager, copr, debug, debuginfo-install, download, generate_completion_cache, groups-manager, needs-restarting, notify-packagekit, playground, repoclosure, repodiff, repograph, repomanage, reposync, system-upgrade
2026-07-14T14:20:17+0530 DEBUG DNF version: 4.21.1
2026-07-14T14:20:17+0530 DDEBUG Command: dnf makecache --timer 
2026-07-14T14:20:17+0530 DDEBUG Installroot: /
2026-07-14T14:20:17+0530 DDEBUG Releasever: 39
2026-07-14T14:20:17+0530 DEBUG cachedir: /var/cache/dnf
2026-07-14T14:20:17+0530 DDEBUG Base command: makecache
2026-07-14T14:20:17+0530 DDEBUG Extra commands: ['makecache', '--timer']
2026-07-14T14:20:17+0530 DEBUG Making cache files for all metadata files.
2026-07-14T14:20:17+0530 INFO Metadata cache refreshed recently.
2026-07-14T14:20:17+0530 DDEBUG Cleaning up.
2026-07-14T14:20:17+0530 DDEBUG Plugins were unloaded.
2026-07-14T21:33:15+0530 INFO --- logging initialized ---
2026-07-14T21:33:15+0530 DDEBUG timer: config: 59 ms
2026-07-14T21:33:15+0530 DEBUG Loaded plugins: builddep, changelog, config-manager, copr, debug, debuginfo-install, download, generate_completion_cache, groups-manager, needs-restarting, notify-packagekit, playground, repoclosure, repodiff, repograph, repomanage, reposync, system-upgrade
2026-07-14T21:33:15+0530 DEBUG DNF version: 4.21.1
2026-07-14T21:33:15+0530 DDEBUG Command: dnf makecache --timer 
2026-07-14T21:33:15+0530 DDEBUG Installroot: /
2026-07-14T21:33:15+0530 DDEBUG Releasever: 39
2026-07-14T21:33:15+0530 DEBUG cachedir: /var/cache/dnf
2026-07-14T21:33:15+0530 DDEBUG Base command: makecache
2026-07-14T21:33:15+0530 DDEBUG Extra commands: ['makecache', '--timer']
2026-07-14T21:33:15+0530 DEBUG Making cache files for all metadata files.
2026-07-14T21:33:15+0530 INFO Metadata timer caching disabled when running on a battery.
2026-07-14T21:33:15+0530 DDEBUG Cleaning up.
2026-07-14T21:33:15+0530 DDEBUG Plugins were unloaded.
2026-07-15T09:52:59+0530 INFO --- logging initialized ---
2026-07-15T09:52:59+0530 DDEBUG timer: config: 21 ms
2026-07-15T09:52:59+0530 DEBUG Loaded plugins: builddep, changelog, config-manager, copr, debug, debuginfo-install, download, generate_completion_cache, groups-manager, needs-restarting, notify-packagekit, playground, repoclosure, repodiff, repograph, repomanage, reposync, system-upgrade
2026-07-15T09:52:59+0530 DEBUG DNF version: 4.21.1
2026-07-15T09:52:59+0530 DDEBUG Command: dnf makecache --timer 
2026-07-15T09:52:59+0530 DDEBUG Installroot: /
2026-07-15T09:52:59+0530 DDEBUG Releasever: 39
2026-07-15T09:52:59+0530 DEBUG cachedir: /var/cache/dnf
2026-07-15T09:52:59+0530 DDEBUG Base command: makecache
2026-07-15T09:52:59+0530 DDEBUG Extra commands: ['makecache', '--timer']
2026-07-15T09:52:59+0530 DEBUG Making cache files for all metadata files.
2026-07-15T09:52:59+0530 DEBUG bitrix24: has expired and will be refreshed.
2026-07-15T09:52:59+0530 DEBUG brave-browser: has expired and will be refreshed.
2026-07-15T09:52:59+0530 DEBUG docker-ce-stable: has expired and will be refreshed.
2026-07-15T09:53:01+0530 DEBUG fedora: has expired and will be refreshed.
2026-07-15T09:53:01+0530 DEBUG fedora-cisco-openh264: has expired and will be refreshed.
2026-07-15T09:53:02+0530 DEBUG updates: has expired and will be refreshed.
2026-07-15T09:53:02+0530 DEBUG google-chrome: has expired and will be refreshed.
2026-07-15T09:53:02+0530 DEBUG hashicorp: has expired and will be refreshed.
2026-07-15T09:53:02+0530 DEBUG jenkins: has expired and will be refreshed.
2026-07-15T09:53:02+0530 DEBUG packages-microsoft-com-prod: has expired and will be refreshed.
2026-07-15T09:53:02+0530 DEBUG rpmfusion-free: has expired and will be refreshed.
2026-07-15T09:53:02+0530 DEBUG rpmfusion-free-updates: has expired and will be refreshed.
2026-07-15T09:53:02+0530 DEBUG rpmfusion-nonfree: has expired and will be refreshed.
2026-07-15T09:53:02+0530 DEBUG rpmfusion-nonfree-nvidia-driver: has expired and will be refreshed.
2026-07-15T09:53:02+0530 DEBUG rpmfusion-nonfree-steam: has expired and will be refreshed.
2026-07-15T09:53:02+0530 DEBUG rpmfusion-nonfree-updates: has expired and will be refreshed.
2026-07-15T09:53:02+0530 DEBUG teams-for-linux: has expired and will be refreshed.
2026-07-15T09:53:02+0530 DEBUG reviving: 'bitrix24' can be revived - repomd matches.
2026-07-15T09:53:02+0530 DEBUG bitrix24: using metadata from Mon 20 Apr 2026 09:02:48 PM IST.
2026-07-15T09:53:02+0530 DEBUG reviving: 'brave-browser' can be revived - repomd matches.
2026-07-15T09:53:03+0530 DEBUG brave-browser: using metadata from Fri 10 Jul 2026 01:56:53 AM IST.
2026-07-15T09:53:03+0530 DEBUG reviving: 'docker-ce-stable' can be revived - repomd matches.
2026-07-15T09:53:03+0530 DEBUG docker-ce-stable: using metadata from Wed 13 Nov 2024 06:00:28 PM IST.
2026-07-15T09:53:03+0530 DEBUG countme: no event for fedora: window already counted
2026-07-15T09:53:04+0530 DEBUG reviving: 'fedora' can be revived - metalink checksums match.
2026-07-15T09:53:06+0530 DEBUG fedora: using metadata from Wed 01 Nov 2023 05:42:39 AM IST.
2026-07-15T09:53:06+0530 DEBUG reviving: 'fedora-cisco-openh264' can be revived - metalink checksums match.
2026-07-15T09:53:06+0530 DEBUG fedora-cisco-openh264: using metadata from Tue 12 Mar 2024 05:43:24 PM IST.
2026-07-15T09:53:06+0530 DEBUG countme: no event for updates: window already counted
2026-07-15T09:53:07+0530 DEBUG reviving: 'updates' can be revived - metalink checksums match.
2026-07-15T09:53:08+0530 DEBUG updates: using metadata from Tue 26 Nov 2024 10:05:09 PM IST.
2026-07-15T09:53:08+0530 DEBUG reviving: failed for 'google-chrome', mismatched repomd.
2026-07-15T09:53:08+0530 DEBUG repo: downloading from remote: google-chrome
2026-07-15T09:53:09+0530 DEBUG google-chrome: using metadata from Wed 15 Jul 2026 02:18:32 AM IST.
2026-07-15T09:53:09+0530 DEBUG repo: downloading from remote: hashicorp
2026-07-15T09:53:11+0530 DEBUG error: Status code: 404 for https://rpm.releases.hashicorp.com/fedora/39/x86_64/stable/repodata/repomd.xml (IP: 2600:9000:21b4:aa00:18:566b:ecc0:93a1) (https://rpm.releases.hashicorp.com/fedora/39/x86_64/stable/repodata/repomd.xml).
2026-07-15T09:53:11+0530 WARNING Errors during downloading metadata for repository 'hashicorp':
  - Status code: 404 for https://rpm.releases.hashicorp.com/fedora/39/x86_64/stable/repodata/repomd.xml (IP: 2600:9000:21b4:aa00:18:566b:ecc0:93a1)
2026-07-15T09:53:11+0530 WARNING Error: Failed to download metadata for repo 'hashicorp': Cannot download repomd.xml: Status code: 404 for https://rpm.releases.hashicorp.com/fedora/39/x86_64/stable/repodata/repomd.xml (IP: 2600:9000:21b4:aa00:18:566b:ecc0:93a1)
2026-07-15T09:53:12+0530 DEBUG reviving: 'jenkins' can be revived - repomd matches.
2026-07-15T09:53:12+0530 DEBUG jenkins: using metadata from Thu 09 Jul 2026 09:13:24 PM IST.
2026-07-15T09:53:12+0530 DEBUG reviving: 'packages-microsoft-com-prod' can be revived - repomd matches.
2026-07-15T09:53:12+0530 DEBUG packages-microsoft-com-prod: using metadata from Fri 10 Jul 2026 02:53:11 AM IST.
2026-07-15T09:53:14+0530 DEBUG reviving: 'rpmfusion-free' can be revived - metalink checksums match.
2026-07-15T09:53:14+0530 DEBUG rpmfusion-free: using metadata from Sat 04 Nov 2023 10:19:08 PM IST.
2026-07-15T09:53:15+0530 DEBUG reviving: 'rpmfusion-free-updates' can be revived - metalink checksums match.
2026-07-15T09:53:15+0530 DEBUG rpmfusion-free-updates: using metadata from Sat 23 Nov 2024 06:15:37 PM IST.
2026-07-15T09:53:16+0530 DEBUG reviving: 'rpmfusion-nonfree' can be revived - metalink checksums match.
2026-07-15T09:53:16+0530 DEBUG rpmfusion-nonfree: using metadata from Sat 04 Nov 2023 10:56:32 PM IST.
2026-07-15T09:53:18+0530 DEBUG error: Status code: 404 for https://mirrors.rpmfusion.org/metalink?repo=nonfree-fedora-nvidia-driver-39&arch=x86_64 (IP: 2607:5300:201:3100::9322) (https://mirrors.rpmfusion.org/metalink?repo=nonfree-fedora-nvidia-driver-39&arch=x86_64).
2026-07-15T09:53:18+0530 DEBUG error: Status code: 404 for https://mirrors.rpmfusion.org/metalink?repo=nonfree-fedora-nvidia-driver-39&arch=x86_64 (IP: 2607:5300:201:3100::9322) (https://mirrors.rpmfusion.org/metalink?repo=nonfree-fedora-nvidia-driver-39&arch=x86_64).
2026-07-15T09:53:19+0530 DEBUG error: Status code: 404 for https://mirrors.rpmfusion.org/metalink?repo=nonfree-fedora-nvidia-driver-39&arch=x86_64 (IP: 2607:5300:201:3100::9322) (https://mirrors.rpmfusion.org/metalink?repo=nonfree-fedora-nvidia-driver-39&arch=x86_64).
2026-07-15T09:53:20+0530 DEBUG error: Status code: 404 for https://mirrors.rpmfusion.org/metalink?repo=nonfree-fedora-nvidia-driver-39&arch=x86_64 (IP: 2607:5300:201:3100::9322) (https://mirrors.rpmfusion.org/metalink?repo=nonfree-fedora-nvidia-driver-39&arch=x86_64).
2026-07-15T09:53:22+0530 DEBUG error: Status code: 404 for https://mirrors.rpmfusion.org/metalink?repo=nonfree-fedora-nvidia-driver-39&arch=x86_64 (IP: 2607:5300:201:3100::9322) (https://mirrors.rpmfusion.org/metalink?repo=nonfree-fedora-nvidia-driver-39&arch=x86_64).
2026-07-15T09:53:22+0530 DEBUG error: Status code: 404 for https://mirrors.rpmfusion.org/metalink?repo=nonfree-fedora-nvidia-driver-39&arch=x86_64 (IP: 2607:5300:201:3100::9322) (https://mirrors.rpmfusion.org/metalink?repo=nonfree-fedora-nvidia-driver-39&arch=x86_64).
2026-07-15T09:53:23+0530 DEBUG error: Status code: 404 for https://mirrors.rpmfusion.org/metalink?repo=nonfree-fedora-nvidia-driver-39&arch=x86_64 (IP: 2607:5300:201:3100::9322) (https://mirrors.rpmfusion.org/metalink?repo=nonfree-fedora-nvidia-driver-39&arch=x86_64).
2026-07-15T09:53:24+0530 DEBUG error: Status code: 404 for https://mirrors.rpmfusion.org/metalink?repo=nonfree-fedora-nvidia-driver-39&arch=x86_64 (IP: 2607:5300:201:3100::9322) (https://mirrors.rpmfusion.org/metalink?repo=nonfree-fedora-nvidia-driver-39&arch=x86_64).
2026-07-15T09:53:26+0530 DEBUG error: Status code: 404 for https://mirrors.rpmfusion.org/metalink?repo=nonfree-fedora-nvidia-driver-39&arch=x86_64 (IP: 2607:5300:201:3100::9322) (https://mirrors.rpmfusion.org/metalink?repo=nonfree-fedora-nvidia-driver-39&arch=x86_64).
2026-07-15T09:53:27+0530 DEBUG error: Status code: 404 for https://mirrors.rpmfusion.org/metalink?repo=nonfree-fedora-nvidia-driver-39&arch=x86_64 (IP: 2607:5300:201:3100::9322) (https://mirrors.rpmfusion.org/metalink?repo=nonfree-fedora-nvidia-driver-39&arch=x86_64).
2026-07-15T09:53:28+0530 DEBUG error: Status code: 404 for https://mirrors.rpmfusion.org/metalink?repo=nonfree-fedora-nvidia-driver-39&arch=x86_64 (IP: 2607:5300:201:3100::9322) (https://mirrors.rpmfusion.org/metalink?repo=nonfree-fedora-nvidia-driver-39&arch=x86_64).
2026-07-15T09:53:29+0530 DEBUG error: Status code: 404 for https://mirrors.rpmfusion.org/metalink?repo=nonfree-fedora-nvidia-driver-39&arch=x86_64 (IP: 2607:5300:201:3100::9322) (https://mirrors.rpmfusion.org/metalink?repo=nonfree-fedora-nvidia-driver-39&arch=x86_64).
2026-07-15T09:53:29+0530 WARNING Errors during downloading metadata for repository 'rpmfusion-nonfree-nvidia-driver':
  - Status code: 404 for https://mirrors.rpmfusion.org/metalink?repo=nonfree-fedora-nvidia-driver-39&arch=x86_64 (IP: 2607:5300:201:3100::9322)
2026-07-15T09:53:29+0530 WARNING Error: Failed to download metadata for repo 'rpmfusion-nonfree-nvidia-driver': Cannot prepare internal mirrorlist: Status code: 404 for https://mirrors.rpmfusion.org/metalink?repo=nonfree-fedora-nvidia-driver-39&arch=x86_64 (IP: 2607:5300:201:3100::9322)
2026-07-15T09:53:30+0530 DEBUG reviving: 'rpmfusion-nonfree-steam' can be revived - metalink checksums match.
2026-07-15T09:53:30+0530 DEBUG rpmfusion-nonfree-steam: using metadata from Sat 23 Nov 2024 06:58:50 PM IST.
2026-07-15T09:53:31+0530 DEBUG reviving: 'rpmfusion-nonfree-updates' can be revived - metalink checksums match.
2026-07-15T09:53:31+0530 DEBUG rpmfusion-nonfree-updates: using metadata from Sat 23 Nov 2024 06:41:49 PM IST.
2026-07-15T09:53:31+0530 DEBUG reviving: 'teams-for-linux' can be revived - repomd matches.
2026-07-15T09:53:31+0530 DEBUG teams-for-linux: using metadata from Tue 16 Jun 2026 12:42:51 PM IST.
2026-07-15T09:53:31+0530 WARNING Ignoring repositories: hashicorp, rpmfusion-nonfree-nvidia-driver
2026-07-15T09:53:31+0530 DDEBUG timer: sack setup: 29512 ms
2026-07-15T09:53:31+0530 DEBUG User-Agent: constructed: 'libdnf (Fedora Linux 39; workstation; Linux.x86_64)'
2026-07-15T09:53:31+0530 DEBUG Completion plugin: Generating completion cache...
2026-07-15T09:53:33+0530 INFO Metadata cache created.
2026-07-15T09:53:33+0530 DDEBUG Cleaning up.
2026-07-15T09:53:33+0530 DDEBUG Plugins were unloaded.
2026-07-15T11:01:59+0530 INFO --- logging initialized ---
2026-07-15T11:01:59+0530 DDEBUG timer: config: 12 ms
2026-07-15T11:01:59+0530 DEBUG Loaded plugins: builddep, changelog, config-manager, copr, debug, debuginfo-install, download, generate_completion_cache, groups-manager, needs-restarting, notify-packagekit, playground, repoclosure, repodiff, repograph, repomanage, reposync, system-upgrade
2026-07-15T11:01:59+0530 DEBUG DNF version: 4.21.1
2026-07-15T11:01:59+0530 DDEBUG Command: dnf makecache --timer 
2026-07-15T11:01:59+0530 DDEBUG Installroot: /
2026-07-15T11:01:59+0530 DDEBUG Releasever: 39
2026-07-15T11:01:59+0530 DEBUG cachedir: /var/cache/dnf
2026-07-15T11:01:59+0530 DDEBUG Base command: makecache
2026-07-15T11:01:59+0530 DDEBUG Extra commands: ['makecache', '--timer']
2026-07-15T11:01:59+0530 DEBUG Making cache files for all metadata files.
2026-07-15T11:01:59+0530 INFO Metadata cache refreshed recently.
2026-07-15T11:01:59+0530 DDEBUG Cleaning up.
2026-07-15T11:01:59+0530 DDEBUG Plugins were unloaded.
2026-07-15T12:48:59+0530 INFO --- logging initialized ---
2026-07-15T12:48:59+0530 DDEBUG timer: config: 63 ms
2026-07-15T12:48:59+0530 DEBUG Loaded plugins: builddep, changelog, config-manager, copr, debug, debuginfo-install, download, generate_completion_cache, groups-manager, needs-restarting, notify-packagekit, playground, repoclosure, repodiff, repograph, repomanage, reposync, system-upgrade
2026-07-15T12:48:59+0530 DEBUG DNF version: 4.21.1
2026-07-15T12:48:59+0530 DDEBUG Command: dnf makecache --timer 
2026-07-15T12:48:59+0530 DDEBUG Installroot: /
2026-07-15T12:48:59+0530 DDEBUG Releasever: 39
2026-07-15T12:48:59+0530 DEBUG cachedir: /var/cache/dnf
2026-07-15T12:48:59+0530 DDEBUG Base command: makecache
2026-07-15T12:48:59+0530 DDEBUG Extra commands: ['makecache', '--timer']
2026-07-15T12:48:59+0530 DEBUG Making cache files for all metadata files.
2026-07-15T12:48:59+0530 INFO Metadata cache refreshed recently.
2026-07-15T12:48:59+0530 DDEBUG Cleaning up.
2026-07-15T12:48:59+0530 DDEBUG Plugins were unloaded.
2026-07-15T14:24:39+0530 INFO --- logging initialized ---
2026-07-15T14:24:39+0530 DDEBUG timer: config: 148 ms
2026-07-15T14:24:39+0530 DEBUG Loaded plugins: builddep, changelog, config-manager, copr, debug, debuginfo-install, download, generate_completion_cache, groups-manager, needs-restarting, notify-packagekit, playground, repoclosure, repodiff, repograph, repomanage, reposync, system-upgrade
2026-07-15T14:24:39+0530 DEBUG DNF version: 4.21.1
2026-07-15T14:24:39+0530 DDEBUG Command: dnf makecache --timer 
2026-07-15T14:24:39+0530 DDEBUG Installroot: /
2026-07-15T14:24:39+0530 DDEBUG Releasever: 39
2026-07-15T14:24:39+0530 DEBUG cachedir: /var/cache/dnf
2026-07-15T14:24:39+0530 DDEBUG Base command: makecache
2026-07-15T14:24:39+0530 DDEBUG Extra commands: ['makecache', '--timer']
2026-07-15T14:24:39+0530 DEBUG Making cache files for all metadata files.
2026-07-15T14:24:39+0530 DEBUG bitrix24: has expired and will be refreshed.
2026-07-15T14:24:39+0530 DEBUG brave-browser: has expired and will be refreshed.
2026-07-15T14:24:39+0530 DEBUG docker-ce-stable: has expired and will be refreshed.
2026-07-15T14:24:41+0530 DEBUG fedora: has expired and will be refreshed.
2026-07-15T14:24:41+0530 DEBUG fedora-cisco-openh264: has expired and will be refreshed.
2026-07-15T14:24:42+0530 DEBUG updates: has expired and will be refreshed.
2026-07-15T14:24:42+0530 DEBUG google-chrome: has expired and will be refreshed.
2026-07-15T14:24:42+0530 DEBUG hashicorp: has expired and will be refreshed.
2026-07-15T14:24:42+0530 DEBUG jenkins: has expired and will be refreshed.
2026-07-15T14:24:42+0530 DEBUG packages-microsoft-com-prod: has expired and will be refreshed.
2026-07-15T14:24:42+0530 DEBUG rpmfusion-free: has expired and will be refreshed.
2026-07-15T14:24:42+0530 DEBUG rpmfusion-free-updates: has expired and will be refreshed.
2026-07-15T14:24:42+0530 DEBUG rpmfusion-nonfree: has expired and will be refreshed.
2026-07-15T14:24:42+0530 DEBUG rpmfusion-nonfree-nvidia-driver: has expired and will be refreshed.
2026-07-15T14:24:42+0530 DEBUG rpmfusion-nonfree-steam: has expired and will be refreshed.
2026-07-15T14:24:42+0530 DEBUG rpmfusion-nonfree-updates: has expired and will be refreshed.
2026-07-15T14:24:42+0530 DEBUG teams-for-linux: has expired and will be refreshed.
2026-07-15T14:24:42+0530 DEBUG reviving: 'bitrix24' can be revived - repomd matches.
2026-07-15T14:24:42+0530 DEBUG bitrix24: using metadata from Mon 20 Apr 2026 09:02:48 PM IST.
2026-07-15T14:24:42+0530 DEBUG reviving: 'brave-browser' can be revived - repomd matches.
2026-07-15T14:24:42+0530 DEBUG brave-browser: using metadata from Fri 10 Jul 2026 01:56:53 AM IST.
2026-07-15T14:24:42+0530 DEBUG reviving: 'docker-ce-stable' can be revived - repomd matches.
2026-07-15T14:24:42+0530 DEBUG docker-ce-stable: using metadata from Wed 13 Nov 2024 06:00:28 PM IST.
2026-07-15T14:24:42+0530 DEBUG countme: no event for fedora: window already counted
2026-07-15T14:24:43+0530 DEBUG reviving: 'fedora' can be revived - metalink checksums match.
2026-07-15T14:24:46+0530 DEBUG fedora: using metadata from Wed 01 Nov 2023 05:42:39 AM IST.
2026-07-15T14:24:46+0530 DEBUG reviving: 'fedora-cisco-openh264' can be revived - metalink checksums match.
2026-07-15T14:24:46+0530 DEBUG fedora-cisco-openh264: using metadata from Tue 12 Mar 2024 05:43:24 PM IST.
2026-07-15T14:24:46+0530 DEBUG countme: no event for updates: window already counted
2026-07-15T14:24:46+0530 DEBUG reviving: 'updates' can be revived - metalink checksums match.
2026-07-15T14:24:48+0530 DEBUG updates: using metadata from Tue 26 Nov 2024 10:05:09 PM IST.
2026-07-15T14:24:48+0530 DEBUG reviving: 'google-chrome' can be revived - repomd matches.
2026-07-15T14:24:48+0530 DEBUG google-chrome: using metadata from Wed 15 Jul 2026 02:18:32 AM IST.
2026-07-15T14:24:48+0530 DEBUG repo: downloading from remote: hashicorp
2026-07-15T14:24:49+0530 DEBUG error: Status code: 404 for https://rpm.releases.hashicorp.com/fedora/39/x86_64/stable/repodata/repomd.xml (IP: 2600:9000:21b4:d000:18:566b:ecc0:93a1) (https://rpm.releases.hashicorp.com/fedora/39/x86_64/stable/repodata/repomd.xml).
2026-07-15T14:24:49+0530 WARNING Errors during downloading metadata for repository 'hashicorp':
  - Status code: 404 for https://rpm.releases.hashicorp.com/fedora/39/x86_64/stable/repodata/repomd.xml (IP: 2600:9000:21b4:d000:18:566b:ecc0:93a1)
2026-07-15T14:24:49+0530 WARNING Error: Failed to download metadata for repo 'hashicorp': Cannot download repomd.xml: Status code: 404 for https://rpm.releases.hashicorp.com/fedora/39/x86_64/stable/repodata/repomd.xml (IP: 2600:9000:21b4:d000:18:566b:ecc0:93a1)
2026-07-15T14:24:50+0530 DEBUG reviving: 'jenkins' can be revived - repomd matches.
2026-07-15T14:24:50+0530 DEBUG jenkins: using metadata from Thu 09 Jul 2026 09:13:24 PM IST.
2026-07-15T14:24:50+0530 DEBUG reviving: 'packages-microsoft-com-prod' can be revived - repomd matches.
2026-07-15T14:24:50+0530 DEBUG packages-microsoft-com-prod: using metadata from Fri 10 Jul 2026 02:53:11 AM IST.
2026-07-15T14:24:51+0530 DEBUG reviving: 'rpmfusion-free' can be revived - metalink checksums match.
2026-07-15T14:24:51+0530 DEBUG rpmfusion-free: using metadata from Sat 04 Nov 2023 10:19:08 PM IST.
2026-07-15T14:24:52+0530 DEBUG reviving: 'rpmfusion-free-updates' can be revived - metalink checksums match.
2026-07-15T14:24:52+0530 DEBUG rpmfusion-free-updates: using metadata from Sat 23 Nov 2024 06:15:37 PM IST.
2026-07-15T14:24:53+0530 DEBUG reviving: 'rpmfusion-nonfree' can be revived - metalink checksums match.
2026-07-15T14:24:53+0530 DEBUG rpmfusion-nonfree: using metadata from Sat 04 Nov 2023 10:56:32 PM IST.
2026-07-15T14:24:55+0530 DEBUG error: Status code: 404 for https://mirrors.rpmfusion.org/metalink?repo=nonfree-fedora-nvidia-driver-39&arch=x86_64 (IP: 2607:5300:201:3100::9322) (https://mirrors.rpmfusion.org/metalink?repo=nonfree-fedora-nvidia-driver-39&arch=x86_64).
2026-07-15T14:24:56+0530 DEBUG error: Status code: 404 for https://mirrors.rpmfusion.org/metalink?repo=nonfree-fedora-nvidia-driver-39&arch=x86_64 (IP: 2607:5300:201:3100::9322) (https://mirrors.rpmfusion.org/metalink?repo=nonfree-fedora-nvidia-driver-39&arch=x86_64).
2026-07-15T14:24:57+0530 DEBUG error: Status code: 404 for https://mirrors.rpmfusion.org/metalink?repo=nonfree-fedora-nvidia-driver-39&arch=x86_64 (IP: 2607:5300:201:3100::9322) (https://mirrors.rpmfusion.org/metalink?repo=nonfree-fedora-nvidia-driver-39&arch=x86_64).
2026-07-15T14:24:59+0530 DEBUG error: Status code: 404 for https://mirrors.rpmfusion.org/metalink?repo=nonfree-fedora-nvidia-driver-39&arch=x86_64 (IP: 2607:5300:201:3100::9322) (https://mirrors.rpmfusion.org/metalink?repo=nonfree-fedora-nvidia-driver-39&arch=x86_64).
2026-07-15T14:25:01+0530 DEBUG error: Status code: 404 for https://mirrors.rpmfusion.org/metalink?repo=nonfree-fedora-nvidia-driver-39&arch=x86_64 (IP: 2607:5300:201:3100::9322) (https://mirrors.rpmfusion.org/metalink?repo=nonfree-fedora-nvidia-driver-39&arch=x86_64).
2026-07-15T14:25:01+0530 DEBUG error: Status code: 404 for https://mirrors.rpmfusion.org/metalink?repo=nonfree-fedora-nvidia-driver-39&arch=x86_64 (IP: 2607:5300:201:3100::9322) (https://mirrors.rpmfusion.org/metalink?repo=nonfree-fedora-nvidia-driver-39&arch=x86_64).
2026-07-15T14:25:01+0530 DEBUG error: Status code: 404 for https://mirrors.rpmfusion.org/metalink?repo=nonfree-fedora-nvidia-driver-39&arch=x86_64 (IP: 2607:5300:201:3100::9322) (https://mirrors.rpmfusion.org/metalink?repo=nonfree-fedora-nvidia-driver-39&arch=x86_64).
2026-07-15T14:25:02+0530 DEBUG error: Status code: 404 for https://mirrors.rpmfusion.org/metalink?repo=nonfree-fedora-nvidia-driver-39&arch=x86_64 (IP: 2607:5300:201:3100::9322) (https://mirrors.rpmfusion.org/metalink?repo=nonfree-fedora-nvidia-driver-39&arch=x86_64).
2026-07-15T14:25:04+0530 DEBUG error: Status code: 404 for https://mirrors.rpmfusion.org/metalink?repo=nonfree-fedora-nvidia-driver-39&arch=x86_64 (IP: 2607:5300:201:3100::9322) (https://mirrors.rpmfusion.org/metalink?repo=nonfree-fedora-nvidia-driver-39&arch=x86_64).
2026-07-15T14:25:05+0530 DEBUG error: Status code: 404 for https://mirrors.rpmfusion.org/metalink?repo=nonfree-fedora-nvidia-driver-39&arch=x86_64 (IP: 2607:5300:201:3100::9322) (https://mirrors.rpmfusion.org/metalink?repo=nonfree-fedora-nvidia-driver-39&arch=x86_64).
2026-07-15T14:25:05+0530 DEBUG error: Status code: 404 for https://mirrors.rpmfusion.org/metalink?repo=nonfree-fedora-nvidia-driver-39&arch=x86_64 (IP: 2607:5300:201:3100::9322) (https://mirrors.rpmfusion.org/metalink?repo=nonfree-fedora-nvidia-driver-39&arch=x86_64).
2026-07-15T14:25:06+0530 DEBUG error: Status code: 404 for https://mirrors.rpmfusion.org/metalink?repo=nonfree-fedora-nvidia-driver-39&arch=x86_64 (IP: 2607:5300:201:3100::9322) (https://mirrors.rpmfusion.org/metalink?repo=nonfree-fedora-nvidia-driver-39&arch=x86_64).
2026-07-15T14:25:06+0530 WARNING Errors during downloading metadata for repository 'rpmfusion-nonfree-nvidia-driver':
  - Status code: 404 for https://mirrors.rpmfusion.org/metalink?repo=nonfree-fedora-nvidia-driver-39&arch=x86_64 (IP: 2607:5300:201:3100::9322)
2026-07-15T14:25:06+0530 WARNING Error: Failed to download metadata for repo 'rpmfusion-nonfree-nvidia-driver': Cannot prepare internal mirrorlist: Status code: 404 for https://mirrors.rpmfusion.org/metalink?repo=nonfree-fedora-nvidia-driver-39&arch=x86_64 (IP: 2607:5300:201:3100::9322)
2026-07-15T14:25:07+0530 DEBUG reviving: 'rpmfusion-nonfree-steam' can be revived - metalink checksums match.
2026-07-15T14:25:07+0530 DEBUG rpmfusion-nonfree-steam: using metadata from Sat 23 Nov 2024 06:58:50 PM IST.
2026-07-15T14:25:08+0530 DEBUG reviving: 'rpmfusion-nonfree-updates' can be revived - metalink checksums match.
2026-07-15T14:25:08+0530 DEBUG rpmfusion-nonfree-updates: using metadata from Sat 23 Nov 2024 06:41:49 PM IST.
2026-07-15T14:25:09+0530 DEBUG reviving: 'teams-for-linux' can be revived - repomd matches.
2026-07-15T14:25:09+0530 DEBUG teams-for-linux: using metadata from Tue 16 Jun 2026 12:42:51 PM IST.
2026-07-15T14:25:09+0530 WARNING Ignoring repositories: hashicorp, rpmfusion-nonfree-nvidia-driver
2026-07-15T14:25:09+0530 DDEBUG timer: sack setup: 26906 ms
2026-07-15T14:25:09+0530 DEBUG User-Agent: constructed: 'libdnf (Fedora Linux 39; workstation; Linux.x86_64)'
2026-07-15T14:25:09+0530 INFO Metadata cache created.
2026-07-15T14:25:09+0530 DDEBUG Cleaning up.
2026-07-15T14:25:09+0530 DDEBUG Plugins were unloaded.
2026-07-15T15:52:38+0530 INFO --- logging initialized ---
2026-07-15T15:52:38+0530 DDEBUG timer: config: 115 ms
2026-07-15T15:52:38+0530 DEBUG Loaded plugins: builddep, changelog, config-manager, copr, debug, debuginfo-install, download, generate_completion_cache, groups-manager, needs-restarting, notify-packagekit, playground, repoclosure, repodiff, repograph, repomanage, reposync, system-upgrade
2026-07-15T15:52:38+0530 DEBUG DNF version: 4.21.1
2026-07-15T15:52:38+0530 DDEBUG Command: dnf makecache --timer 
2026-07-15T15:52:38+0530 DDEBUG Installroot: /
2026-07-15T15:52:38+0530 DDEBUG Releasever: 39
2026-07-15T15:52:38+0530 DEBUG cachedir: /var/cache/dnf
2026-07-15T15:52:38+0530 DDEBUG Base command: makecache
2026-07-15T15:52:38+0530 DDEBUG Extra commands: ['makecache', '--timer']
2026-07-15T15:52:38+0530 DEBUG Making cache files for all metadata files.
2026-07-15T15:52:38+0530 INFO Metadata cache refreshed recently.
2026-07-15T15:52:38+0530 DDEBUG Cleaning up.
2026-07-15T15:52:38+0530 DDEBUG Plugins were unloaded.
2026-07-15T19:34:54+0530 INFO --- logging initialized ---
2026-07-15T19:34:54+0530 DDEBUG timer: config: 38 ms
2026-07-15T19:34:54+0530 DEBUG Loaded plugins: builddep, changelog, config-manager, copr, debug, debuginfo-install, download, generate_completion_cache, groups-manager, needs-restarting, notify-packagekit, playground, repoclosure, repodiff, repograph, repomanage, reposync, system-upgrade
2026-07-15T19:34:54+0530 DEBUG DNF version: 4.21.1
2026-07-15T19:34:54+0530 DDEBUG Command: dnf makecache --timer 
2026-07-15T19:34:54+0530 DDEBUG Installroot: /
2026-07-15T19:34:54+0530 DDEBUG Releasever: 39
2026-07-15T19:34:54+0530 DEBUG cachedir: /var/cache/dnf
2026-07-15T19:34:54+0530 DDEBUG Base command: makecache
2026-07-15T19:34:54+0530 DDEBUG Extra commands: ['makecache', '--timer']
2026-07-15T19:34:54+0530 DEBUG Making cache files for all metadata files.
2026-07-15T19:34:54+0530 INFO Metadata timer caching disabled when running on a battery.
2026-07-15T19:34:54+0530 DDEBUG Cleaning up.
2026-07-15T19:34:54+0530 DDEBUG Plugins were unloaded.
2026-07-16T09:15:50+0530 INFO --- logging initialized ---
2026-07-16T09:15:50+0530 DDEBUG timer: config: 42 ms
2026-07-16T09:15:51+0530 DEBUG Loaded plugins: builddep, changelog, config-manager, copr, debug, debuginfo-install, download, generate_completion_cache, groups-manager, needs-restarting, notify-packagekit, playground, repoclosure, repodiff, repograph, repomanage, reposync, system-upgrade
2026-07-16T09:15:51+0530 DEBUG DNF version: 4.21.1
2026-07-16T09:15:51+0530 DDEBUG Command: dnf makecache --timer 
2026-07-16T09:15:51+0530 DDEBUG Installroot: /
2026-07-16T09:15:51+0530 DDEBUG Releasever: 39
2026-07-16T09:15:51+0530 DEBUG cachedir: /var/cache/dnf
2026-07-16T09:15:51+0530 DDEBUG Base command: makecache
2026-07-16T09:15:51+0530 DDEBUG Extra commands: ['makecache', '--timer']
2026-07-16T09:15:51+0530 DEBUG Making cache files for all metadata files.
2026-07-16T09:15:51+0530 DEBUG bitrix24: has expired and will be refreshed.
2026-07-16T09:15:51+0530 DEBUG brave-browser: has expired and will be refreshed.
2026-07-16T09:15:51+0530 DEBUG docker-ce-stable: has expired and will be refreshed.
2026-07-16T09:15:53+0530 DEBUG fedora: has expired and will be refreshed.
2026-07-16T09:15:53+0530 DEBUG fedora-cisco-openh264: has expired and will be refreshed.
2026-07-16T09:15:53+0530 DEBUG updates: has expired and will be refreshed.
2026-07-16T09:15:53+0530 DEBUG google-chrome: has expired and will be refreshed.
2026-07-16T09:15:53+0530 DEBUG hashicorp: has expired and will be refreshed.
2026-07-16T09:15:53+0530 DEBUG jenkins: has expired and will be refreshed.
2026-07-16T09:15:53+0530 DEBUG packages-microsoft-com-prod: has expired and will be refreshed.
2026-07-16T09:15:53+0530 DEBUG rpmfusion-free: has expired and will be refreshed.
2026-07-16T09:15:53+0530 DEBUG rpmfusion-free-updates: has expired and will be refreshed.
2026-07-16T09:15:53+0530 DEBUG rpmfusion-nonfree: has expired and will be refreshed.
2026-07-16T09:15:53+0530 DEBUG rpmfusion-nonfree-nvidia-driver: has expired and will be refreshed.
2026-07-16T09:15:53+0530 DEBUG rpmfusion-nonfree-steam: has expired and will be refreshed.
2026-07-16T09:15:53+0530 DEBUG rpmfusion-nonfree-updates: has expired and will be refreshed.
2026-07-16T09:15:53+0530 DEBUG teams-for-linux: has expired and will be refreshed.
2026-07-16T09:15:54+0530 DEBUG reviving: 'bitrix24' can be revived - repomd matches.
2026-07-16T09:15:54+0530 DEBUG bitrix24: using metadata from Mon 20 Apr 2026 09:02:48 PM IST.
2026-07-16T09:15:54+0530 DEBUG reviving: failed for 'brave-browser', mismatched repomd.
2026-07-16T09:15:54+0530 DEBUG repo: downloading from remote: brave-browser
2026-07-16T09:15:54+0530 DEBUG brave-browser: using metadata from Wed 15 Jul 2026 10:35:46 PM IST.
2026-07-16T09:15:55+0530 DEBUG reviving: 'docker-ce-stable' can be revived - repomd matches.
2026-07-16T09:15:55+0530 DEBUG docker-ce-stable: using metadata from Wed 13 Nov 2024 06:00:28 PM IST.
2026-07-16T09:15:55+0530 DEBUG countme: no event for fedora: window already counted
2026-07-16T09:15:55+0530 DEBUG reviving: 'fedora' can be revived - metalink checksums match.
2026-07-16T09:15:58+0530 DEBUG fedora: using metadata from Wed 01 Nov 2023 05:42:39 AM IST.
2026-07-16T09:15:58+0530 DEBUG reviving: 'fedora-cisco-openh264' can be revived - metalink checksums match.
2026-07-16T09:15:58+0530 DEBUG fedora-cisco-openh264: using metadata from Tue 12 Mar 2024 05:43:24 PM IST.
2026-07-16T09:15:58+0530 DEBUG countme: no event for updates: window already counted
2026-07-16T09:15:59+0530 DEBUG reviving: 'updates' can be revived - metalink checksums match.
2026-07-16T09:16:00+0530 DEBUG updates: using metadata from Tue 26 Nov 2024 10:05:09 PM IST.
2026-07-16T09:16:00+0530 DEBUG reviving: failed for 'google-chrome', mismatched repomd.
2026-07-16T09:16:00+0530 DEBUG repo: downloading from remote: google-chrome
2026-07-16T09:16:01+0530 DEBUG google-chrome: using metadata from Thu 16 Jul 2026 03:32:51 AM IST.
2026-07-16T09:16:01+0530 DEBUG repo: downloading from remote: hashicorp
2026-07-16T09:16:03+0530 DEBUG error: Status code: 404 for https://rpm.releases.hashicorp.com/fedora/39/x86_64/stable/repodata/repomd.xml (IP: 2600:9000:21b4:dc00:18:566b:ecc0:93a1) (https://rpm.releases.hashicorp.com/fedora/39/x86_64/stable/repodata/repomd.xml).
2026-07-16T09:16:03+0530 WARNING Errors during downloading metadata for repository 'hashicorp':
  - Status code: 404 for https://rpm.releases.hashicorp.com/fedora/39/x86_64/stable/repodata/repomd.xml (IP: 2600:9000:21b4:dc00:18:566b:ecc0:93a1)
2026-07-16T09:16:03+0530 WARNING Error: Failed to download metadata for repo 'hashicorp': Cannot download repomd.xml: Status code: 404 for https://rpm.releases.hashicorp.com/fedora/39/x86_64/stable/repodata/repomd.xml (IP: 2600:9000:21b4:dc00:18:566b:ecc0:93a1)
2026-07-16T09:16:04+0530 DEBUG reviving: 'jenkins' can be revived - repomd matches.
2026-07-16T09:16:04+0530 DEBUG jenkins: using metadata from Thu 09 Jul 2026 09:13:24 PM IST.
2026-07-16T09:16:06+0530 DEBUG reviving: 'packages-microsoft-com-prod' can be revived - repomd matches.
2026-07-16T09:16:06+0530 DEBUG packages-microsoft-com-prod: using metadata from Fri 10 Jul 2026 02:53:11 AM IST.
2026-07-16T09:16:07+0530 DEBUG reviving: 'rpmfusion-free' can be revived - metalink checksums match.
2026-07-16T09:16:07+0530 DEBUG rpmfusion-free: using metadata from Sat 04 Nov 2023 10:19:08 PM IST.
2026-07-16T09:16:08+0530 DEBUG reviving: 'rpmfusion-free-updates' can be revived - metalink checksums match.
2026-07-16T09:16:08+0530 DEBUG rpmfusion-free-updates: using metadata from Sat 23 Nov 2024 06:15:37 PM IST.
2026-07-16T09:16:09+0530 DEBUG reviving: 'rpmfusion-nonfree' can be revived - metalink checksums match.
2026-07-16T09:16:09+0530 DEBUG rpmfusion-nonfree: using metadata from Sat 04 Nov 2023 10:56:32 PM IST.
2026-07-16T09:16:11+0530 DEBUG error: Status code: 404 for https://mirrors.rpmfusion.org/metalink?repo=nonfree-fedora-nvidia-driver-39&arch=x86_64 (IP: 2607:5300:201:3100::9322) (https://mirrors.rpmfusion.org/metalink?repo=nonfree-fedora-nvidia-driver-39&arch=x86_64).
2026-07-16T09:16:11+0530 DEBUG error: Status code: 404 for https://mirrors.rpmfusion.org/metalink?repo=nonfree-fedora-nvidia-driver-39&arch=x86_64 (IP: 2607:5300:201:3100::9322) (https://mirrors.rpmfusion.org/metalink?repo=nonfree-fedora-nvidia-driver-39&arch=x86_64).
2026-07-16T09:16:12+0530 DEBUG error: Status code: 404 for https://mirrors.rpmfusion.org/metalink?repo=nonfree-fedora-nvidia-driver-39&arch=x86_64 (IP: 2607:5300:201:3100::9322) (https://mirrors.rpmfusion.org/metalink?repo=nonfree-fedora-nvidia-driver-39&arch=x86_64).
2026-07-16T09:16:12+0530 DEBUG error: Status code: 404 for https://mirrors.rpmfusion.org/metalink?repo=nonfree-fedora-nvidia-driver-39&arch=x86_64 (IP: 2607:5300:201:3100::9322) (https://mirrors.rpmfusion.org/metalink?repo=nonfree-fedora-nvidia-driver-39&arch=x86_64).
2026-07-16T09:16:14+0530 DEBUG error: Status code: 404 for https://mirrors.rpmfusion.org/metalink?repo=nonfree-fedora-nvidia-driver-39&arch=x86_64 (IP: 2607:5300:201:3100::9322) (https://mirrors.rpmfusion.org/metalink?repo=nonfree-fedora-nvidia-driver-39&arch=x86_64).
2026-07-16T09:16:15+0530 DEBUG error: Status code: 404 for https://mirrors.rpmfusion.org/metalink?repo=nonfree-fedora-nvidia-driver-39&arch=x86_64 (IP: 2607:5300:201:3100::9322) (https://mirrors.rpmfusion.org/metalink?repo=nonfree-fedora-nvidia-driver-39&arch=x86_64).
2026-07-16T09:16:16+0530 DEBUG error: Status code: 404 for https://mirrors.rpmfusion.org/metalink?repo=nonfree-fedora-nvidia-driver-39&arch=x86_64 (IP: 2607:5300:201:3100::9322) (https://mirrors.rpmfusion.org/metalink?repo=nonfree-fedora-nvidia-driver-39&arch=x86_64).
2026-07-16T09:16:17+0530 DEBUG error: Status code: 404 for https://mirrors.rpmfusion.org/metalink?repo=nonfree-fedora-nvidia-driver-39&arch=x86_64 (IP: 2607:5300:201:3100::9322) (https://mirrors.rpmfusion.org/metalink?repo=nonfree-fedora-nvidia-driver-39&arch=x86_64).
2026-07-16T09:16:19+0530 DEBUG error: Status code: 404 for https://mirrors.rpmfusion.org/metalink?repo=nonfree-fedora-nvidia-driver-39&arch=x86_64 (IP: 2607:5300:201:3100::9322) (https://mirrors.rpmfusion.org/metalink?repo=nonfree-fedora-nvidia-driver-39&arch=x86_64).
2026-07-16T09:16:19+0530 DEBUG error: Status code: 404 for https://mirrors.rpmfusion.org/metalink?repo=nonfree-fedora-nvidia-driver-39&arch=x86_64 (IP: 2607:5300:201:3100::9322) (https://mirrors.rpmfusion.org/metalink?repo=nonfree-fedora-nvidia-driver-39&arch=x86_64).
2026-07-16T09:16:19+0530 DEBUG error: Status code: 404 for https://mirrors.rpmfusion.org/metalink?repo=nonfree-fedora-nvidia-driver-39&arch=x86_64 (IP: 2607:5300:201:3100::9322) (https://mirrors.rpmfusion.org/metalink?repo=nonfree-fedora-nvidia-driver-39&arch=x86_64).
2026-07-16T09:16:20+0530 DEBUG error: Status code: 404 for https://mirrors.rpmfusion.org/metalink?repo=nonfree-fedora-nvidia-driver-39&arch=x86_64 (IP: 2607:5300:201:3100::9322) (https://mirrors.rpmfusion.org/metalink?repo=nonfree-fedora-nvidia-driver-39&arch=x86_64).
2026-07-16T09:16:20+0530 WARNING Errors during downloading metadata for repository 'rpmfusion-nonfree-nvidia-driver':
  - Status code: 404 for https://mirrors.rpmfusion.org/metalink?repo=nonfree-fedora-nvidia-driver-39&arch=x86_64 (IP: 2607:5300:201:3100::9322)
2026-07-16T09:16:20+0530 WARNING Error: Failed to download metadata for repo 'rpmfusion-nonfree-nvidia-driver': Cannot prepare internal mirrorlist: Status code: 404 for https://mirrors.rpmfusion.org/metalink?repo=nonfree-fedora-nvidia-driver-39&arch=x86_64 (IP: 2607:5300:201:3100::9322)
2026-07-16T09:16:21+0530 DEBUG reviving: 'rpmfusion-nonfree-steam' can be revived - metalink checksums match.
2026-07-16T09:16:21+0530 DEBUG rpmfusion-nonfree-steam: using metadata from Sat 23 Nov 2024 06:58:50 PM IST.
2026-07-16T09:16:22+0530 DEBUG reviving: 'rpmfusion-nonfree-updates' can be revived - metalink checksums match.
2026-07-16T09:16:22+0530 DEBUG rpmfusion-nonfree-updates: using metadata from Sat 23 Nov 2024 06:41:49 PM IST.
2026-07-16T09:16:22+0530 DEBUG reviving: 'teams-for-linux' can be revived - repomd matches.
2026-07-16T09:16:22+0530 DEBUG teams-for-linux: using metadata from Tue 16 Jun 2026 12:42:51 PM IST.
2026-07-16T09:16:22+0530 WARNING Ignoring repositories: hashicorp, rpmfusion-nonfree-nvidia-driver
2026-07-16T09:16:22+0530 DDEBUG timer: sack setup: 28808 ms
2026-07-16T09:16:22+0530 DEBUG User-Agent: constructed: 'libdnf (Fedora Linux 39; workstation; Linux.x86_64)'
2026-07-16T09:16:22+0530 DEBUG Completion plugin: Generating completion cache...
2026-07-16T09:16:23+0530 INFO Metadata cache created.
2026-07-16T09:16:23+0530 DDEBUG Cleaning up.
2026-07-16T09:16:23+0530 DDEBUG Plugins were unloaded.
2026-07-16T11:07:55+0530 INFO --- logging initialized ---
2026-07-16T11:07:55+0530 DDEBUG timer: config: 70 ms
2026-07-16T11:07:55+0530 DEBUG Loaded plugins: builddep, changelog, config-manager, copr, debug, debuginfo-install, download, generate_completion_cache, groups-manager, needs-restarting, notify-packagekit, playground, repoclosure, repodiff, repograph, repomanage, reposync, system-upgrade
2026-07-16T11:07:55+0530 DEBUG DNF version: 4.21.1
2026-07-16T11:07:55+0530 DDEBUG Command: dnf makecache --timer 
2026-07-16T11:07:55+0530 DDEBUG Installroot: /
2026-07-16T11:07:55+0530 DDEBUG Releasever: 39
2026-07-16T11:07:55+0530 DEBUG cachedir: /var/cache/dnf
2026-07-16T11:07:55+0530 DDEBUG Base command: makecache
2026-07-16T11:07:55+0530 DDEBUG Extra commands: ['makecache', '--timer']
2026-07-16T11:07:55+0530 DEBUG Making cache files for all metadata files.
2026-07-16T11:07:55+0530 INFO Metadata cache refreshed recently.
2026-07-16T11:07:55+0530 DDEBUG Cleaning up.
2026-07-16T11:07:55+0530 DDEBUG Plugins were unloaded.
2026-07-16T12:28:01+0530 INFO --- logging initialized ---
2026-07-16T12:28:01+0530 DDEBUG timer: config: 148 ms
2026-07-16T12:28:01+0530 DEBUG Loaded plugins: builddep, changelog, config-manager, copr, debug, debuginfo-install, download, generate_completion_cache, groups-manager, needs-restarting, notify-packagekit, playground, repoclosure, repodiff, repograph, repomanage, reposync, system-upgrade
2026-07-16T12:28:01+0530 DEBUG DNF version: 4.21.1
2026-07-16T12:28:01+0530 DDEBUG Command: dnf makecache --timer 
2026-07-16T12:28:01+0530 DDEBUG Installroot: /
2026-07-16T12:28:01+0530 DDEBUG Releasever: 39
2026-07-16T12:28:01+0530 DEBUG cachedir: /var/cache/dnf
2026-07-16T12:28:01+0530 DDEBUG Base command: makecache
2026-07-16T12:28:01+0530 DDEBUG Extra commands: ['makecache', '--timer']
2026-07-16T12:28:01+0530 DEBUG Making cache files for all metadata files.
2026-07-16T12:28:01+0530 DEBUG bitrix24: has expired and will be refreshed.
2026-07-16T12:28:01+0530 DEBUG brave-browser: has expired and will be refreshed.
2026-07-16T12:28:01+0530 DEBUG docker-ce-stable: has expired and will be refreshed.
2026-07-16T12:28:03+0530 DEBUG fedora: has expired and will be refreshed.
2026-07-16T12:28:03+0530 DEBUG fedora-cisco-openh264: has expired and will be refreshed.
2026-07-16T12:28:03+0530 DEBUG updates: has expired and will be refreshed.
2026-07-16T12:28:03+0530 DEBUG google-chrome: has expired and will be refreshed.
2026-07-16T12:28:03+0530 DEBUG hashicorp: has expired and will be refreshed.
2026-07-16T12:28:03+0530 DEBUG jenkins: has expired and will be refreshed.
2026-07-16T12:28:03+0530 DEBUG packages-microsoft-com-prod: has expired and will be refreshed.
2026-07-16T12:28:03+0530 DEBUG rpmfusion-free: has expired and will be refreshed.
2026-07-16T12:28:03+0530 DEBUG rpmfusion-free-updates: has expired and will be refreshed.
2026-07-16T12:28:03+0530 DEBUG rpmfusion-nonfree: has expired and will be refreshed.
2026-07-16T12:28:03+0530 DEBUG rpmfusion-nonfree-nvidia-driver: has expired and will be refreshed.
2026-07-16T12:28:03+0530 DEBUG rpmfusion-nonfree-steam: has expired and will be refreshed.
2026-07-16T12:28:03+0530 DEBUG rpmfusion-nonfree-updates: has expired and will be refreshed.
2026-07-16T12:28:03+0530 DEBUG teams-for-linux: has expired and will be refreshed.
2026-07-16T12:28:05+0530 DEBUG reviving: 'bitrix24' can be revived - repomd matches.
2026-07-16T12:28:05+0530 DEBUG bitrix24: using metadata from Mon 20 Apr 2026 09:02:48 PM IST.
2026-07-16T12:28:11+0530 DEBUG reviving: 'brave-browser' can be revived - repomd matches.
2026-07-16T12:28:11+0530 DEBUG brave-browser: using metadata from Wed 15 Jul 2026 10:35:46 PM IST.
2026-07-16T12:28:11+0530 DEBUG reviving: 'docker-ce-stable' can be revived - repomd matches.
2026-07-16T12:28:11+0530 DEBUG docker-ce-stable: using metadata from Wed 13 Nov 2024 06:00:28 PM IST.
2026-07-16T12:28:11+0530 DEBUG countme: no event for fedora: window already counted
2026-07-16T12:28:11+0530 DEBUG reviving: 'fedora' can be revived - metalink checksums match.
2026-07-16T12:28:14+0530 DEBUG fedora: using metadata from Wed 01 Nov 2023 05:42:39 AM IST.
2026-07-16T12:28:15+0530 DEBUG reviving: 'fedora-cisco-openh264' can be revived - metalink checksums match.
2026-07-16T12:28:15+0530 DEBUG fedora-cisco-openh264: using metadata from Tue 12 Mar 2024 05:43:24 PM IST.
2026-07-16T12:28:15+0530 DEBUG countme: no event for updates: window already counted
2026-07-16T12:28:15+0530 DEBUG reviving: 'updates' can be revived - metalink checksums match.
2026-07-16T12:28:17+0530 DEBUG updates: using metadata from Tue 26 Nov 2024 10:05:09 PM IST.
2026-07-16T12:28:17+0530 DEBUG reviving: 'google-chrome' can be revived - repomd matches.
2026-07-16T12:28:17+0530 DEBUG google-chrome: using metadata from Thu 16 Jul 2026 03:32:51 AM IST.
2026-07-16T12:28:17+0530 DEBUG repo: downloading from remote: hashicorp
2026-07-16T12:28:18+0530 DEBUG error: Status code: 404 for https://rpm.releases.hashicorp.com/fedora/39/x86_64/stable/repodata/repomd.xml (IP: 2600:9000:21b4:c600:18:566b:ecc0:93a1) (https://rpm.releases.hashicorp.com/fedora/39/x86_64/stable/repodata/repomd.xml).
2026-07-16T12:28:18+0530 WARNING Errors during downloading metadata for repository 'hashicorp':
  - Status code: 404 for https://rpm.releases.hashicorp.com/fedora/39/x86_64/stable/repodata/repomd.xml (IP: 2600:9000:21b4:c600:18:566b:ecc0:93a1)
2026-07-16T12:28:18+0530 WARNING Error: Failed to download metadata for repo 'hashicorp': Cannot download repomd.xml: Status code: 404 for https://rpm.releases.hashicorp.com/fedora/39/x86_64/stable/repodata/repomd.xml (IP: 2600:9000:21b4:c600:18:566b:ecc0:93a1)
2026-07-16T12:28:19+0530 DEBUG reviving: 'jenkins' can be revived - repomd matches.
2026-07-16T12:28:19+0530 DEBUG jenkins: using metadata from Thu 09 Jul 2026 09:13:24 PM IST.
2026-07-16T12:28:19+0530 DEBUG reviving: 'packages-microsoft-com-prod' can be revived - repomd matches.
2026-07-16T12:28:19+0530 DEBUG packages-microsoft-com-prod: using metadata from Fri 10 Jul 2026 02:53:11 AM IST.
2026-07-16T12:28:20+0530 DEBUG reviving: 'rpmfusion-free' can be revived - metalink checksums match.
2026-07-16T12:28:20+0530 DEBUG rpmfusion-free: using metadata from Sat 04 Nov 2023 10:19:08 PM IST.
2026-07-16T12:28:21+0530 DEBUG reviving: 'rpmfusion-free-updates' can be revived - metalink checksums match.
2026-07-16T12:28:21+0530 DEBUG rpmfusion-free-updates: using metadata from Sat 23 Nov 2024 06:15:37 PM IST.
2026-07-16T12:28:22+0530 DEBUG reviving: 'rpmfusion-nonfree' can be revived - metalink checksums match.
2026-07-16T12:28:22+0530 DEBUG rpmfusion-nonfree: using metadata from Sat 04 Nov 2023 10:56:32 PM IST.
2026-07-16T12:28:24+0530 DEBUG error: Status code: 404 for https://mirrors.rpmfusion.org/metalink?repo=nonfree-fedora-nvidia-driver-39&arch=x86_64 (IP: 2607:5300:201:3100::9322) (https://mirrors.rpmfusion.org/metalink?repo=nonfree-fedora-nvidia-driver-39&arch=x86_64).
2026-07-16T12:28:25+0530 DEBUG error: Status code: 404 for https://mirrors.rpmfusion.org/metalink?repo=nonfree-fedora-nvidia-driver-39&arch=x86_64 (IP: 2607:5300:201:3100::9322) (https://mirrors.rpmfusion.org/metalink?repo=nonfree-fedora-nvidia-driver-39&arch=x86_64).
2026-07-16T12:28:25+0530 DEBUG error: Status code: 404 for https://mirrors.rpmfusion.org/metalink?repo=nonfree-fedora-nvidia-driver-39&arch=x86_64 (IP: 2607:5300:201:3100::9322) (https://mirrors.rpmfusion.org/metalink?repo=nonfree-fedora-nvidia-driver-39&arch=x86_64).
2026-07-16T12:28:26+0530 DEBUG error: Status code: 404 for https://mirrors.rpmfusion.org/metalink?repo=nonfree-fedora-nvidia-driver-39&arch=x86_64 (IP: 2607:5300:201:3100::9322) (https://mirrors.rpmfusion.org/metalink?repo=nonfree-fedora-nvidia-driver-39&arch=x86_64).
2026-07-16T12:28:28+0530 DEBUG error: Status code: 404 for https://mirrors.rpmfusion.org/metalink?repo=nonfree-fedora-nvidia-driver-39&arch=x86_64 (IP: 2607:5300:201:3100::9322) (https://mirrors.rpmfusion.org/metalink?repo=nonfree-fedora-nvidia-driver-39&arch=x86_64).
2026-07-16T12:28:29+0530 DEBUG error: Status code: 404 for https://mirrors.rpmfusion.org/metalink?repo=nonfree-fedora-nvidia-driver-39&arch=x86_64 (IP: 2607:5300:201:3100::9322) (https://mirrors.rpmfusion.org/metalink?repo=nonfree-fedora-nvidia-driver-39&arch=x86_64).
2026-07-16T12:28:29+0530 DEBUG error: Status code: 404 for https://mirrors.rpmfusion.org/metalink?repo=nonfree-fedora-nvidia-driver-39&arch=x86_64 (IP: 2607:5300:201:3100::9322) (https://mirrors.rpmfusion.org/metalink?repo=nonfree-fedora-nvidia-driver-39&arch=x86_64).
2026-07-16T12:28:30+0530 DEBUG error: Status code: 404 for https://mirrors.rpmfusion.org/metalink?repo=nonfree-fedora-nvidia-driver-39&arch=x86_64 (IP: 2607:5300:201:3100::9322) (https://mirrors.rpmfusion.org/metalink?repo=nonfree-fedora-nvidia-driver-39&arch=x86_64).
2026-07-16T12:28:32+0530 DEBUG error: Status code: 404 for https://mirrors.rpmfusion.org/metalink?repo=nonfree-fedora-nvidia-driver-39&arch=x86_64 (IP: 2607:5300:201:3100::9322) (https://mirrors.rpmfusion.org/metalink?repo=nonfree-fedora-nvidia-driver-39&arch=x86_64).
2026-07-16T12:28:33+0530 DEBUG error: Status code: 404 for https://mirrors.rpmfusion.org/metalink?repo=nonfree-fedora-nvidia-driver-39&arch=x86_64 (IP: 2607:5300:201:3100::9322) (https://mirrors.rpmfusion.org/metalink?repo=nonfree-fedora-nvidia-driver-39&arch=x86_64).
2026-07-16T12:28:34+0530 DEBUG error: Status code: 404 for https://mirrors.rpmfusion.org/metalink?repo=nonfree-fedora-nvidia-driver-39&arch=x86_64 (IP: 2607:5300:201:3100::9322) (https://mirrors.rpmfusion.org/metalink?repo=nonfree-fedora-nvidia-driver-39&arch=x86_64).
2026-07-16T12:28:34+0530 DEBUG error: Status code: 404 for https://mirrors.rpmfusion.org/metalink?repo=nonfree-fedora-nvidia-driver-39&arch=x86_64 (IP: 2607:5300:201:3100::9322) (https://mirrors.rpmfusion.org/metalink?repo=nonfree-fedora-nvidia-driver-39&arch=x86_64).
2026-07-16T12:28:34+0530 WARNING Errors during downloading metadata for repository 'rpmfusion-nonfree-nvidia-driver':
  - Status code: 404 for https://mirrors.rpmfusion.org/metalink?repo=nonfree-fedora-nvidia-driver-39&arch=x86_64 (IP: 2607:5300:201:3100::9322)
2026-07-16T12:28:34+0530 WARNING Error: Failed to download metadata for repo 'rpmfusion-nonfree-nvidia-driver': Cannot prepare internal mirrorlist: Status code: 404 for https://mirrors.rpmfusion.org/metalink?repo=nonfree-fedora-nvidia-driver-39&arch=x86_64 (IP: 2607:5300:201:3100::9322)
2026-07-16T12:28:35+0530 DEBUG reviving: 'rpmfusion-nonfree-steam' can be revived - metalink checksums match.
2026-07-16T12:28:35+0530 DEBUG rpmfusion-nonfree-steam: using metadata from Sat 23 Nov 2024 06:58:50 PM IST.
2026-07-16T12:28:36+0530 DEBUG reviving: 'rpmfusion-nonfree-updates' can be revived - metalink checksums match.
2026-07-16T12:28:36+0530 DEBUG rpmfusion-nonfree-updates: using metadata from Sat 23 Nov 2024 06:41:49 PM IST.
2026-07-16T12:28:37+0530 DEBUG reviving: 'teams-for-linux' can be revived - repomd matches.
2026-07-16T12:28:37+0530 DEBUG teams-for-linux: using metadata from Tue 16 Jun 2026 12:42:51 PM IST.
2026-07-16T12:28:37+0530 WARNING Ignoring repositories: hashicorp, rpmfusion-nonfree-nvidia-driver
2026-07-16T12:28:37+0530 DDEBUG timer: sack setup: 33217 ms
2026-07-16T12:28:37+0530 DEBUG User-Agent: constructed: 'libdnf (Fedora Linux 39; workstation; Linux.x86_64)'
2026-07-16T12:28:37+0530 INFO Metadata cache created.
2026-07-16T12:28:37+0530 DDEBUG Cleaning up.
2026-07-16T12:28:37+0530 DDEBUG Plugins were unloaded.
2026-07-16T13:46:00+0530 INFO --- logging initialized ---
2026-07-16T13:46:00+0530 DDEBUG timer: config: 35 ms
2026-07-16T13:46:00+0530 DEBUG Loaded plugins: builddep, changelog, config-manager, copr, debug, debuginfo-install, download, generate_completion_cache, groups-manager, needs-restarting, notify-packagekit, playground, repoclosure, repodiff, repograph, repomanage, reposync, system-upgrade
2026-07-16T13:46:00+0530 DEBUG DNF version: 4.21.1
2026-07-16T13:46:00+0530 DDEBUG Command: dnf makecache --timer 
2026-07-16T13:46:00+0530 DDEBUG Installroot: /
2026-07-16T13:46:00+0530 DDEBUG Releasever: 39
2026-07-16T13:46:00+0530 DEBUG cachedir: /var/cache/dnf
2026-07-16T13:46:00+0530 DDEBUG Base command: makecache
2026-07-16T13:46:00+0530 DDEBUG Extra commands: ['makecache', '--timer']
2026-07-16T13:46:00+0530 DEBUG Making cache files for all metadata files.
2026-07-16T13:46:00+0530 INFO Metadata cache refreshed recently.
2026-07-16T13:46:00+0530 DDEBUG Cleaning up.
2026-07-16T13:46:00+0530 DDEBUG Plugins were unloaded.
2026-07-16T15:32:10+0530 INFO --- logging initialized ---
2026-07-16T15:32:10+0530 DDEBUG timer: config: 161 ms
2026-07-16T15:32:10+0530 DEBUG Loaded plugins: builddep, changelog, config-manager, copr, debug, debuginfo-install, download, generate_completion_cache, groups-manager, needs-restarting, notify-packagekit, playground, repoclosure, repodiff, repograph, repomanage, reposync, system-upgrade
2026-07-16T15:32:10+0530 DEBUG DNF version: 4.21.1
2026-07-16T15:32:10+0530 DDEBUG Command: dnf makecache --timer 
2026-07-16T15:32:10+0530 DDEBUG Installroot: /
2026-07-16T15:32:10+0530 DDEBUG Releasever: 39
2026-07-16T15:32:10+0530 DEBUG cachedir: /var/cache/dnf
2026-07-16T15:32:10+0530 DDEBUG Base command: makecache
2026-07-16T15:32:10+0530 DDEBUG Extra commands: ['makecache', '--timer']
2026-07-16T15:32:10+0530 DEBUG Making cache files for all metadata files.
2026-07-16T15:32:10+0530 DEBUG bitrix24: has expired and will be refreshed.
2026-07-16T15:32:10+0530 DEBUG brave-browser: has expired and will be refreshed.
2026-07-16T15:32:10+0530 DEBUG docker-ce-stable: has expired and will be refreshed.
2026-07-16T15:32:12+0530 DEBUG fedora: has expired and will be refreshed.
2026-07-16T15:32:12+0530 DEBUG fedora-cisco-openh264: has expired and will be refreshed.
2026-07-16T15:32:13+0530 DEBUG updates: has expired and will be refreshed.
2026-07-16T15:32:13+0530 DEBUG google-chrome: has expired and will be refreshed.
2026-07-16T15:32:13+0530 DEBUG hashicorp: has expired and will be refreshed.
2026-07-16T15:32:13+0530 DEBUG jenkins: has expired and will be refreshed.
2026-07-16T15:32:13+0530 DEBUG packages-microsoft-com-prod: has expired and will be refreshed.
2026-07-16T15:32:13+0530 DEBUG rpmfusion-free: has expired and will be refreshed.
2026-07-16T15:32:13+0530 DEBUG rpmfusion-free-updates: has expired and will be refreshed.
2026-07-16T15:32:13+0530 DEBUG rpmfusion-nonfree: has expired and will be refreshed.
2026-07-16T15:32:13+0530 DEBUG rpmfusion-nonfree-nvidia-driver: has expired and will be refreshed.
2026-07-16T15:32:13+0530 DEBUG rpmfusion-nonfree-steam: has expired and will be refreshed.
2026-07-16T15:32:13+0530 DEBUG rpmfusion-nonfree-updates: has expired and will be refreshed.
2026-07-16T15:32:13+0530 DEBUG teams-for-linux: has expired and will be refreshed.
2026-07-16T15:32:13+0530 DEBUG reviving: 'bitrix24' can be revived - repomd matches.
2026-07-16T15:32:13+0530 DEBUG bitrix24: using metadata from Mon 20 Apr 2026 09:02:48 PM IST.
2026-07-16T15:32:14+0530 DEBUG reviving: 'brave-browser' can be revived - repomd matches.
2026-07-16T15:32:14+0530 DEBUG brave-browser: using metadata from Wed 15 Jul 2026 10:35:46 PM IST.
2026-07-16T15:32:14+0530 DEBUG reviving: 'docker-ce-stable' can be revived - repomd matches.
2026-07-16T15:32:14+0530 DEBUG docker-ce-stable: using metadata from Wed 13 Nov 2024 06:00:28 PM IST.
2026-07-16T15:32:14+0530 DEBUG countme: no event for fedora: window already counted
2026-07-16T15:32:14+0530 DEBUG reviving: 'fedora' can be revived - metalink checksums match.
2026-07-16T15:32:17+0530 DEBUG fedora: using metadata from Wed 01 Nov 2023 05:42:39 AM IST.
2026-07-16T15:32:17+0530 DEBUG reviving: 'fedora-cisco-openh264' can be revived - metalink checksums match.
2026-07-16T15:32:17+0530 DEBUG fedora-cisco-openh264: using metadata from Tue 12 Mar 2024 05:43:24 PM IST.
2026-07-16T15:32:17+0530 DEBUG countme: no event for updates: window already counted
2026-07-16T15:32:18+0530 DEBUG reviving: 'updates' can be revived - metalink checksums match.
2026-07-16T15:32:19+0530 DEBUG updates: using metadata from Tue 26 Nov 2024 10:05:09 PM IST.
2026-07-16T15:32:20+0530 DEBUG reviving: 'google-chrome' can be revived - repomd matches.
2026-07-16T15:32:20+0530 DEBUG google-chrome: using metadata from Thu 16 Jul 2026 03:32:51 AM IST.
2026-07-16T15:32:20+0530 DEBUG repo: downloading from remote: hashicorp
2026-07-16T15:32:26+0530 DEBUG error: Status code: 404 for https://rpm.releases.hashicorp.com/fedora/39/x86_64/stable/repodata/repomd.xml (IP: 2600:9000:21b4:9400:18:566b:ecc0:93a1) (https://rpm.releases.hashicorp.com/fedora/39/x86_64/stable/repodata/repomd.xml).
2026-07-16T15:32:26+0530 WARNING Errors during downloading metadata for repository 'hashicorp':
  - Status code: 404 for https://rpm.releases.hashicorp.com/fedora/39/x86_64/stable/repodata/repomd.xml (IP: 2600:9000:21b4:9400:18:566b:ecc0:93a1)
2026-07-16T15:32:26+0530 WARNING Error: Failed to download metadata for repo 'hashicorp': Cannot download repomd.xml: Status code: 404 for https://rpm.releases.hashicorp.com/fedora/39/x86_64/stable/repodata/repomd.xml (IP: 2600:9000:21b4:9400:18:566b:ecc0:93a1)
2026-07-16T15:32:27+0530 DEBUG reviving: 'jenkins' can be revived - repomd matches.
2026-07-16T15:32:27+0530 DEBUG jenkins: using metadata from Thu 09 Jul 2026 09:13:24 PM IST.
2026-07-16T15:32:35+0530 DEBUG reviving: 'packages-microsoft-com-prod' can be revived - repomd matches.
2026-07-16T15:32:35+0530 DEBUG packages-microsoft-com-prod: using metadata from Fri 10 Jul 2026 02:53:11 AM IST.
2026-07-16T15:32:36+0530 DEBUG reviving: 'rpmfusion-free' can be revived - metalink checksums match.
2026-07-16T15:32:36+0530 DEBUG rpmfusion-free: using metadata from Sat 04 Nov 2023 10:19:08 PM IST.
2026-07-16T15:32:37+0530 DEBUG reviving: 'rpmfusion-free-updates' can be revived - metalink checksums match.
2026-07-16T15:32:37+0530 DEBUG rpmfusion-free-updates: using metadata from Sat 23 Nov 2024 06:15:37 PM IST.
2026-07-16T15:32:38+0530 DEBUG reviving: 'rpmfusion-nonfree' can be revived - metalink checksums match.
2026-07-16T15:32:38+0530 DEBUG rpmfusion-nonfree: using metadata from Sat 04 Nov 2023 10:56:32 PM IST.
2026-07-16T15:32:40+0530 DEBUG error: Status code: 404 for https://mirrors.rpmfusion.org/metalink?repo=nonfree-fedora-nvidia-driver-39&arch=x86_64 (IP: 2607:5300:201:3100::9322) (https://mirrors.rpmfusion.org/metalink?repo=nonfree-fedora-nvidia-driver-39&arch=x86_64).
2026-07-16T15:32:41+0530 DEBUG error: Status code: 404 for https://mirrors.rpmfusion.org/metalink?repo=nonfree-fedora-nvidia-driver-39&arch=x86_64 (IP: 2607:5300:201:3100::9322) (https://mirrors.rpmfusion.org/metalink?repo=nonfree-fedora-nvidia-driver-39&arch=x86_64).
2026-07-16T15:32:42+0530 DEBUG error: Status code: 404 for https://mirrors.rpmfusion.org/metalink?repo=nonfree-fedora-nvidia-driver-39&arch=x86_64 (IP: 2607:5300:201:3100::9322) (https://mirrors.rpmfusion.org/metalink?repo=nonfree-fedora-nvidia-driver-39&arch=x86_64).
2026-07-16T15:32:43+0530 DEBUG error: Status code: 404 for https://mirrors.rpmfusion.org/metalink?repo=nonfree-fedora-nvidia-driver-39&arch=x86_64 (IP: 2607:5300:201:3100::9322) (https://mirrors.rpmfusion.org/metalink?repo=nonfree-fedora-nvidia-driver-39&arch=x86_64).
2026-07-16T15:32:45+0530 DEBUG error: Status code: 404 for https://mirrors.rpmfusion.org/metalink?repo=nonfree-fedora-nvidia-driver-39&arch=x86_64 (IP: 2607:5300:201:3100::9322) (https://mirrors.rpmfusion.org/metalink?repo=nonfree-fedora-nvidia-driver-39&arch=x86_64).
2026-07-16T15:32:45+0530 DEBUG error: Status code: 404 for https://mirrors.rpmfusion.org/metalink?repo=nonfree-fedora-nvidia-driver-39&arch=x86_64 (IP: 2607:5300:201:3100::9322) (https://mirrors.rpmfusion.org/metalink?repo=nonfree-fedora-nvidia-driver-39&arch=x86_64).
2026-07-16T15:32:46+0530 DEBUG error: Status code: 404 for https://mirrors.rpmfusion.org/metalink?repo=nonfree-fedora-nvidia-driver-39&arch=x86_64 (IP: 2607:5300:201:3100::9322) (https://mirrors.rpmfusion.org/metalink?repo=nonfree-fedora-nvidia-driver-39&arch=x86_64).
2026-07-16T15:32:46+0530 DEBUG error: Status code: 404 for https://mirrors.rpmfusion.org/metalink?repo=nonfree-fedora-nvidia-driver-39&arch=x86_64 (IP: 2607:5300:201:3100::9322) (https://mirrors.rpmfusion.org/metalink?repo=nonfree-fedora-nvidia-driver-39&arch=x86_64).
2026-07-16T15:32:49+0530 DEBUG error: Status code: 404 for https://mirrors.rpmfusion.org/metalink?repo=nonfree-fedora-nvidia-driver-39&arch=x86_64 (IP: 2607:5300:201:3100::9322) (https://mirrors.rpmfusion.org/metalink?repo=nonfree-fedora-nvidia-driver-39&arch=x86_64).
2026-07-16T15:32:49+0530 DEBUG error: Status code: 404 for https://mirrors.rpmfusion.org/metalink?repo=nonfree-fedora-nvidia-driver-39&arch=x86_64 (IP: 2607:5300:201:3100::9322) (https://mirrors.rpmfusion.org/metalink?repo=nonfree-fedora-nvidia-driver-39&arch=x86_64).
2026-07-16T15:32:50+0530 DEBUG error: Status code: 404 for https://mirrors.rpmfusion.org/metalink?repo=nonfree-fedora-nvidia-driver-39&arch=x86_64 (IP: 2607:5300:201:3100::9322) (https://mirrors.rpmfusion.org/metalink?repo=nonfree-fedora-nvidia-driver-39&arch=x86_64).
2026-07-16T15:32:51+0530 DEBUG error: Status code: 404 for https://mirrors.rpmfusion.org/metalink?repo=nonfree-fedora-nvidia-driver-39&arch=x86_64 (IP: 2607:5300:201:3100::9322) (https://mirrors.rpmfusion.org/metalink?repo=nonfree-fedora-nvidia-driver-39&arch=x86_64).
2026-07-16T15:32:51+0530 WARNING Errors during downloading metadata for repository 'rpmfusion-nonfree-nvidia-driver':
  - Status code: 404 for https://mirrors.rpmfusion.org/metalink?repo=nonfree-fedora-nvidia-driver-39&arch=x86_64 (IP: 2607:5300:201:3100::9322)
2026-07-16T15:32:51+0530 WARNING Error: Failed to download metadata for repo 'rpmfusion-nonfree-nvidia-driver': Cannot prepare internal mirrorlist: Status code: 404 for https://mirrors.rpmfusion.org/metalink?repo=nonfree-fedora-nvidia-driver-39&arch=x86_64 (IP: 2607:5300:201:3100::9322)
2026-07-16T15:32:52+0530 DEBUG reviving: 'rpmfusion-nonfree-steam' can be revived - metalink checksums match.
2026-07-16T15:32:52+0530 DEBUG rpmfusion-nonfree-steam: using metadata from Sat 23 Nov 2024 06:58:50 PM IST.
2026-07-16T15:32:53+0530 DEBUG reviving: 'rpmfusion-nonfree-updates' can be revived - metalink checksums match.
2026-07-16T15:32:53+0530 DEBUG rpmfusion-nonfree-updates: using metadata from Sat 23 Nov 2024 06:41:49 PM IST.
2026-07-16T15:32:53+0530 DEBUG reviving: 'teams-for-linux' can be revived - repomd matches.
2026-07-16T15:32:53+0530 DEBUG teams-for-linux: using metadata from Tue 16 Jun 2026 12:42:51 PM IST.
2026-07-16T15:32:53+0530 WARNING Ignoring repositories: hashicorp, rpmfusion-nonfree-nvidia-driver
2026-07-16T15:32:53+0530 DDEBUG timer: sack setup: 40338 ms
2026-07-16T15:32:53+0530 DEBUG User-Agent: constructed: 'libdnf (Fedora Linux 39; workstation; Linux.x86_64)'
2026-07-16T15:32:53+0530 INFO Metadata cache created.
2026-07-16T15:32:53+0530 DDEBUG Cleaning up.
2026-07-16T15:32:53+0530 DDEBUG Plugins were unloaded.
2026-07-17T10:48:09+0530 INFO --- logging initialized ---
2026-07-17T10:48:09+0530 DDEBUG timer: config: 121 ms
2026-07-17T10:48:09+0530 DEBUG Loaded plugins: builddep, changelog, config-manager, copr, debug, debuginfo-install, download, generate_completion_cache, groups-manager, needs-restarting, notify-packagekit, playground, repoclosure, repodiff, repograph, repomanage, reposync, system-upgrade
2026-07-17T10:48:09+0530 DEBUG DNF version: 4.21.1
2026-07-17T10:48:09+0530 DDEBUG Command: dnf makecache --timer 
2026-07-17T10:48:09+0530 DDEBUG Installroot: /
2026-07-17T10:48:09+0530 DDEBUG Releasever: 39
2026-07-17T10:48:09+0530 DEBUG cachedir: /var/cache/dnf
2026-07-17T10:48:09+0530 DDEBUG Base command: makecache
2026-07-17T10:48:09+0530 DDEBUG Extra commands: ['makecache', '--timer']
2026-07-17T10:48:09+0530 DEBUG Making cache files for all metadata files.
2026-07-17T10:48:09+0530 DEBUG bitrix24: has expired and will be refreshed.
2026-07-17T10:48:09+0530 DEBUG brave-browser: has expired and will be refreshed.
2026-07-17T10:48:09+0530 DEBUG docker-ce-stable: has expired and will be refreshed.
2026-07-17T10:48:12+0530 DEBUG fedora: has expired and will be refreshed.
2026-07-17T10:48:12+0530 DEBUG fedora-cisco-openh264: has expired and will be refreshed.
2026-07-17T10:48:12+0530 DEBUG updates: has expired and will be refreshed.
2026-07-17T10:48:12+0530 DEBUG google-chrome: has expired and will be refreshed.
2026-07-17T10:48:12+0530 DEBUG hashicorp: has expired and will be refreshed.
2026-07-17T10:48:12+0530 DEBUG jenkins: has expired and will be refreshed.
2026-07-17T10:48:12+0530 DEBUG packages-microsoft-com-prod: has expired and will be refreshed.
2026-07-17T10:48:12+0530 DEBUG rpmfusion-free: has expired and will be refreshed.
2026-07-17T10:48:12+0530 DEBUG rpmfusion-free-updates: has expired and will be refreshed.
2026-07-17T10:48:12+0530 DEBUG rpmfusion-nonfree: has expired and will be refreshed.
2026-07-17T10:48:12+0530 DEBUG rpmfusion-nonfree-nvidia-driver: has expired and will be refreshed.
2026-07-17T10:48:12+0530 DEBUG rpmfusion-nonfree-steam: has expired and will be refreshed.
2026-07-17T10:48:12+0530 DEBUG rpmfusion-nonfree-updates: has expired and will be refreshed.
2026-07-17T10:48:12+0530 DEBUG teams-for-linux: has expired and will be refreshed.
2026-07-17T10:48:13+0530 DEBUG reviving: 'bitrix24' can be revived - repomd matches.
2026-07-17T10:48:13+0530 DEBUG bitrix24: using metadata from Mon 20 Apr 2026 09:02:48 PM IST.
2026-07-17T10:48:13+0530 DEBUG reviving: 'brave-browser' can be revived - repomd matches.
2026-07-17T10:48:13+0530 DEBUG brave-browser: using metadata from Wed 15 Jul 2026 10:35:46 PM IST.
2026-07-17T10:48:13+0530 DEBUG reviving: 'docker-ce-stable' can be revived - repomd matches.
2026-07-17T10:48:13+0530 DEBUG docker-ce-stable: using metadata from Wed 13 Nov 2024 06:00:28 PM IST.
2026-07-17T10:48:13+0530 DEBUG countme: no event for fedora: window already counted
2026-07-17T10:48:14+0530 DEBUG reviving: 'fedora' can be revived - metalink checksums match.
2026-07-17T10:48:17+0530 DEBUG fedora: using metadata from Wed 01 Nov 2023 05:42:39 AM IST.
2026-07-17T10:48:18+0530 DEBUG reviving: 'fedora-cisco-openh264' can be revived - metalink checksums match.
2026-07-17T10:48:18+0530 DEBUG fedora-cisco-openh264: using metadata from Tue 12 Mar 2024 05:43:24 PM IST.
2026-07-17T10:48:18+0530 DEBUG countme: no event for updates: window already counted
2026-07-17T10:48:18+0530 DEBUG reviving: 'updates' can be revived - metalink checksums match.
2026-07-17T10:48:19+0530 DEBUG updates: using metadata from Tue 26 Nov 2024 10:05:09 PM IST.
2026-07-17T10:48:19+0530 DEBUG reviving: failed for 'google-chrome', mismatched repomd.
2026-07-17T10:48:19+0530 DEBUG repo: downloading from remote: google-chrome
2026-07-17T10:48:20+0530 DEBUG google-chrome: using metadata from Fri 17 Jul 2026 02:29:20 AM IST.
2026-07-17T10:48:20+0530 DEBUG repo: downloading from remote: hashicorp
2026-07-17T10:48:21+0530 DEBUG error: Status code: 404 for https://rpm.releases.hashicorp.com/fedora/39/x86_64/stable/repodata/repomd.xml (IP: 2600:9000:21b4:5e00:18:566b:ecc0:93a1) (https://rpm.releases.hashicorp.com/fedora/39/x86_64/stable/repodata/repomd.xml).
2026-07-17T10:48:21+0530 WARNING Errors during downloading metadata for repository 'hashicorp':
  - Status code: 404 for https://rpm.releases.hashicorp.com/fedora/39/x86_64/stable/repodata/repomd.xml (IP: 2600:9000:21b4:5e00:18:566b:ecc0:93a1)
2026-07-17T10:48:21+0530 WARNING Error: Failed to download metadata for repo 'hashicorp': Cannot download repomd.xml: Status code: 404 for https://rpm.releases.hashicorp.com/fedora/39/x86_64/stable/repodata/repomd.xml (IP: 2600:9000:21b4:5e00:18:566b:ecc0:93a1)
2026-07-17T10:48:21+0530 DEBUG reviving: 'jenkins' can be revived - repomd matches.
2026-07-17T10:48:21+0530 DEBUG jenkins: using metadata from Thu 09 Jul 2026 09:13:24 PM IST.
2026-07-17T10:48:22+0530 DEBUG reviving: 'packages-microsoft-com-prod' can be revived - repomd matches.
2026-07-17T10:48:22+0530 DEBUG packages-microsoft-com-prod: using metadata from Fri 10 Jul 2026 02:53:11 AM IST.
2026-07-17T10:48:24+0530 DEBUG reviving: 'rpmfusion-free' can be revived - metalink checksums match.
2026-07-17T10:48:24+0530 DEBUG rpmfusion-free: using metadata from Sat 04 Nov 2023 10:19:08 PM IST.
2026-07-17T10:48:25+0530 DEBUG reviving: 'rpmfusion-free-updates' can be revived - metalink checksums match.
2026-07-17T10:48:25+0530 DEBUG rpmfusion-free-updates: using metadata from Sat 23 Nov 2024 06:15:37 PM IST.
2026-07-17T10:48:26+0530 DEBUG reviving: 'rpmfusion-nonfree' can be revived - metalink checksums match.
2026-07-17T10:48:26+0530 DEBUG rpmfusion-nonfree: using metadata from Sat 04 Nov 2023 10:56:32 PM IST.
2026-07-17T10:48:28+0530 DEBUG error: Status code: 404 for https://mirrors.rpmfusion.org/metalink?repo=nonfree-fedora-nvidia-driver-39&arch=x86_64 (IP: 2607:5300:201:3100::9322) (https://mirrors.rpmfusion.org/metalink?repo=nonfree-fedora-nvidia-driver-39&arch=x86_64).
2026-07-17T10:48:29+0530 DEBUG error: Status code: 404 for https://mirrors.rpmfusion.org/metalink?repo=nonfree-fedora-nvidia-driver-39&arch=x86_64 (IP: 2607:5300:201:3100::9322) (https://mirrors.rpmfusion.org/metalink?repo=nonfree-fedora-nvidia-driver-39&arch=x86_64).
2026-07-17T10:48:29+0530 DEBUG error: Status code: 404 for https://mirrors.rpmfusion.org/metalink?repo=nonfree-fedora-nvidia-driver-39&arch=x86_64 (IP: 2607:5300:201:3100::9322) (https://mirrors.rpmfusion.org/metalink?repo=nonfree-fedora-nvidia-driver-39&arch=x86_64).
2026-07-17T10:48:30+0530 DEBUG error: Status code: 404 for https://mirrors.rpmfusion.org/metalink?repo=nonfree-fedora-nvidia-driver-39&arch=x86_64 (IP: 2607:5300:201:3100::9322) (https://mirrors.rpmfusion.org/metalink?repo=nonfree-fedora-nvidia-driver-39&arch=x86_64).
2026-07-17T10:48:32+0530 DEBUG error: Status code: 404 for https://mirrors.rpmfusion.org/metalink?repo=nonfree-fedora-nvidia-driver-39&arch=x86_64 (IP: 2607:5300:201:3100::9322) (https://mirrors.rpmfusion.org/metalink?repo=nonfree-fedora-nvidia-driver-39&arch=x86_64).
2026-07-17T10:48:33+0530 DEBUG error: Status code: 404 for https://mirrors.rpmfusion.org/metalink?repo=nonfree-fedora-nvidia-driver-39&arch=x86_64 (IP: 2607:5300:201:3100::9322) (https://mirrors.rpmfusion.org/metalink?repo=nonfree-fedora-nvidia-driver-39&arch=x86_64).
2026-07-17T10:48:33+0530 DEBUG error: Status code: 404 for https://mirrors.rpmfusion.org/metalink?repo=nonfree-fedora-nvidia-driver-39&arch=x86_64 (IP: 2607:5300:201:3100::9322) (https://mirrors.rpmfusion.org/metalink?repo=nonfree-fedora-nvidia-driver-39&arch=x86_64).
2026-07-17T10:48:34+0530 DEBUG error: Status code: 404 for https://mirrors.rpmfusion.org/metalink?repo=nonfree-fedora-nvidia-driver-39&arch=x86_64 (IP: 2607:5300:201:3100::9322) (https://mirrors.rpmfusion.org/metalink?repo=nonfree-fedora-nvidia-driver-39&arch=x86_64).
2026-07-17T10:48:35+0530 DEBUG error: Status code: 404 for https://mirrors.rpmfusion.org/metalink?repo=nonfree-fedora-nvidia-driver-39&arch=x86_64 (IP: 2607:5300:201:3100::9322) (https://mirrors.rpmfusion.org/metalink?repo=nonfree-fedora-nvidia-driver-39&arch=x86_64).
2026-07-17T10:48:36+0530 DEBUG error: Status code: 404 for https://mirrors.rpmfusion.org/metalink?repo=nonfree-fedora-nvidia-driver-39&arch=x86_64 (IP: 2607:5300:201:3100::9322) (https://mirrors.rpmfusion.org/metalink?repo=nonfree-fedora-nvidia-driver-39&arch=x86_64).
2026-07-17T10:48:37+0530 DEBUG error: Status code: 404 for https://mirrors.rpmfusion.org/metalink?repo=nonfree-fedora-nvidia-driver-39&arch=x86_64 (IP: 2607:5300:201:3100::9322) (https://mirrors.rpmfusion.org/metalink?repo=nonfree-fedora-nvidia-driver-39&arch=x86_64).
2026-07-17T10:48:37+0530 DEBUG error: Status code: 404 for https://mirrors.rpmfusion.org/metalink?repo=nonfree-fedora-nvidia-driver-39&arch=x86_64 (IP: 2607:5300:201:3100::9322) (https://mirrors.rpmfusion.org/metalink?repo=nonfree-fedora-nvidia-driver-39&arch=x86_64).
2026-07-17T10:48:37+0530 WARNING Errors during downloading metadata for repository 'rpmfusion-nonfree-nvidia-driver':
  - Status code: 404 for https://mirrors.rpmfusion.org/metalink?repo=nonfree-fedora-nvidia-driver-39&arch=x86_64 (IP: 2607:5300:201:3100::9322)
2026-07-17T10:48:37+0530 WARNING Error: Failed to download metadata for repo 'rpmfusion-nonfree-nvidia-driver': Cannot prepare internal mirrorlist: Status code: 404 for https://mirrors.rpmfusion.org/metalink?repo=nonfree-fedora-nvidia-driver-39&arch=x86_64 (IP: 2607:5300:201:3100::9322)
2026-07-17T10:48:38+0530 DEBUG reviving: 'rpmfusion-nonfree-steam' can be revived - metalink checksums match.
2026-07-17T10:48:38+0530 DEBUG rpmfusion-nonfree-steam: using metadata from Sat 23 Nov 2024 06:58:50 PM IST.
2026-07-17T10:48:39+0530 DEBUG reviving: 'rpmfusion-nonfree-updates' can be revived - metalink checksums match.
2026-07-17T10:48:39+0530 DEBUG rpmfusion-nonfree-updates: using metadata from Sat 23 Nov 2024 06:41:49 PM IST.
2026-07-17T10:48:40+0530 DEBUG reviving: 'teams-for-linux' can be revived - repomd matches.
2026-07-17T10:48:40+0530 DEBUG teams-for-linux: using metadata from Tue 16 Jun 2026 12:42:51 PM IST.
2026-07-17T10:48:40+0530 WARNING Ignoring repositories: hashicorp, rpmfusion-nonfree-nvidia-driver
2026-07-17T10:48:40+0530 DDEBUG timer: sack setup: 27323 ms
2026-07-17T10:48:40+0530 DEBUG User-Agent: constructed: 'libdnf (Fedora Linux 39; workstation; Linux.x86_64)'
2026-07-17T10:48:40+0530 DEBUG Completion plugin: Generating completion cache...
2026-07-17T10:48:41+0530 INFO Metadata cache created.
2026-07-17T10:48:41+0530 DDEBUG Cleaning up.
2026-07-17T10:48:41+0530 DDEBUG Plugins were unloaded.
2026-07-17T12:06:40+0530 INFO --- logging initialized ---
2026-07-17T12:06:40+0530 DDEBUG timer: config: 6 ms
2026-07-17T12:06:41+0530 DEBUG Loaded plugins: builddep, changelog, config-manager, copr, debug, debuginfo-install, download, generate_completion_cache, groups-manager, needs-restarting, notify-packagekit, playground, repoclosure, repodiff, repograph, repomanage, reposync, system-upgrade
2026-07-17T12:06:41+0530 DEBUG DNF version: 4.21.1
2026-07-17T12:06:41+0530 DDEBUG Command: dnf makecache --timer 
2026-07-17T12:06:41+0530 DDEBUG Installroot: /
2026-07-17T12:06:41+0530 DDEBUG Releasever: 39
2026-07-17T12:06:41+0530 DEBUG cachedir: /var/cache/dnf
2026-07-17T12:06:41+0530 DDEBUG Base command: makecache
2026-07-17T12:06:41+0530 DDEBUG Extra commands: ['makecache', '--timer']
2026-07-17T12:06:41+0530 DEBUG Making cache files for all metadata files.
2026-07-17T12:06:41+0530 INFO Metadata cache refreshed recently.
2026-07-17T12:06:41+0530 DDEBUG Cleaning up.
2026-07-17T12:06:41+0530 DDEBUG Plugins were unloaded.
2026-07-17T13:45:40+0530 INFO --- logging initialized ---
2026-07-17T13:45:40+0530 DDEBUG timer: config: 5 ms
2026-07-17T13:45:40+0530 DEBUG Loaded plugins: builddep, changelog, config-manager, copr, debug, debuginfo-install, download, generate_completion_cache, groups-manager, needs-restarting, notify-packagekit, playground, repoclosure, repodiff, repograph, repomanage, reposync, system-upgrade
2026-07-17T13:45:40+0530 DEBUG DNF version: 4.21.1
2026-07-17T13:45:40+0530 DDEBUG Command: dnf makecache --timer 
2026-07-17T13:45:40+0530 DDEBUG Installroot: /
2026-07-17T13:45:40+0530 DDEBUG Releasever: 39
2026-07-17T13:45:40+0530 DEBUG cachedir: /var/cache/dnf
2026-07-17T13:45:40+0530 DDEBUG Base command: makecache
2026-07-17T13:45:40+0530 DDEBUG Extra commands: ['makecache', '--timer']
2026-07-17T13:45:40+0530 DEBUG Making cache files for all metadata files.
2026-07-17T13:45:40+0530 INFO Metadata cache refreshed recently.
2026-07-17T13:45:40+0530 DDEBUG Cleaning up.
2026-07-17T13:45:40+0530 DDEBUG Plugins were unloaded.
2026-07-17T15:06:41+0530 INFO --- logging initialized ---
2026-07-17T15:06:41+0530 DDEBUG timer: config: 19 ms
2026-07-17T15:06:41+0530 DEBUG Loaded plugins: builddep, changelog, config-manager, copr, debug, debuginfo-install, download, generate_completion_cache, groups-manager, needs-restarting, notify-packagekit, playground, repoclosure, repodiff, repograph, repomanage, reposync, system-upgrade
2026-07-17T15:06:41+0530 DEBUG DNF version: 4.21.1
2026-07-17T15:06:41+0530 DDEBUG Command: dnf makecache --timer 
2026-07-17T15:06:41+0530 DDEBUG Installroot: /
2026-07-17T15:06:41+0530 DDEBUG Releasever: 39
2026-07-17T15:06:41+0530 DEBUG cachedir: /var/cache/dnf
2026-07-17T15:06:41+0530 DDEBUG Base command: makecache
2026-07-17T15:06:41+0530 DDEBUG Extra commands: ['makecache', '--timer']
2026-07-17T15:06:41+0530 DEBUG Making cache files for all metadata files.
2026-07-17T15:06:41+0530 DEBUG bitrix24: has expired and will be refreshed.
2026-07-17T15:06:41+0530 DEBUG brave-browser: has expired and will be refreshed.
2026-07-17T15:06:41+0530 DEBUG docker-ce-stable: has expired and will be refreshed.
2026-07-17T15:06:43+0530 DEBUG fedora: has expired and will be refreshed.
2026-07-17T15:06:43+0530 DEBUG fedora-cisco-openh264: has expired and will be refreshed.
2026-07-17T15:06:43+0530 DEBUG updates: has expired and will be refreshed.
2026-07-17T15:06:43+0530 DEBUG google-chrome: has expired and will be refreshed.
2026-07-17T15:06:43+0530 DEBUG hashicorp: has expired and will be refreshed.
2026-07-17T15:06:43+0530 DEBUG jenkins: has expired and will be refreshed.
2026-07-17T15:06:43+0530 DEBUG packages-microsoft-com-prod: has expired and will be refreshed.
2026-07-17T15:06:43+0530 DEBUG rpmfusion-free: has expired and will be refreshed.
2026-07-17T15:06:43+0530 DEBUG rpmfusion-free-updates: has expired and will be refreshed.
2026-07-17T15:06:43+0530 DEBUG rpmfusion-nonfree: has expired and will be refreshed.
2026-07-17T15:06:43+0530 DEBUG rpmfusion-nonfree-nvidia-driver: has expired and will be refreshed.
2026-07-17T15:06:43+0530 DEBUG rpmfusion-nonfree-steam: has expired and will be refreshed.
2026-07-17T15:06:43+0530 DEBUG rpmfusion-nonfree-updates: has expired and will be refreshed.
2026-07-17T15:06:43+0530 DEBUG teams-for-linux: has expired and will be refreshed.
2026-07-17T15:06:44+0530 DEBUG reviving: 'bitrix24' can be revived - repomd matches.
2026-07-17T15:06:44+0530 DEBUG bitrix24: using metadata from Mon 20 Apr 2026 09:02:48 PM IST.
2026-07-17T15:06:44+0530 DEBUG reviving: 'brave-browser' can be revived - repomd matches.
2026-07-17T15:06:44+0530 DEBUG brave-browser: using metadata from Wed 15 Jul 2026 10:35:46 PM IST.
2026-07-17T15:06:44+0530 DEBUG reviving: 'docker-ce-stable' can be revived - repomd matches.
2026-07-17T15:06:44+0530 DEBUG docker-ce-stable: using metadata from Wed 13 Nov 2024 06:00:28 PM IST.
2026-07-17T15:06:44+0530 DEBUG countme: no event for fedora: window already counted
2026-07-17T15:06:45+0530 DEBUG reviving: 'fedora' can be revived - metalink checksums match.
2026-07-17T15:06:48+0530 DEBUG fedora: using metadata from Wed 01 Nov 2023 05:42:39 AM IST.
2026-07-17T15:06:48+0530 DEBUG reviving: 'fedora-cisco-openh264' can be revived - metalink checksums match.
2026-07-17T15:06:48+0530 DEBUG fedora-cisco-openh264: using metadata from Tue 12 Mar 2024 05:43:24 PM IST.
2026-07-17T15:06:48+0530 DEBUG countme: no event for updates: window already counted
2026-07-17T15:06:49+0530 DEBUG reviving: 'updates' can be revived - metalink checksums match.
2026-07-17T15:06:50+0530 DEBUG updates: using metadata from Tue 26 Nov 2024 10:05:09 PM IST.
2026-07-17T15:06:51+0530 DEBUG reviving: 'google-chrome' can be revived - repomd matches.
2026-07-17T15:06:51+0530 DEBUG google-chrome: using metadata from Fri 17 Jul 2026 02:29:20 AM IST.
2026-07-17T15:06:51+0530 DEBUG repo: downloading from remote: hashicorp
2026-07-17T15:06:52+0530 DEBUG error: Status code: 404 for https://rpm.releases.hashicorp.com/fedora/39/x86_64/stable/repodata/repomd.xml (IP: 2600:9000:21b4:b600:18:566b:ecc0:93a1) (https://rpm.releases.hashicorp.com/fedora/39/x86_64/stable/repodata/repomd.xml).
2026-07-17T15:06:52+0530 WARNING Errors during downloading metadata for repository 'hashicorp':
  - Status code: 404 for https://rpm.releases.hashicorp.com/fedora/39/x86_64/stable/repodata/repomd.xml (IP: 2600:9000:21b4:b600:18:566b:ecc0:93a1)
2026-07-17T15:06:52+0530 WARNING Error: Failed to download metadata for repo 'hashicorp': Cannot download repomd.xml: Status code: 404 for https://rpm.releases.hashicorp.com/fedora/39/x86_64/stable/repodata/repomd.xml (IP: 2600:9000:21b4:b600:18:566b:ecc0:93a1)
2026-07-17T15:06:52+0530 DEBUG reviving: 'jenkins' can be revived - repomd matches.
2026-07-17T15:06:52+0530 DEBUG jenkins: using metadata from Thu 09 Jul 2026 09:13:24 PM IST.
2026-07-17T15:06:53+0530 DEBUG reviving: 'packages-microsoft-com-prod' can be revived - repomd matches.
2026-07-17T15:06:54+0530 DEBUG packages-microsoft-com-prod: using metadata from Fri 10 Jul 2026 02:53:11 AM IST.
2026-07-17T15:06:55+0530 DEBUG reviving: 'rpmfusion-free' can be revived - metalink checksums match.
2026-07-17T15:06:55+0530 DEBUG rpmfusion-free: using metadata from Sat 04 Nov 2023 10:19:08 PM IST.
2026-07-17T15:06:56+0530 DEBUG reviving: 'rpmfusion-free-updates' can be revived - metalink checksums match.
2026-07-17T15:06:56+0530 DEBUG rpmfusion-free-updates: using metadata from Sat 23 Nov 2024 06:15:37 PM IST.
2026-07-17T15:06:57+0530 DEBUG reviving: 'rpmfusion-nonfree' can be revived - metalink checksums match.
2026-07-17T15:06:57+0530 DEBUG rpmfusion-nonfree: using metadata from Sat 04 Nov 2023 10:56:32 PM IST.
2026-07-17T15:06:59+0530 DEBUG error: Status code: 404 for https://mirrors.rpmfusion.org/metalink?repo=nonfree-fedora-nvidia-driver-39&arch=x86_64 (IP: 2607:5300:201:3100::9322) (https://mirrors.rpmfusion.org/metalink?repo=nonfree-fedora-nvidia-driver-39&arch=x86_64).
2026-07-17T15:06:59+0530 DEBUG error: Status code: 404 for https://mirrors.rpmfusion.org/metalink?repo=nonfree-fedora-nvidia-driver-39&arch=x86_64 (IP: 2607:5300:201:3100::9322) (https://mirrors.rpmfusion.org/metalink?repo=nonfree-fedora-nvidia-driver-39&arch=x86_64).
2026-07-17T15:06:59+0530 DEBUG error: Status code: 404 for https://mirrors.rpmfusion.org/metalink?repo=nonfree-fedora-nvidia-driver-39&arch=x86_64 (IP: 2607:5300:201:3100::9322) (https://mirrors.rpmfusion.org/metalink?repo=nonfree-fedora-nvidia-driver-39&arch=x86_64).
2026-07-17T15:07:00+0530 DEBUG error: Status code: 404 for https://mirrors.rpmfusion.org/metalink?repo=nonfree-fedora-nvidia-driver-39&arch=x86_64 (IP: 2607:5300:201:3100::9322) (https://mirrors.rpmfusion.org/metalink?repo=nonfree-fedora-nvidia-driver-39&arch=x86_64).
2026-07-17T15:07:01+0530 DEBUG error: Status code: 404 for https://mirrors.rpmfusion.org/metalink?repo=nonfree-fedora-nvidia-driver-39&arch=x86_64 (IP: 2607:5300:201:3100::9322) (https://mirrors.rpmfusion.org/metalink?repo=nonfree-fedora-nvidia-driver-39&arch=x86_64).
2026-07-17T15:07:02+0530 DEBUG error: Status code: 404 for https://mirrors.rpmfusion.org/metalink?repo=nonfree-fedora-nvidia-driver-39&arch=x86_64 (IP: 2607:5300:201:3100::9322) (https://mirrors.rpmfusion.org/metalink?repo=nonfree-fedora-nvidia-driver-39&arch=x86_64).
2026-07-17T15:07:03+0530 DEBUG error: Status code: 404 for https://mirrors.rpmfusion.org/metalink?repo=nonfree-fedora-nvidia-driver-39&arch=x86_64 (IP: 2607:5300:201:3100::9322) (https://mirrors.rpmfusion.org/metalink?repo=nonfree-fedora-nvidia-driver-39&arch=x86_64).
2026-07-17T15:07:03+0530 DEBUG error: Status code: 404 for https://mirrors.rpmfusion.org/metalink?repo=nonfree-fedora-nvidia-driver-39&arch=x86_64 (IP: 2607:5300:201:3100::9322) (https://mirrors.rpmfusion.org/metalink?repo=nonfree-fedora-nvidia-driver-39&arch=x86_64).
2026-07-17T15:07:05+0530 DEBUG error: Status code: 404 for https://mirrors.rpmfusion.org/metalink?repo=nonfree-fedora-nvidia-driver-39&arch=x86_64 (IP: 2607:5300:201:3100::9322) (https://mirrors.rpmfusion.org/metalink?repo=nonfree-fedora-nvidia-driver-39&arch=x86_64).
2026-07-17T15:07:05+0530 DEBUG error: Status code: 404 for https://mirrors.rpmfusion.org/metalink?repo=nonfree-fedora-nvidia-driver-39&arch=x86_64 (IP: 2607:5300:201:3100::9322) (https://mirrors.rpmfusion.org/metalink?repo=nonfree-fedora-nvidia-driver-39&arch=x86_64).
2026-07-17T15:07:06+0530 DEBUG error: Status code: 404 for https://mirrors.rpmfusion.org/metalink?repo=nonfree-fedora-nvidia-driver-39&arch=x86_64 (IP: 2607:5300:201:3100::9322) (https://mirrors.rpmfusion.org/metalink?repo=nonfree-fedora-nvidia-driver-39&arch=x86_64).
2026-07-17T15:07:06+0530 DEBUG error: Status code: 404 for https://mirrors.rpmfusion.org/metalink?repo=nonfree-fedora-nvidia-driver-39&arch=x86_64 (IP: 2607:5300:201:3100::9322) (https://mirrors.rpmfusion.org/metalink?repo=nonfree-fedora-nvidia-driver-39&arch=x86_64).
2026-07-17T15:07:06+0530 WARNING Errors during downloading metadata for repository 'rpmfusion-nonfree-nvidia-driver':
  - Status code: 404 for https://mirrors.rpmfusion.org/metalink?repo=nonfree-fedora-nvidia-driver-39&arch=x86_64 (IP: 2607:5300:201:3100::9322)
2026-07-17T15:07:06+0530 WARNING Error: Failed to download metadata for repo 'rpmfusion-nonfree-nvidia-driver': Cannot prepare internal mirrorlist: Status code: 404 for https://mirrors.rpmfusion.org/metalink?repo=nonfree-fedora-nvidia-driver-39&arch=x86_64 (IP: 2607:5300:201:3100::9322)
2026-07-17T15:07:07+0530 DEBUG reviving: 'rpmfusion-nonfree-steam' can be revived - metalink checksums match.
2026-07-17T15:07:07+0530 DEBUG rpmfusion-nonfree-steam: using metadata from Sat 23 Nov 2024 06:58:50 PM IST.
2026-07-17T15:07:08+0530 DEBUG reviving: 'rpmfusion-nonfree-updates' can be revived - metalink checksums match.
2026-07-17T15:07:08+0530 DEBUG rpmfusion-nonfree-updates: using metadata from Sat 23 Nov 2024 06:41:49 PM IST.
2026-07-17T15:07:08+0530 DEBUG reviving: 'teams-for-linux' can be revived - repomd matches.
2026-07-17T15:07:08+0530 DEBUG teams-for-linux: using metadata from Tue 16 Jun 2026 12:42:51 PM IST.
2026-07-17T15:07:08+0530 WARNING Ignoring repositories: hashicorp, rpmfusion-nonfree-nvidia-driver
2026-07-17T15:07:08+0530 DDEBUG timer: sack setup: 25247 ms
2026-07-17T15:07:08+0530 DEBUG User-Agent: constructed: 'libdnf (Fedora Linux 39; workstation; Linux.x86_64)'
2026-07-17T15:07:08+0530 INFO Metadata cache created.
2026-07-17T15:07:08+0530 DDEBUG Cleaning up.
2026-07-17T15:07:09+0530 DDEBUG Plugins were unloaded.
2026-07-17T16:31:41+0530 INFO --- logging initialized ---
2026-07-17T16:31:41+0530 DDEBUG timer: config: 124 ms
2026-07-17T16:31:41+0530 DEBUG Loaded plugins: builddep, changelog, config-manager, copr, debug, debuginfo-install, download, generate_completion_cache, groups-manager, needs-restarting, notify-packagekit, playground, repoclosure, repodiff, repograph, repomanage, reposync, system-upgrade
2026-07-17T16:31:41+0530 DEBUG DNF version: 4.21.1
2026-07-17T16:31:41+0530 DDEBUG Command: dnf makecache --timer 
2026-07-17T16:31:41+0530 DDEBUG Installroot: /
2026-07-17T16:31:41+0530 DDEBUG Releasever: 39
2026-07-17T16:31:41+0530 DEBUG cachedir: /var/cache/dnf
2026-07-17T16:31:41+0530 DDEBUG Base command: makecache
2026-07-17T16:31:41+0530 DDEBUG Extra commands: ['makecache', '--timer']
2026-07-17T16:31:41+0530 DEBUG Making cache files for all metadata files.
2026-07-17T16:31:41+0530 INFO Metadata cache refreshed recently.
2026-07-17T16:31:41+0530 DDEBUG Cleaning up.
2026-07-17T16:31:41+0530 DDEBUG Plugins were unloaded.
2026-07-17T20:16:07+0530 INFO --- logging initialized ---
2026-07-17T20:16:07+0530 DDEBUG timer: config: 484 ms
2026-07-17T20:16:07+0530 DEBUG Loaded plugins: builddep, changelog, config-manager, copr, debug, debuginfo-install, download, generate_completion_cache, groups-manager, needs-restarting, notify-packagekit, playground, repoclosure, repodiff, repograph, repomanage, reposync, system-upgrade
2026-07-17T20:16:07+0530 DEBUG DNF version: 4.21.1
2026-07-17T20:16:07+0530 DDEBUG Command: dnf makecache --timer 
2026-07-17T20:16:07+0530 DDEBUG Installroot: /
2026-07-17T20:16:07+0530 DDEBUG Releasever: 39
2026-07-17T20:16:07+0530 DEBUG cachedir: /var/cache/dnf
2026-07-17T20:16:07+0530 DDEBUG Base command: makecache
2026-07-17T20:16:07+0530 DDEBUG Extra commands: ['makecache', '--timer']
2026-07-17T20:16:07+0530 DEBUG Making cache files for all metadata files.
2026-07-17T20:16:07+0530 INFO Metadata timer caching disabled when running on a battery.
2026-07-17T20:16:07+0530 DDEBUG Cleaning up.
2026-07-17T20:16:07+0530 DDEBUG Plugins were unloaded.
2026-07-18T09:10:50+0530 INFO --- logging initialized ---
2026-07-18T09:10:50+0530 DDEBUG timer: config: 130 ms
2026-07-18T09:10:50+0530 DEBUG Loaded plugins: builddep, changelog, config-manager, copr, debug, debuginfo-install, download, generate_completion_cache, groups-manager, needs-restarting, notify-packagekit, playground, repoclosure, repodiff, repograph, repomanage, reposync, system-upgrade
2026-07-18T09:10:50+0530 DEBUG DNF version: 4.21.1
2026-07-18T09:10:50+0530 DDEBUG Command: dnf makecache --timer 
2026-07-18T09:10:50+0530 DDEBUG Installroot: /
2026-07-18T09:10:50+0530 DDEBUG Releasever: 39
2026-07-18T09:10:50+0530 DEBUG cachedir: /var/cache/dnf
2026-07-18T09:10:50+0530 DDEBUG Base command: makecache
2026-07-18T09:10:50+0530 DDEBUG Extra commands: ['makecache', '--timer']
2026-07-18T09:10:50+0530 DEBUG Making cache files for all metadata files.
2026-07-18T09:10:50+0530 DEBUG bitrix24: has expired and will be refreshed.
2026-07-18T09:10:50+0530 DEBUG brave-browser: has expired and will be refreshed.
2026-07-18T09:10:50+0530 DEBUG docker-ce-stable: has expired and will be refreshed.
2026-07-18T09:10:54+0530 DEBUG fedora: has expired and will be refreshed.
2026-07-18T09:10:54+0530 DEBUG fedora-cisco-openh264: has expired and will be refreshed.
2026-07-18T09:10:55+0530 DEBUG updates: has expired and will be refreshed.
2026-07-18T09:10:55+0530 DEBUG google-chrome: has expired and will be refreshed.
2026-07-18T09:10:55+0530 DEBUG hashicorp: has expired and will be refreshed.
2026-07-18T09:10:55+0530 DEBUG jenkins: has expired and will be refreshed.
2026-07-18T09:10:55+0530 DEBUG packages-microsoft-com-prod: has expired and will be refreshed.
2026-07-18T09:10:55+0530 DEBUG rpmfusion-free: has expired and will be refreshed.
2026-07-18T09:10:55+0530 DEBUG rpmfusion-free-updates: has expired and will be refreshed.
2026-07-18T09:10:55+0530 DEBUG rpmfusion-nonfree: has expired and will be refreshed.
2026-07-18T09:10:55+0530 DEBUG rpmfusion-nonfree-nvidia-driver: has expired and will be refreshed.
2026-07-18T09:10:55+0530 DEBUG rpmfusion-nonfree-steam: has expired and will be refreshed.
2026-07-18T09:10:55+0530 DEBUG rpmfusion-nonfree-updates: has expired and will be refreshed.
2026-07-18T09:10:55+0530 DEBUG teams-for-linux: has expired and will be refreshed.
2026-07-18T09:10:56+0530 DEBUG reviving: 'bitrix24' can be revived - repomd matches.
2026-07-18T09:10:56+0530 DEBUG bitrix24: using metadata from Mon 20 Apr 2026 09:02:48 PM IST.
2026-07-18T09:10:56+0530 DEBUG reviving: failed for 'brave-browser', mismatched repomd.
2026-07-18T09:10:56+0530 DEBUG repo: downloading from remote: brave-browser
2026-07-18T09:10:57+0530 DEBUG brave-browser: using metadata from Fri 17 Jul 2026 11:05:22 PM IST.
2026-07-18T09:10:57+0530 DEBUG reviving: 'docker-ce-stable' can be revived - repomd matches.
2026-07-18T09:10:57+0530 DEBUG docker-ce-stable: using metadata from Wed 13 Nov 2024 06:00:28 PM IST.
2026-07-18T09:10:57+0530 DEBUG countme: no event for fedora: window already counted
2026-07-18T09:10:57+0530 DEBUG reviving: 'fedora' can be revived - metalink checksums match.
2026-07-18T09:11:00+0530 DEBUG fedora: using metadata from Wed 01 Nov 2023 05:42:39 AM IST.
2026-07-18T09:11:00+0530 DEBUG reviving: 'fedora-cisco-openh264' can be revived - metalink checksums match.
2026-07-18T09:11:00+0530 DEBUG fedora-cisco-openh264: using metadata from Tue 12 Mar 2024 05:43:24 PM IST.
2026-07-18T09:11:00+0530 DEBUG countme: no event for updates: window already counted
2026-07-18T09:11:01+0530 DEBUG reviving: 'updates' can be revived - metalink checksums match.
2026-07-18T09:11:03+0530 DEBUG updates: using metadata from Tue 26 Nov 2024 10:05:09 PM IST.
2026-07-18T09:11:03+0530 DEBUG reviving: failed for 'google-chrome', mismatched repomd.
2026-07-18T09:11:03+0530 DEBUG repo: downloading from remote: google-chrome
2026-07-18T09:11:03+0530 DEBUG google-chrome: using metadata from Sat 18 Jul 2026 02:30:04 AM IST.
2026-07-18T09:11:03+0530 DEBUG repo: downloading from remote: hashicorp
2026-07-18T09:11:05+0530 DEBUG error: Status code: 404 for https://rpm.releases.hashicorp.com/fedora/39/x86_64/stable/repodata/repomd.xml (IP: 2600:9000:21b4:3a00:18:566b:ecc0:93a1) (https://rpm.releases.hashicorp.com/fedora/39/x86_64/stable/repodata/repomd.xml).
2026-07-18T09:11:05+0530 WARNING Errors during downloading metadata for repository 'hashicorp':
  - Status code: 404 for https://rpm.releases.hashicorp.com/fedora/39/x86_64/stable/repodata/repomd.xml (IP: 2600:9000:21b4:3a00:18:566b:ecc0:93a1)
2026-07-18T09:11:05+0530 WARNING Error: Failed to download metadata for repo 'hashicorp': Cannot download repomd.xml: Status code: 404 for https://rpm.releases.hashicorp.com/fedora/39/x86_64/stable/repodata/repomd.xml (IP: 2600:9000:21b4:3a00:18:566b:ecc0:93a1)
2026-07-18T09:11:05+0530 DEBUG reviving: 'jenkins' can be revived - repomd matches.
2026-07-18T09:11:05+0530 DEBUG jenkins: using metadata from Thu 09 Jul 2026 09:13:24 PM IST.
2026-07-18T09:11:07+0530 DEBUG reviving: 'packages-microsoft-com-prod' can be revived - repomd matches.
2026-07-18T09:11:07+0530 DEBUG packages-microsoft-com-prod: using metadata from Fri 10 Jul 2026 02:53:11 AM IST.
2026-07-18T09:11:08+0530 DEBUG reviving: 'rpmfusion-free' can be revived - metalink checksums match.
2026-07-18T09:11:09+0530 DEBUG rpmfusion-free: using metadata from Sat 04 Nov 2023 10:19:08 PM IST.
2026-07-18T09:11:10+0530 DEBUG reviving: 'rpmfusion-free-updates' can be revived - metalink checksums match.
2026-07-18T09:11:10+0530 DEBUG rpmfusion-free-updates: using metadata from Sat 23 Nov 2024 06:15:37 PM IST.
2026-07-18T09:11:11+0530 DEBUG reviving: 'rpmfusion-nonfree' can be revived - metalink checksums match.
2026-07-18T09:11:11+0530 DEBUG rpmfusion-nonfree: using metadata from Sat 04 Nov 2023 10:56:32 PM IST.
2026-07-18T09:11:13+0530 DEBUG error: Status code: 404 for https://mirrors.rpmfusion.org/metalink?repo=nonfree-fedora-nvidia-driver-39&arch=x86_64 (IP: 2607:5300:201:3100::9322) (https://mirrors.rpmfusion.org/metalink?repo=nonfree-fedora-nvidia-driver-39&arch=x86_64).
2026-07-18T09:11:13+0530 DEBUG error: Status code: 404 for https://mirrors.rpmfusion.org/metalink?repo=nonfree-fedora-nvidia-driver-39&arch=x86_64 (IP: 2607:5300:201:3100::9322) (https://mirrors.rpmfusion.org/metalink?repo=nonfree-fedora-nvidia-driver-39&arch=x86_64).
2026-07-18T09:11:14+0530 DEBUG error: Status code: 404 for https://mirrors.rpmfusion.org/metalink?repo=nonfree-fedora-nvidia-driver-39&arch=x86_64 (IP: 2607:5300:201:3100::9322) (https://mirrors.rpmfusion.org/metalink?repo=nonfree-fedora-nvidia-driver-39&arch=x86_64).
2026-07-18T09:11:14+0530 DEBUG error: Status code: 404 for https://mirrors.rpmfusion.org/metalink?repo=nonfree-fedora-nvidia-driver-39&arch=x86_64 (IP: 2607:5300:201:3100::9322) (https://mirrors.rpmfusion.org/metalink?repo=nonfree-fedora-nvidia-driver-39&arch=x86_64).
2026-07-18T09:11:16+0530 DEBUG error: Status code: 404 for https://mirrors.rpmfusion.org/metalink?repo=nonfree-fedora-nvidia-driver-39&arch=x86_64 (IP: 2607:5300:201:3100::9322) (https://mirrors.rpmfusion.org/metalink?repo=nonfree-fedora-nvidia-driver-39&arch=x86_64).
2026-07-18T09:11:17+0530 DEBUG error: Status code: 404 for https://mirrors.rpmfusion.org/metalink?repo=nonfree-fedora-nvidia-driver-39&arch=x86_64 (IP: 2607:5300:201:3100::9322) (https://mirrors.rpmfusion.org/metalink?repo=nonfree-fedora-nvidia-driver-39&arch=x86_64).
2026-07-18T09:11:17+0530 DEBUG error: Status code: 404 for https://mirrors.rpmfusion.org/metalink?repo=nonfree-fedora-nvidia-driver-39&arch=x86_64 (IP: 2607:5300:201:3100::9322) (https://mirrors.rpmfusion.org/metalink?repo=nonfree-fedora-nvidia-driver-39&arch=x86_64).
2026-07-18T09:11:18+0530 DEBUG error: Status code: 404 for https://mirrors.rpmfusion.org/metalink?repo=nonfree-fedora-nvidia-driver-39&arch=x86_64 (IP: 2607:5300:201:3100::9322) (https://mirrors.rpmfusion.org/metalink?repo=nonfree-fedora-nvidia-driver-39&arch=x86_64).
2026-07-18T09:11:20+0530 DEBUG error: Status code: 404 for https://mirrors.rpmfusion.org/metalink?repo=nonfree-fedora-nvidia-driver-39&arch=x86_64 (IP: 2607:5300:201:3100::9322) (https://mirrors.rpmfusion.org/metalink?repo=nonfree-fedora-nvidia-driver-39&arch=x86_64).
2026-07-18T09:11:21+0530 DEBUG error: Status code: 404 for https://mirrors.rpmfusion.org/metalink?repo=nonfree-fedora-nvidia-driver-39&arch=x86_64 (IP: 2607:5300:201:3100::9322) (https://mirrors.rpmfusion.org/metalink?repo=nonfree-fedora-nvidia-driver-39&arch=x86_64).
2026-07-18T09:11:21+0530 DEBUG error: Status code: 404 for https://mirrors.rpmfusion.org/metalink?repo=nonfree-fedora-nvidia-driver-39&arch=x86_64 (IP: 2607:5300:201:3100::9322) (https://mirrors.rpmfusion.org/metalink?repo=nonfree-fedora-nvidia-driver-39&arch=x86_64).
2026-07-18T09:11:22+0530 DEBUG error: Status code: 404 for https://mirrors.rpmfusion.org/metalink?repo=nonfree-fedora-nvidia-driver-39&arch=x86_64 (IP: 2607:5300:201:3100::9322) (https://mirrors.rpmfusion.org/metalink?repo=nonfree-fedora-nvidia-driver-39&arch=x86_64).
2026-07-18T09:11:22+0530 WARNING Errors during downloading metadata for repository 'rpmfusion-nonfree-nvidia-driver':
  - Status code: 404 for https://mirrors.rpmfusion.org/metalink?repo=nonfree-fedora-nvidia-driver-39&arch=x86_64 (IP: 2607:5300:201:3100::9322)
2026-07-18T09:11:22+0530 WARNING Error: Failed to download metadata for repo 'rpmfusion-nonfree-nvidia-driver': Cannot prepare internal mirrorlist: Status code: 404 for https://mirrors.rpmfusion.org/metalink?repo=nonfree-fedora-nvidia-driver-39&arch=x86_64 (IP: 2607:5300:201:3100::9322)
2026-07-18T09:11:23+0530 DEBUG reviving: 'rpmfusion-nonfree-steam' can be revived - metalink checksums match.
2026-07-18T09:11:23+0530 DEBUG rpmfusion-nonfree-steam: using metadata from Sat 23 Nov 2024 06:58:50 PM IST.
2026-07-18T09:11:25+0530 DEBUG reviving: 'rpmfusion-nonfree-updates' can be revived - metalink checksums match.
2026-07-18T09:11:25+0530 DEBUG rpmfusion-nonfree-updates: using metadata from Sat 23 Nov 2024 06:41:49 PM IST.
2026-07-18T09:11:25+0530 DEBUG reviving: 'teams-for-linux' can be revived - repomd matches.
2026-07-18T09:11:25+0530 DEBUG teams-for-linux: using metadata from Tue 16 Jun 2026 12:42:51 PM IST.
2026-07-18T09:11:25+0530 WARNING Ignoring repositories: hashicorp, rpmfusion-nonfree-nvidia-driver
2026-07-18T09:11:25+0530 DDEBUG timer: sack setup: 29848 ms
2026-07-18T09:11:25+0530 DEBUG User-Agent: constructed: 'libdnf (Fedora Linux 39; workstation; Linux.x86_64)'
2026-07-18T09:11:25+0530 DEBUG Completion plugin: Generating completion cache...
2026-07-18T09:11:27+0530 INFO Metadata cache created.
2026-07-18T09:11:27+0530 DDEBUG Cleaning up.
2026-07-18T09:11:27+0530 DDEBUG Plugins were unloaded.
2026-07-18T11:03:58+0530 INFO --- logging initialized ---
2026-07-18T11:03:58+0530 DDEBUG timer: config: 56 ms
2026-07-18T11:03:59+0530 DEBUG Loaded plugins: builddep, changelog, config-manager, copr, debug, debuginfo-install, download, generate_completion_cache, groups-manager, needs-restarting, notify-packagekit, playground, repoclosure, repodiff, repograph, repomanage, reposync, system-upgrade
2026-07-18T11:03:59+0530 DEBUG DNF version: 4.21.1
2026-07-18T11:03:59+0530 DDEBUG Command: dnf makecache --timer 
2026-07-18T11:03:59+0530 DDEBUG Installroot: /
2026-07-18T11:03:59+0530 DDEBUG Releasever: 39
2026-07-18T11:03:59+0530 DEBUG cachedir: /var/cache/dnf
2026-07-18T11:03:59+0530 DDEBUG Base command: makecache
2026-07-18T11:03:59+0530 DDEBUG Extra commands: ['makecache', '--timer']
2026-07-18T11:03:59+0530 DEBUG Making cache files for all metadata files.
2026-07-18T11:03:59+0530 INFO Metadata cache refreshed recently.
2026-07-18T11:03:59+0530 DDEBUG Cleaning up.
2026-07-18T11:03:59+0530 DDEBUG Plugins were unloaded.
2026-07-18T12:54:59+0530 INFO --- logging initialized ---
2026-07-18T12:54:59+0530 DDEBUG timer: config: 101 ms
2026-07-18T12:54:59+0530 DEBUG Loaded plugins: builddep, changelog, config-manager, copr, debug, debuginfo-install, download, generate_completion_cache, groups-manager, needs-restarting, notify-packagekit, playground, repoclosure, repodiff, repograph, repomanage, reposync, system-upgrade
2026-07-18T12:54:59+0530 DEBUG DNF version: 4.21.1
2026-07-18T12:54:59+0530 DDEBUG Command: dnf makecache --timer 
2026-07-18T12:54:59+0530 DDEBUG Installroot: /
2026-07-18T12:54:59+0530 DDEBUG Releasever: 39
2026-07-18T12:54:59+0530 DEBUG cachedir: /var/cache/dnf
2026-07-18T12:54:59+0530 DDEBUG Base command: makecache
2026-07-18T12:54:59+0530 DDEBUG Extra commands: ['makecache', '--timer']
2026-07-18T12:54:59+0530 DEBUG Making cache files for all metadata files.
2026-07-18T12:54:59+0530 DEBUG bitrix24: has expired and will be refreshed.
2026-07-18T12:54:59+0530 DEBUG brave-browser: has expired and will be refreshed.
2026-07-18T12:54:59+0530 DEBUG docker-ce-stable: has expired and will be refreshed.
2026-07-18T12:55:00+0530 DEBUG fedora: has expired and will be refreshed.
2026-07-18T12:55:00+0530 DEBUG fedora-cisco-openh264: has expired and will be refreshed.
2026-07-18T12:55:01+0530 DEBUG updates: has expired and will be refreshed.
2026-07-18T12:55:01+0530 DEBUG google-chrome: has expired and will be refreshed.
2026-07-18T12:55:01+0530 DEBUG hashicorp: has expired and will be refreshed.
2026-07-18T12:55:01+0530 DEBUG jenkins: has expired and will be refreshed.
2026-07-18T12:55:01+0530 DEBUG packages-microsoft-com-prod: has expired and will be refreshed.
2026-07-18T12:55:01+0530 DEBUG rpmfusion-free: has expired and will be refreshed.
2026-07-18T12:55:01+0530 DEBUG rpmfusion-free-updates: has expired and will be refreshed.
2026-07-18T12:55:01+0530 DEBUG rpmfusion-nonfree: has expired and will be refreshed.
2026-07-18T12:55:01+0530 DEBUG rpmfusion-nonfree-nvidia-driver: has expired and will be refreshed.
2026-07-18T12:55:01+0530 DEBUG rpmfusion-nonfree-steam: has expired and will be refreshed.
2026-07-18T12:55:01+0530 DEBUG rpmfusion-nonfree-updates: has expired and will be refreshed.
2026-07-18T12:55:01+0530 DEBUG teams-for-linux: has expired and will be refreshed.
2026-07-18T12:55:05+0530 DEBUG reviving: 'bitrix24' can be revived - repomd matches.
2026-07-18T12:55:05+0530 DEBUG bitrix24: using metadata from Mon 20 Apr 2026 09:02:48 PM IST.
2026-07-18T12:55:05+0530 DEBUG reviving: 'brave-browser' can be revived - repomd matches.
2026-07-18T12:55:05+0530 DEBUG brave-browser: using metadata from Fri 17 Jul 2026 11:05:22 PM IST.
2026-07-18T12:55:05+0530 DEBUG reviving: 'docker-ce-stable' can be revived - repomd matches.
2026-07-18T12:55:05+0530 DEBUG docker-ce-stable: using metadata from Wed 13 Nov 2024 06:00:28 PM IST.
2026-07-18T12:55:05+0530 DEBUG countme: no event for fedora: window already counted
2026-07-18T12:55:06+0530 DEBUG reviving: 'fedora' can be revived - metalink checksums match.
2026-07-18T12:55:09+0530 DEBUG fedora: using metadata from Wed 01 Nov 2023 05:42:39 AM IST.
2026-07-18T12:55:09+0530 DEBUG reviving: 'fedora-cisco-openh264' can be revived - metalink checksums match.
2026-07-18T12:55:09+0530 DEBUG fedora-cisco-openh264: using metadata from Tue 12 Mar 2024 05:43:24 PM IST.
2026-07-18T12:55:09+0530 DEBUG countme: no event for updates: window already counted
2026-07-18T12:55:10+0530 DEBUG reviving: 'updates' can be revived - metalink checksums match.
2026-07-18T12:55:11+0530 DEBUG updates: using metadata from Tue 26 Nov 2024 10:05:09 PM IST.
2026-07-18T12:55:11+0530 DEBUG reviving: 'google-chrome' can be revived - repomd matches.
2026-07-18T12:55:11+0530 DEBUG google-chrome: using metadata from Sat 18 Jul 2026 02:30:04 AM IST.
2026-07-18T12:55:11+0530 DEBUG repo: downloading from remote: hashicorp
2026-07-18T12:55:13+0530 DEBUG error: Status code: 404 for https://rpm.releases.hashicorp.com/fedora/39/x86_64/stable/repodata/repomd.xml (IP: 2600:9000:21b4:8600:18:566b:ecc0:93a1) (https://rpm.releases.hashicorp.com/fedora/39/x86_64/stable/repodata/repomd.xml).
2026-07-18T12:55:13+0530 WARNING Errors during downloading metadata for repository 'hashicorp':
  - Status code: 404 for https://rpm.releases.hashicorp.com/fedora/39/x86_64/stable/repodata/repomd.xml (IP: 2600:9000:21b4:8600:18:566b:ecc0:93a1)
2026-07-18T12:55:13+0530 WARNING Error: Failed to download metadata for repo 'hashicorp': Cannot download repomd.xml: Status code: 404 for https://rpm.releases.hashicorp.com/fedora/39/x86_64/stable/repodata/repomd.xml (IP: 2600:9000:21b4:8600:18:566b:ecc0:93a1)
2026-07-18T12:55:13+0530 DEBUG reviving: 'jenkins' can be revived - repomd matches.
2026-07-18T12:55:13+0530 DEBUG jenkins: using metadata from Thu 09 Jul 2026 09:13:24 PM IST.
2026-07-18T12:55:14+0530 DEBUG reviving: 'packages-microsoft-com-prod' can be revived - repomd matches.
2026-07-18T12:55:14+0530 DEBUG packages-microsoft-com-prod: using metadata from Fri 10 Jul 2026 02:53:11 AM IST.
2026-07-18T12:55:16+0530 DEBUG reviving: 'rpmfusion-free' can be revived - metalink checksums match.
2026-07-18T12:55:16+0530 DEBUG rpmfusion-free: using metadata from Sat 04 Nov 2023 10:19:08 PM IST.
2026-07-18T12:55:17+0530 DEBUG reviving: 'rpmfusion-free-updates' can be revived - metalink checksums match.
2026-07-18T12:55:17+0530 DEBUG rpmfusion-free-updates: using metadata from Sat 23 Nov 2024 06:15:37 PM IST.
2026-07-18T12:55:18+0530 DEBUG reviving: 'rpmfusion-nonfree' can be revived - metalink checksums match.
2026-07-18T12:55:18+0530 DEBUG rpmfusion-nonfree: using metadata from Sat 04 Nov 2023 10:56:32 PM IST.
2026-07-18T12:55:20+0530 DEBUG error: Status code: 404 for https://mirrors.rpmfusion.org/metalink?repo=nonfree-fedora-nvidia-driver-39&arch=x86_64 (IP: 2607:5300:201:3100::9322) (https://mirrors.rpmfusion.org/metalink?repo=nonfree-fedora-nvidia-driver-39&arch=x86_64).
2026-07-18T12:55:20+0530 DEBUG error: Status code: 404 for https://mirrors.rpmfusion.org/metalink?repo=nonfree-fedora-nvidia-driver-39&arch=x86_64 (IP: 2607:5300:201:3100::9322) (https://mirrors.rpmfusion.org/metalink?repo=nonfree-fedora-nvidia-driver-39&arch=x86_64).
2026-07-18T12:55:21+0530 DEBUG error: Status code: 404 for https://mirrors.rpmfusion.org/metalink?repo=nonfree-fedora-nvidia-driver-39&arch=x86_64 (IP: 2607:5300:201:3100::9322) (https://mirrors.rpmfusion.org/metalink?repo=nonfree-fedora-nvidia-driver-39&arch=x86_64).
2026-07-18T12:55:22+0530 DEBUG error: Status code: 404 for https://mirrors.rpmfusion.org/metalink?repo=nonfree-fedora-nvidia-driver-39&arch=x86_64 (IP: 2607:5300:201:3100::9322) (https://mirrors.rpmfusion.org/metalink?repo=nonfree-fedora-nvidia-driver-39&arch=x86_64).
2026-07-18T12:55:24+0530 DEBUG error: Status code: 404 for https://mirrors.rpmfusion.org/metalink?repo=nonfree-fedora-nvidia-driver-39&arch=x86_64 (IP: 2607:5300:201:3100::9322) (https://mirrors.rpmfusion.org/metalink?repo=nonfree-fedora-nvidia-driver-39&arch=x86_64).
2026-07-18T12:55:24+0530 DEBUG error: Status code: 404 for https://mirrors.rpmfusion.org/metalink?repo=nonfree-fedora-nvidia-driver-39&arch=x86_64 (IP: 2607:5300:201:3100::9322) (https://mirrors.rpmfusion.org/metalink?repo=nonfree-fedora-nvidia-driver-39&arch=x86_64).
2026-07-18T12:55:25+0530 DEBUG error: Status code: 404 for https://mirrors.rpmfusion.org/metalink?repo=nonfree-fedora-nvidia-driver-39&arch=x86_64 (IP: 2607:5300:201:3100::9322) (https://mirrors.rpmfusion.org/metalink?repo=nonfree-fedora-nvidia-driver-39&arch=x86_64).
2026-07-18T12:55:25+0530 DEBUG error: Status code: 404 for https://mirrors.rpmfusion.org/metalink?repo=nonfree-fedora-nvidia-driver-39&arch=x86_64 (IP: 2607:5300:201:3100::9322) (https://mirrors.rpmfusion.org/metalink?repo=nonfree-fedora-nvidia-driver-39&arch=x86_64).
2026-07-18T12:55:27+0530 DEBUG error: Status code: 404 for https://mirrors.rpmfusion.org/metalink?repo=nonfree-fedora-nvidia-driver-39&arch=x86_64 (IP: 2607:5300:201:3100::9322) (https://mirrors.rpmfusion.org/metalink?repo=nonfree-fedora-nvidia-driver-39&arch=x86_64).
2026-07-18T12:55:28+0530 DEBUG error: Status code: 404 for https://mirrors.rpmfusion.org/metalink?repo=nonfree-fedora-nvidia-driver-39&arch=x86_64 (IP: 2607:5300:201:3100::9322) (https://mirrors.rpmfusion.org/metalink?repo=nonfree-fedora-nvidia-driver-39&arch=x86_64).
2026-07-18T12:55:28+0530 DEBUG error: Status code: 404 for https://mirrors.rpmfusion.org/metalink?repo=nonfree-fedora-nvidia-driver-39&arch=x86_64 (IP: 2607:5300:201:3100::9322) (https://mirrors.rpmfusion.org/metalink?repo=nonfree-fedora-nvidia-driver-39&arch=x86_64).
2026-07-18T12:55:28+0530 DEBUG error: Status code: 404 for https://mirrors.rpmfusion.org/metalink?repo=nonfree-fedora-nvidia-driver-39&arch=x86_64 (IP: 2607:5300:201:3100::9322) (https://mirrors.rpmfusion.org/metalink?repo=nonfree-fedora-nvidia-driver-39&arch=x86_64).
2026-07-18T12:55:28+0530 WARNING Errors during downloading metadata for repository 'rpmfusion-nonfree-nvidia-driver':
  - Status code: 404 for https://mirrors.rpmfusion.org/metalink?repo=nonfree-fedora-nvidia-driver-39&arch=x86_64 (IP: 2607:5300:201:3100::9322)
2026-07-18T12:55:28+0530 WARNING Error: Failed to download metadata for repo 'rpmfusion-nonfree-nvidia-driver': Cannot prepare internal mirrorlist: Status code: 404 for https://mirrors.rpmfusion.org/metalink?repo=nonfree-fedora-nvidia-driver-39&arch=x86_64 (IP: 2607:5300:201:3100::9322)
2026-07-18T12:55:29+0530 DEBUG reviving: 'rpmfusion-nonfree-steam' can be revived - metalink checksums match.
2026-07-18T12:55:29+0530 DEBUG rpmfusion-nonfree-steam: using metadata from Sat 23 Nov 2024 06:58:50 PM IST.
2026-07-18T12:55:30+0530 DEBUG reviving: 'rpmfusion-nonfree-updates' can be revived - metalink checksums match.
2026-07-18T12:55:30+0530 DEBUG rpmfusion-nonfree-updates: using metadata from Sat 23 Nov 2024 06:41:49 PM IST.
2026-07-18T12:55:31+0530 DEBUG reviving: 'teams-for-linux' can be revived - repomd matches.
2026-07-18T12:55:31+0530 DEBUG teams-for-linux: using metadata from Tue 16 Jun 2026 12:42:51 PM IST.
2026-07-18T12:55:31+0530 WARNING Ignoring repositories: hashicorp, rpmfusion-nonfree-nvidia-driver
2026-07-18T12:55:31+0530 DDEBUG timer: sack setup: 29974 ms
2026-07-18T12:55:31+0530 DEBUG User-Agent: constructed: 'libdnf (Fedora Linux 39; workstation; Linux.x86_64)'
2026-07-18T12:55:31+0530 INFO Metadata cache created.
2026-07-18T12:55:31+0530 DDEBUG Cleaning up.
2026-07-18T12:55:31+0530 DDEBUG Plugins were unloaded.
2026-07-18T14:51:29+0530 INFO --- logging initialized ---
2026-07-18T14:51:29+0530 DDEBUG timer: config: 112 ms
2026-07-18T14:51:29+0530 DEBUG Loaded plugins: builddep, changelog, config-manager, copr, debug, debuginfo-install, download, generate_completion_cache, groups-manager, needs-restarting, notify-packagekit, playground, repoclosure, repodiff, repograph, repomanage, reposync, system-upgrade
2026-07-18T14:51:29+0530 DEBUG DNF version: 4.21.1
2026-07-18T14:51:29+0530 DDEBUG Command: dnf makecache --timer 
2026-07-18T14:51:29+0530 DDEBUG Installroot: /
2026-07-18T14:51:29+0530 DDEBUG Releasever: 39
2026-07-18T14:51:29+0530 DEBUG cachedir: /var/cache/dnf
2026-07-18T14:51:29+0530 DDEBUG Base command: makecache
2026-07-18T14:51:29+0530 DDEBUG Extra commands: ['makecache', '--timer']
2026-07-18T14:51:29+0530 DEBUG Making cache files for all metadata files.
2026-07-18T14:51:29+0530 INFO Metadata cache refreshed recently.
2026-07-18T14:51:29+0530 DDEBUG Cleaning up.
2026-07-18T14:51:29+0530 DDEBUG Plugins were unloaded.
2026-07-23T14:27:53+0530 INFO --- logging initialized ---
2026-07-23T14:27:53+0530 DDEBUG timer: config: 90 ms
2026-07-23T14:27:53+0530 DEBUG Loaded plugins: builddep, changelog, config-manager, copr, debug, debuginfo-install, download, generate_completion_cache, groups-manager, needs-restarting, notify-packagekit, playground, repoclosure, repodiff, repograph, repomanage, reposync, system-upgrade
2026-07-23T14:27:53+0530 DEBUG DNF version: 4.21.1
2026-07-23T14:27:53+0530 DDEBUG Command: dnf makecache --timer 
2026-07-23T14:27:53+0530 DDEBUG Installroot: /
2026-07-23T14:27:53+0530 DDEBUG Releasever: 39
2026-07-23T14:27:53+0530 DEBUG cachedir: /var/cache/dnf
2026-07-23T14:27:53+0530 DDEBUG Base command: makecache
2026-07-23T14:27:53+0530 DDEBUG Extra commands: ['makecache', '--timer']
2026-07-23T14:27:53+0530 DEBUG Making cache files for all metadata files.
2026-07-23T14:27:53+0530 DEBUG bitrix24: has expired and will be refreshed.
2026-07-23T14:27:53+0530 DEBUG brave-browser: has expired and will be refreshed.
2026-07-23T14:27:53+0530 DEBUG docker-ce-stable: has expired and will be refreshed.
2026-07-23T14:27:56+0530 DEBUG fedora: has expired and will be refreshed.
2026-07-23T14:27:56+0530 DEBUG fedora-cisco-openh264: has expired and will be refreshed.
2026-07-23T14:27:56+0530 DEBUG updates: has expired and will be refreshed.
2026-07-23T14:27:56+0530 DEBUG google-chrome: has expired and will be refreshed.
2026-07-23T14:27:56+0530 DEBUG hashicorp: has expired and will be refreshed.
2026-07-23T14:27:56+0530 DEBUG jenkins: has expired and will be refreshed.
2026-07-23T14:27:56+0530 DEBUG packages-microsoft-com-prod: has expired and will be refreshed.
2026-07-23T14:27:56+0530 DEBUG rpmfusion-free: has expired and will be refreshed.
2026-07-23T14:27:56+0530 DEBUG rpmfusion-free-updates: has expired and will be refreshed.
2026-07-23T14:27:56+0530 DEBUG rpmfusion-nonfree: has expired and will be refreshed.
2026-07-23T14:27:56+0530 DEBUG rpmfusion-nonfree-nvidia-driver: has expired and will be refreshed.
2026-07-23T14:27:56+0530 DEBUG rpmfusion-nonfree-steam: has expired and will be refreshed.
2026-07-23T14:27:56+0530 DEBUG rpmfusion-nonfree-updates: has expired and will be refreshed.
2026-07-23T14:27:56+0530 DEBUG teams-for-linux: has expired and will be refreshed.
2026-07-23T14:27:57+0530 DEBUG reviving: 'bitrix24' can be revived - repomd matches.
2026-07-23T14:27:57+0530 DEBUG bitrix24: using metadata from Mon 20 Apr 2026 09:02:48 PM IST.
2026-07-23T14:27:57+0530 DEBUG reviving: failed for 'brave-browser', mismatched repomd.
2026-07-23T14:27:57+0530 DEBUG repo: downloading from remote: brave-browser
2026-07-23T14:27:57+0530 DEBUG brave-browser: using metadata from Wed 22 Jul 2026 10:03:26 PM IST.
2026-07-23T14:27:57+0530 DEBUG reviving: 'docker-ce-stable' can be revived - repomd matches.
2026-07-23T14:27:57+0530 DEBUG docker-ce-stable: using metadata from Wed 13 Nov 2024 06:00:28 PM IST.
2026-07-23T14:27:57+0530 DEBUG countme: no event for fedora: budget to spend: 1
2026-07-23T14:27:57+0530 DEBUG reviving: 'fedora' can be revived - metalink checksums match.
2026-07-23T14:28:00+0530 DEBUG fedora: using metadata from Wed 01 Nov 2023 05:42:39 AM IST.
2026-07-23T14:28:00+0530 DEBUG reviving: 'fedora-cisco-openh264' can be revived - metalink checksums match.
2026-07-23T14:28:00+0530 DEBUG fedora-cisco-openh264: using metadata from Tue 12 Mar 2024 05:43:24 PM IST.
2026-07-23T14:28:00+0530 DEBUG countme: event triggered for updates: bucket 4
2026-07-23T14:28:00+0530 DEBUG reviving: 'updates' can be revived - metalink checksums match.
2026-07-23T14:28:02+0530 DEBUG updates: using metadata from Tue 26 Nov 2024 10:05:09 PM IST.
2026-07-23T14:28:02+0530 DEBUG reviving: failed for 'google-chrome', mismatched repomd.
2026-07-23T14:28:02+0530 DEBUG repo: downloading from remote: google-chrome
2026-07-23T14:28:03+0530 DEBUG google-chrome: using metadata from Thu 23 Jul 2026 02:39:16 AM IST.
2026-07-23T14:28:03+0530 DEBUG repo: downloading from remote: hashicorp
2026-07-23T14:28:04+0530 DEBUG error: Status code: 404 for https://rpm.releases.hashicorp.com/fedora/39/x86_64/stable/repodata/repomd.xml (IP: 2600:9000:21b4:6600:18:566b:ecc0:93a1) (https://rpm.releases.hashicorp.com/fedora/39/x86_64/stable/repodata/repomd.xml).
2026-07-23T14:28:04+0530 WARNING Errors during downloading metadata for repository 'hashicorp':
  - Status code: 404 for https://rpm.releases.hashicorp.com/fedora/39/x86_64/stable/repodata/repomd.xml (IP: 2600:9000:21b4:6600:18:566b:ecc0:93a1)
2026-07-23T14:28:04+0530 WARNING Error: Failed to download metadata for repo 'hashicorp': Cannot download repomd.xml: Status code: 404 for https://rpm.releases.hashicorp.com/fedora/39/x86_64/stable/repodata/repomd.xml (IP: 2600:9000:21b4:6600:18:566b:ecc0:93a1)
2026-07-23T14:28:06+0530 DEBUG reviving: 'jenkins' can be revived - repomd matches.
2026-07-23T14:28:06+0530 DEBUG jenkins: using metadata from Thu 09 Jul 2026 09:13:24 PM IST.
2026-07-23T14:28:07+0530 DEBUG reviving: failed for 'packages-microsoft-com-prod', mismatched repomd.
2026-07-23T14:28:07+0530 DEBUG repo: downloading from remote: packages-microsoft-com-prod
2026-07-23T14:28:12+0530 DEBUG packages-microsoft-com-prod: using metadata from Wed 22 Jul 2026 10:20:59 AM IST.
2026-07-23T14:28:13+0530 DEBUG reviving: 'rpmfusion-free' can be revived - metalink checksums match.
2026-07-23T14:28:13+0530 DEBUG rpmfusion-free: using metadata from Sat 04 Nov 2023 10:19:08 PM IST.
2026-07-23T14:28:13+0530 DEBUG reviving: 'rpmfusion-free-updates' can be revived - metalink checksums match.
2026-07-23T14:28:14+0530 DEBUG rpmfusion-free-updates: using metadata from Sat 23 Nov 2024 06:15:37 PM IST.
2026-07-23T14:28:14+0530 DEBUG reviving: 'rpmfusion-nonfree' can be revived - metalink checksums match.
2026-07-23T14:28:14+0530 DEBUG rpmfusion-nonfree: using metadata from Sat 04 Nov 2023 10:56:32 PM IST.
2026-07-23T14:28:16+0530 DEBUG error: Status code: 404 for https://mirrors.rpmfusion.org/metalink?repo=nonfree-fedora-nvidia-driver-39&arch=x86_64 (IP: 78.47.223.143) (https://mirrors.rpmfusion.org/metalink?repo=nonfree-fedora-nvidia-driver-39&arch=x86_64).
2026-07-23T14:28:16+0530 DEBUG error: Status code: 404 for https://mirrors.rpmfusion.org/metalink?repo=nonfree-fedora-nvidia-driver-39&arch=x86_64 (IP: 78.47.223.143) (https://mirrors.rpmfusion.org/metalink?repo=nonfree-fedora-nvidia-driver-39&arch=x86_64).
2026-07-23T14:28:16+0530 DEBUG error: Status code: 404 for https://mirrors.rpmfusion.org/metalink?repo=nonfree-fedora-nvidia-driver-39&arch=x86_64 (IP: 78.47.223.143) (https://mirrors.rpmfusion.org/metalink?repo=nonfree-fedora-nvidia-driver-39&arch=x86_64).
2026-07-23T14:28:16+0530 DEBUG error: Status code: 404 for https://mirrors.rpmfusion.org/metalink?repo=nonfree-fedora-nvidia-driver-39&arch=x86_64 (IP: 78.47.223.143) (https://mirrors.rpmfusion.org/metalink?repo=nonfree-fedora-nvidia-driver-39&arch=x86_64).
2026-07-23T14:28:18+0530 DEBUG error: Status code: 404 for https://mirrors.rpmfusion.org/metalink?repo=nonfree-fedora-nvidia-driver-39&arch=x86_64 (IP: 2607:5300:201:3100::9322) (https://mirrors.rpmfusion.org/metalink?repo=nonfree-fedora-nvidia-driver-39&arch=x86_64).
2026-07-23T14:28:20+0530 DEBUG error: Status code: 404 for https://mirrors.rpmfusion.org/metalink?repo=nonfree-fedora-nvidia-driver-39&arch=x86_64 (IP: 2607:5300:201:3100::9322) (https://mirrors.rpmfusion.org/metalink?repo=nonfree-fedora-nvidia-driver-39&arch=x86_64).
2026-07-23T14:28:21+0530 DEBUG error: Status code: 404 for https://mirrors.rpmfusion.org/metalink?repo=nonfree-fedora-nvidia-driver-39&arch=x86_64 (IP: 2607:5300:201:3100::9322) (https://mirrors.rpmfusion.org/metalink?repo=nonfree-fedora-nvidia-driver-39&arch=x86_64).
2026-07-23T14:28:22+0530 DEBUG error: Status code: 404 for https://mirrors.rpmfusion.org/metalink?repo=nonfree-fedora-nvidia-driver-39&arch=x86_64 (IP: 2607:5300:201:3100::9322) (https://mirrors.rpmfusion.org/metalink?repo=nonfree-fedora-nvidia-driver-39&arch=x86_64).
2026-07-23T14:28:24+0530 DEBUG error: Status code: 404 for https://mirrors.rpmfusion.org/metalink?repo=nonfree-fedora-nvidia-driver-39&arch=x86_64 (IP: 2607:5300:201:3100::9322) (https://mirrors.rpmfusion.org/metalink?repo=nonfree-fedora-nvidia-driver-39&arch=x86_64).
2026-07-23T14:28:24+0530 DEBUG error: Status code: 404 for https://mirrors.rpmfusion.org/metalink?repo=nonfree-fedora-nvidia-driver-39&arch=x86_64 (IP: 2607:5300:201:3100::9322) (https://mirrors.rpmfusion.org/metalink?repo=nonfree-fedora-nvidia-driver-39&arch=x86_64).
2026-07-23T14:28:25+0530 DEBUG error: Status code: 404 for https://mirrors.rpmfusion.org/metalink?repo=nonfree-fedora-nvidia-driver-39&arch=x86_64 (IP: 2607:5300:201:3100::9322) (https://mirrors.rpmfusion.org/metalink?repo=nonfree-fedora-nvidia-driver-39&arch=x86_64).
2026-07-23T14:28:25+0530 DEBUG error: Status code: 404 for https://mirrors.rpmfusion.org/metalink?repo=nonfree-fedora-nvidia-driver-39&arch=x86_64 (IP: 2607:5300:201:3100::9322) (https://mirrors.rpmfusion.org/metalink?repo=nonfree-fedora-nvidia-driver-39&arch=x86_64).
2026-07-23T14:28:25+0530 WARNING Errors during downloading metadata for repository 'rpmfusion-nonfree-nvidia-driver':
  - Status code: 404 for https://mirrors.rpmfusion.org/metalink?repo=nonfree-fedora-nvidia-driver-39&arch=x86_64 (IP: 2607:5300:201:3100::9322)
  - Status code: 404 for https://mirrors.rpmfusion.org/metalink?repo=nonfree-fedora-nvidia-driver-39&arch=x86_64 (IP: 78.47.223.143)
2026-07-23T14:28:25+0530 WARNING Error: Failed to download metadata for repo 'rpmfusion-nonfree-nvidia-driver': Cannot prepare internal mirrorlist: Status code: 404 for https://mirrors.rpmfusion.org/metalink?repo=nonfree-fedora-nvidia-driver-39&arch=x86_64 (IP: 2607:5300:201:3100::9322)
2026-07-23T14:28:26+0530 DEBUG reviving: 'rpmfusion-nonfree-steam' can be revived - metalink checksums match.
2026-07-23T14:28:26+0530 DEBUG rpmfusion-nonfree-steam: using metadata from Sat 23 Nov 2024 06:58:50 PM IST.
2026-07-23T14:28:27+0530 DEBUG reviving: 'rpmfusion-nonfree-updates' can be revived - metalink checksums match.
2026-07-23T14:28:27+0530 DEBUG rpmfusion-nonfree-updates: using metadata from Sat 23 Nov 2024 06:41:49 PM IST.
2026-07-23T14:28:28+0530 DEBUG reviving: failed for 'teams-for-linux', mismatched repomd.
2026-07-23T14:28:28+0530 DEBUG repo: downloading from remote: teams-for-linux
2026-07-23T14:28:29+0530 DEBUG teams-for-linux: using metadata from Tue 21 Jul 2026 04:43:12 PM IST.
2026-07-23T14:28:29+0530 WARNING Ignoring repositories: hashicorp, rpmfusion-nonfree-nvidia-driver
2026-07-23T14:28:29+0530 DDEBUG timer: sack setup: 32904 ms
2026-07-23T14:28:29+0530 DEBUG User-Agent: constructed: 'libdnf (Fedora Linux 39; workstation; Linux.x86_64)'
2026-07-23T14:28:29+0530 DEBUG Completion plugin: Generating completion cache...
2026-07-23T14:28:32+0530 INFO Metadata cache created.
2026-07-23T14:28:32+0530 DDEBUG Cleaning up.
2026-07-23T14:28:32+0530 DDEBUG Plugins were unloaded.
2026-07-23T20:18:01+0530 INFO --- logging initialized ---
2026-07-23T20:18:01+0530 DDEBUG timer: config: 181 ms
2026-07-23T20:18:01+0530 DEBUG Loaded plugins: builddep, changelog, config-manager, copr, debug, debuginfo-install, download, generate_completion_cache, groups-manager, needs-restarting, notify-packagekit, playground, repoclosure, repodiff, repograph, repomanage, reposync, system-upgrade
2026-07-23T20:18:01+0530 DEBUG DNF version: 4.21.1
2026-07-23T20:18:01+0530 DDEBUG Command: dnf makecache --timer 
2026-07-23T20:18:01+0530 DDEBUG Installroot: /
2026-07-23T20:18:01+0530 DDEBUG Releasever: 39
2026-07-23T20:18:01+0530 DEBUG cachedir: /var/cache/dnf
2026-07-23T20:18:01+0530 DDEBUG Base command: makecache
2026-07-23T20:18:01+0530 DDEBUG Extra commands: ['makecache', '--timer']
2026-07-23T20:18:01+0530 DEBUG Making cache files for all metadata files.
2026-07-23T20:18:01+0530 INFO Metadata timer caching disabled when running on a battery.
2026-07-23T20:18:01+0530 DDEBUG Cleaning up.
2026-07-23T20:18:01+0530 DDEBUG Plugins were unloaded.
2026-07-24T14:19:28+0530 INFO --- logging initialized ---
2026-07-24T14:19:28+0530 DDEBUG timer: config: 25 ms
2026-07-24T14:19:28+0530 DEBUG Loaded plugins: builddep, changelog, config-manager, copr, debug, debuginfo-install, download, generate_completion_cache, groups-manager, needs-restarting, notify-packagekit, playground, repoclosure, repodiff, repograph, repomanage, reposync, system-upgrade
2026-07-24T14:19:28+0530 DEBUG DNF version: 4.21.1
2026-07-24T14:19:28+0530 DDEBUG Command: dnf makecache --timer 
2026-07-24T14:19:28+0530 DDEBUG Installroot: /
2026-07-24T14:19:28+0530 DDEBUG Releasever: 39
2026-07-24T14:19:28+0530 DEBUG cachedir: /var/cache/dnf
2026-07-24T14:19:28+0530 DDEBUG Base command: makecache
2026-07-24T14:19:28+0530 DDEBUG Extra commands: ['makecache', '--timer']
2026-07-24T14:19:28+0530 DEBUG Making cache files for all metadata files.
2026-07-24T14:19:28+0530 DEBUG bitrix24: has expired and will be refreshed.
2026-07-24T14:19:28+0530 DEBUG brave-browser: has expired and will be refreshed.
2026-07-24T14:19:28+0530 DEBUG docker-ce-stable: has expired and will be refreshed.
2026-07-24T14:19:29+0530 DEBUG fedora: has expired and will be refreshed.
2026-07-24T14:19:29+0530 DEBUG fedora-cisco-openh264: has expired and will be refreshed.
2026-07-24T14:19:30+0530 DEBUG updates: has expired and will be refreshed.
2026-07-24T14:19:30+0530 DEBUG google-chrome: has expired and will be refreshed.
2026-07-24T14:19:30+0530 DEBUG hashicorp: has expired and will be refreshed.
2026-07-24T14:19:30+0530 DEBUG jenkins: has expired and will be refreshed.
2026-07-24T14:19:30+0530 DEBUG packages-microsoft-com-prod: has expired and will be refreshed.
2026-07-24T14:19:30+0530 DEBUG rpmfusion-free: has expired and will be refreshed.
2026-07-24T14:19:30+0530 DEBUG rpmfusion-free-updates: has expired and will be refreshed.
2026-07-24T14:19:30+0530 DEBUG rpmfusion-nonfree: has expired and will be refreshed.
2026-07-24T14:19:30+0530 DEBUG rpmfusion-nonfree-nvidia-driver: has expired and will be refreshed.
2026-07-24T14:19:30+0530 DEBUG rpmfusion-nonfree-steam: has expired and will be refreshed.
2026-07-24T14:19:30+0530 DEBUG rpmfusion-nonfree-updates: has expired and will be refreshed.
2026-07-24T14:19:30+0530 DEBUG teams-for-linux: has expired and will be refreshed.
2026-07-24T14:19:30+0530 DEBUG reviving: 'bitrix24' can be revived - repomd matches.
2026-07-24T14:19:30+0530 DEBUG bitrix24: using metadata from Mon 20 Apr 2026 09:02:48 PM IST.
2026-07-24T14:19:30+0530 DEBUG reviving: 'brave-browser' can be revived - repomd matches.
2026-07-24T14:19:30+0530 DEBUG brave-browser: using metadata from Wed 22 Jul 2026 10:03:26 PM IST.
2026-07-24T14:19:35+0530 DEBUG reviving: 'docker-ce-stable' can be revived - repomd matches.
2026-07-24T14:19:35+0530 DEBUG docker-ce-stable: using metadata from Wed 13 Nov 2024 06:00:28 PM IST.
2026-07-24T14:19:35+0530 DEBUG countme: no event for fedora: window already counted
2026-07-24T14:19:35+0530 DEBUG reviving: 'fedora' can be revived - metalink checksums match.
2026-07-24T14:19:36+0530 DEBUG fedora: using metadata from Wed 01 Nov 2023 05:42:39 AM IST.
2026-07-24T14:19:37+0530 DEBUG reviving: 'fedora-cisco-openh264' can be revived - metalink checksums match.
2026-07-24T14:19:37+0530 DEBUG fedora-cisco-openh264: using metadata from Tue 12 Mar 2024 05:43:24 PM IST.
2026-07-24T14:19:37+0530 DEBUG countme: no event for updates: window already counted
2026-07-24T14:19:37+0530 DEBUG reviving: 'updates' can be revived - metalink checksums match.
2026-07-24T14:19:38+0530 DEBUG updates: using metadata from Tue 26 Nov 2024 10:05:09 PM IST.
2026-07-24T14:19:38+0530 DEBUG reviving: failed for 'google-chrome', mismatched repomd.
2026-07-24T14:19:38+0530 DEBUG repo: downloading from remote: google-chrome
2026-07-24T14:19:39+0530 DEBUG google-chrome: using metadata from Fri 24 Jul 2026 08:25:32 AM IST.
2026-07-24T14:19:39+0530 DEBUG repo: downloading from remote: hashicorp
2026-07-24T14:19:39+0530 DEBUG error: Status code: 404 for https://rpm.releases.hashicorp.com/fedora/39/x86_64/stable/repodata/repomd.xml (IP: 2600:9000:21b4:9e00:18:566b:ecc0:93a1) (https://rpm.releases.hashicorp.com/fedora/39/x86_64/stable/repodata/repomd.xml).
2026-07-24T14:19:39+0530 WARNING Errors during downloading metadata for repository 'hashicorp':
  - Status code: 404 for https://rpm.releases.hashicorp.com/fedora/39/x86_64/stable/repodata/repomd.xml (IP: 2600:9000:21b4:9e00:18:566b:ecc0:93a1)
2026-07-24T14:19:39+0530 WARNING Error: Failed to download metadata for repo 'hashicorp': Cannot download repomd.xml: Status code: 404 for https://rpm.releases.hashicorp.com/fedora/39/x86_64/stable/repodata/repomd.xml (IP: 2600:9000:21b4:9e00:18:566b:ecc0:93a1)
2026-07-24T14:19:40+0530 DEBUG reviving: 'jenkins' can be revived - repomd matches.
2026-07-24T14:19:40+0530 DEBUG jenkins: using metadata from Thu 09 Jul 2026 09:13:24 PM IST.
2026-07-24T14:19:40+0530 DEBUG reviving: 'packages-microsoft-com-prod' can be revived - repomd matches.
2026-07-24T14:19:40+0530 DEBUG packages-microsoft-com-prod: using metadata from Wed 22 Jul 2026 10:20:59 AM IST.
2026-07-24T14:19:41+0530 DEBUG reviving: 'rpmfusion-free' can be revived - metalink checksums match.
2026-07-24T14:19:41+0530 DEBUG rpmfusion-free: using metadata from Sat 04 Nov 2023 10:19:08 PM IST.
2026-07-24T14:19:41+0530 DEBUG reviving: 'rpmfusion-free-updates' can be revived - metalink checksums match.
2026-07-24T14:19:41+0530 DEBUG rpmfusion-free-updates: using metadata from Sat 23 Nov 2024 06:15:37 PM IST.
2026-07-24T14:19:42+0530 DEBUG reviving: 'rpmfusion-nonfree' can be revived - metalink checksums match.
2026-07-24T14:19:42+0530 DEBUG rpmfusion-nonfree: using metadata from Sat 04 Nov 2023 10:56:32 PM IST.
2026-07-24T14:19:43+0530 DEBUG error: Status code: 404 for https://mirrors.rpmfusion.org/metalink?repo=nonfree-fedora-nvidia-driver-39&arch=x86_64 (IP: 2607:5300:201:3100::9322) (https://mirrors.rpmfusion.org/metalink?repo=nonfree-fedora-nvidia-driver-39&arch=x86_64).
2026-07-24T14:19:44+0530 DEBUG error: Status code: 404 for https://mirrors.rpmfusion.org/metalink?repo=nonfree-fedora-nvidia-driver-39&arch=x86_64 (IP: 2607:5300:201:3100::9322) (https://mirrors.rpmfusion.org/metalink?repo=nonfree-fedora-nvidia-driver-39&arch=x86_64).
2026-07-24T14:19:44+0530 DEBUG error: Status code: 404 for https://mirrors.rpmfusion.org/metalink?repo=nonfree-fedora-nvidia-driver-39&arch=x86_64 (IP: 2607:5300:201:3100::9322) (https://mirrors.rpmfusion.org/metalink?repo=nonfree-fedora-nvidia-driver-39&arch=x86_64).
2026-07-24T14:19:44+0530 DEBUG error: Status code: 404 for https://mirrors.rpmfusion.org/metalink?repo=nonfree-fedora-nvidia-driver-39&arch=x86_64 (IP: 2607:5300:201:3100::9322) (https://mirrors.rpmfusion.org/metalink?repo=nonfree-fedora-nvidia-driver-39&arch=x86_64).
2026-07-24T14:19:45+0530 DEBUG error: Status code: 404 for https://mirrors.rpmfusion.org/metalink?repo=nonfree-fedora-nvidia-driver-39&arch=x86_64 (IP: 2607:5300:201:3100::9322) (https://mirrors.rpmfusion.org/metalink?repo=nonfree-fedora-nvidia-driver-39&arch=x86_64).
2026-07-24T14:19:46+0530 DEBUG error: Status code: 404 for https://mirrors.rpmfusion.org/metalink?repo=nonfree-fedora-nvidia-driver-39&arch=x86_64 (IP: 2607:5300:201:3100::9322) (https://mirrors.rpmfusion.org/metalink?repo=nonfree-fedora-nvidia-driver-39&arch=x86_64).
2026-07-24T14:19:46+0530 DEBUG error: Status code: 404 for https://mirrors.rpmfusion.org/metalink?repo=nonfree-fedora-nvidia-driver-39&arch=x86_64 (IP: 2607:5300:201:3100::9322) (https://mirrors.rpmfusion.org/metalink?repo=nonfree-fedora-nvidia-driver-39&arch=x86_64).
2026-07-24T14:19:49+0530 DEBUG error: Status code: 404 for https://mirrors.rpmfusion.org/metalink?repo=nonfree-fedora-nvidia-driver-39&arch=x86_64 (IP: 2607:5300:201:3100::9322) (https://mirrors.rpmfusion.org/metalink?repo=nonfree-fedora-nvidia-driver-39&arch=x86_64).
2026-07-24T14:19:51+0530 DEBUG error: Status code: 404 for https://mirrors.rpmfusion.org/metalink?repo=nonfree-fedora-nvidia-driver-39&arch=x86_64 (IP: 2607:5300:201:3100::9322) (https://mirrors.rpmfusion.org/metalink?repo=nonfree-fedora-nvidia-driver-39&arch=x86_64).
2026-07-24T14:19:51+0530 DEBUG error: Status code: 404 for https://mirrors.rpmfusion.org/metalink?repo=nonfree-fedora-nvidia-driver-39&arch=x86_64 (IP: 2607:5300:201:3100::9322) (https://mirrors.rpmfusion.org/metalink?repo=nonfree-fedora-nvidia-driver-39&arch=x86_64).
2026-07-24T14:19:52+0530 DEBUG error: Status code: 404 for https://mirrors.rpmfusion.org/metalink?repo=nonfree-fedora-nvidia-driver-39&arch=x86_64 (IP: 2607:5300:201:3100::9322) (https://mirrors.rpmfusion.org/metalink?repo=nonfree-fedora-nvidia-driver-39&arch=x86_64).
2026-07-24T14:19:52+0530 DEBUG error: Status code: 404 for https://mirrors.rpmfusion.org/metalink?repo=nonfree-fedora-nvidia-driver-39&arch=x86_64 (IP: 2607:5300:201:3100::9322) (https://mirrors.rpmfusion.org/metalink?repo=nonfree-fedora-nvidia-driver-39&arch=x86_64).
2026-07-24T14:19:52+0530 WARNING Errors during downloading metadata for repository 'rpmfusion-nonfree-nvidia-driver':
  - Status code: 404 for https://mirrors.rpmfusion.org/metalink?repo=nonfree-fedora-nvidia-driver-39&arch=x86_64 (IP: 2607:5300:201:3100::9322)
2026-07-24T14:19:52+0530 WARNING Error: Failed to download metadata for repo 'rpmfusion-nonfree-nvidia-driver': Cannot prepare internal mirrorlist: Status code: 404 for https://mirrors.rpmfusion.org/metalink?repo=nonfree-fedora-nvidia-driver-39&arch=x86_64 (IP: 2607:5300:201:3100::9322)
2026-07-24T14:19:53+0530 DEBUG reviving: 'rpmfusion-nonfree-steam' can be revived - metalink checksums match.
2026-07-24T14:19:53+0530 DEBUG rpmfusion-nonfree-steam: using metadata from Sat 23 Nov 2024 06:58:50 PM IST.
2026-07-24T14:19:53+0530 DEBUG reviving: 'rpmfusion-nonfree-updates' can be revived - metalink checksums match.
2026-07-24T14:19:54+0530 DEBUG rpmfusion-nonfree-updates: using metadata from Sat 23 Nov 2024 06:41:49 PM IST.
2026-07-24T14:19:55+0530 DEBUG reviving: 'teams-for-linux' can be revived - repomd matches.
2026-07-24T14:19:55+0530 DEBUG teams-for-linux: using metadata from Tue 21 Jul 2026 04:43:12 PM IST.
2026-07-24T14:19:55+0530 WARNING Ignoring repositories: hashicorp, rpmfusion-nonfree-nvidia-driver
2026-07-24T14:19:55+0530 DDEBUG timer: sack setup: 25213 ms
2026-07-24T14:19:55+0530 DEBUG User-Agent: constructed: 'libdnf (Fedora Linux 39; workstation; Linux.x86_64)'
2026-07-24T14:19:55+0530 DEBUG Completion plugin: Generating completion cache...
2026-07-24T14:19:56+0530 INFO Metadata cache created.
2026-07-24T14:19:56+0530 DDEBUG Cleaning up.
2026-07-24T14:19:56+0530 DDEBUG Plugins were unloaded.
2026-07-24T15:47:29+0530 INFO --- logging initialized ---
2026-07-24T15:47:29+0530 DDEBUG timer: config: 95 ms
2026-07-24T15:47:29+0530 DEBUG Loaded plugins: builddep, changelog, config-manager, copr, debug, debuginfo-install, download, generate_completion_cache, groups-manager, needs-restarting, notify-packagekit, playground, repoclosure, repodiff, repograph, repomanage, reposync, system-upgrade
2026-07-24T15:47:29+0530 DEBUG DNF version: 4.21.1
2026-07-24T15:47:29+0530 DDEBUG Command: dnf makecache --timer 
2026-07-24T15:47:29+0530 DDEBUG Installroot: /
2026-07-24T15:47:29+0530 DDEBUG Releasever: 39
2026-07-24T15:47:29+0530 DEBUG cachedir: /var/cache/dnf
2026-07-24T15:47:29+0530 DDEBUG Base command: makecache
2026-07-24T15:47:29+0530 DDEBUG Extra commands: ['makecache', '--timer']
2026-07-24T15:47:29+0530 DEBUG Making cache files for all metadata files.
2026-07-24T15:47:29+0530 INFO Metadata cache refreshed recently.
2026-07-24T15:47:29+0530 DDEBUG Cleaning up.
2026-07-24T15:47:29+0530 DDEBUG Plugins were unloaded.
2026-07-27T11:01:01+0530 INFO --- logging initialized ---
2026-07-27T11:01:01+0530 DDEBUG timer: config: 63 ms
2026-07-27T11:01:01+0530 DEBUG Loaded plugins: builddep, changelog, config-manager, copr, debug, debuginfo-install, download, generate_completion_cache, groups-manager, needs-restarting, notify-packagekit, playground, repoclosure, repodiff, repograph, repomanage, reposync, system-upgrade
2026-07-27T11:01:01+0530 DEBUG DNF version: 4.21.1
2026-07-27T11:01:01+0530 DDEBUG Command: dnf makecache --timer 
2026-07-27T11:01:01+0530 DDEBUG Installroot: /
2026-07-27T11:01:01+0530 DDEBUG Releasever: 39
2026-07-27T11:01:01+0530 DEBUG cachedir: /var/cache/dnf
2026-07-27T11:01:01+0530 DDEBUG Base command: makecache
2026-07-27T11:01:01+0530 DDEBUG Extra commands: ['makecache', '--timer']
2026-07-27T11:01:01+0530 DEBUG Making cache files for all metadata files.
2026-07-27T11:01:01+0530 INFO Metadata timer caching disabled when running on metered connection.
2026-07-27T11:01:01+0530 DDEBUG Cleaning up.
2026-07-27T11:01:01+0530 DDEBUG Plugins were unloaded.
2026-07-27T12:26:17+0530 INFO --- logging initialized ---
2026-07-27T12:26:17+0530 DDEBUG timer: config: 53 ms
2026-07-27T12:26:18+0530 DEBUG Loaded plugins: builddep, changelog, config-manager, copr, debug, debuginfo-install, download, generate_completion_cache, groups-manager, needs-restarting, notify-packagekit, playground, repoclosure, repodiff, repograph, repomanage, reposync, system-upgrade
2026-07-27T12:26:18+0530 DEBUG DNF version: 4.21.1
2026-07-27T12:26:18+0530 DDEBUG Command: dnf makecache --timer 
2026-07-27T12:26:18+0530 DDEBUG Installroot: /
2026-07-27T12:26:18+0530 DDEBUG Releasever: 39
2026-07-27T12:26:18+0530 DEBUG cachedir: /var/cache/dnf
2026-07-27T12:26:18+0530 DDEBUG Base command: makecache
2026-07-27T12:26:18+0530 DDEBUG Extra commands: ['makecache', '--timer']
2026-07-27T12:26:18+0530 DEBUG Making cache files for all metadata files.
2026-07-27T12:26:18+0530 DEBUG bitrix24: has expired and will be refreshed.
2026-07-27T12:26:18+0530 DEBUG brave-browser: has expired and will be refreshed.
2026-07-27T12:26:18+0530 DEBUG docker-ce-stable: has expired and will be refreshed.
2026-07-27T12:26:19+0530 DEBUG fedora: has expired and will be refreshed.
2026-07-27T12:26:19+0530 DEBUG fedora-cisco-openh264: has expired and will be refreshed.
2026-07-27T12:26:19+0530 DEBUG updates: has expired and will be refreshed.
2026-07-27T12:26:19+0530 DEBUG google-chrome: has expired and will be refreshed.
2026-07-27T12:26:19+0530 DEBUG hashicorp: has expired and will be refreshed.
2026-07-27T12:26:19+0530 DEBUG jenkins: has expired and will be refreshed.
2026-07-27T12:26:19+0530 DEBUG packages-microsoft-com-prod: has expired and will be refreshed.
2026-07-27T12:26:19+0530 DEBUG rpmfusion-free: has expired and will be refreshed.
2026-07-27T12:26:19+0530 DEBUG rpmfusion-free-updates: has expired and will be refreshed.
2026-07-27T12:26:19+0530 DEBUG rpmfusion-nonfree: has expired and will be refreshed.
2026-07-27T12:26:19+0530 DEBUG rpmfusion-nonfree-nvidia-driver: has expired and will be refreshed.
2026-07-27T12:26:19+0530 DEBUG rpmfusion-nonfree-steam: has expired and will be refreshed.
2026-07-27T12:26:19+0530 DEBUG rpmfusion-nonfree-updates: has expired and will be refreshed.
2026-07-27T12:26:19+0530 DEBUG teams-for-linux: has expired and will be refreshed.
2026-07-27T12:26:19+0530 DEBUG reviving: 'bitrix24' can be revived - repomd matches.
2026-07-27T12:26:19+0530 DEBUG bitrix24: using metadata from Mon 20 Apr 2026 09:02:48 PM IST.
2026-07-27T12:26:19+0530 DEBUG reviving: failed for 'brave-browser', mismatched repomd.
2026-07-27T12:26:19+0530 DEBUG repo: downloading from remote: brave-browser
2026-07-27T12:26:20+0530 DEBUG brave-browser: using metadata from Fri 24 Jul 2026 09:34:22 PM IST.
2026-07-27T12:26:20+0530 DEBUG reviving: 'docker-ce-stable' can be revived - repomd matches.
2026-07-27T12:26:20+0530 DEBUG docker-ce-stable: using metadata from Wed 13 Nov 2024 06:00:28 PM IST.
2026-07-27T12:26:20+0530 DEBUG countme: no event for fedora: window already counted
2026-07-27T12:26:21+0530 DEBUG reviving: 'fedora' can be revived - metalink checksums match.
2026-07-27T12:26:23+0530 DEBUG fedora: using metadata from Wed 01 Nov 2023 05:42:39 AM IST.
2026-07-27T12:26:24+0530 DEBUG reviving: 'fedora-cisco-openh264' can be revived - metalink checksums match.
2026-07-27T12:26:24+0530 DEBUG fedora-cisco-openh264: using metadata from Tue 12 Mar 2024 05:43:24 PM IST.
2026-07-27T12:26:24+0530 DEBUG countme: event triggered for updates: bucket 4
2026-07-27T12:26:26+0530 DEBUG reviving: 'updates' can be revived - metalink checksums match.
2026-07-27T12:26:27+0530 DEBUG updates: using metadata from Tue 26 Nov 2024 10:05:09 PM IST.
2026-07-27T12:26:28+0530 DEBUG reviving: failed for 'google-chrome', mismatched repomd.
2026-07-27T12:26:28+0530 DEBUG repo: downloading from remote: google-chrome
2026-07-27T12:26:28+0530 DEBUG google-chrome: using metadata from Mon 27 Jul 2026 04:24:31 AM IST.
2026-07-27T12:26:28+0530 DEBUG repo: downloading from remote: hashicorp
2026-07-27T12:26:29+0530 DEBUG error: Status code: 404 for https://rpm.releases.hashicorp.com/fedora/39/x86_64/stable/repodata/repomd.xml (IP: 108.159.91.105) (https://rpm.releases.hashicorp.com/fedora/39/x86_64/stable/repodata/repomd.xml).
2026-07-27T12:26:29+0530 WARNING Errors during downloading metadata for repository 'hashicorp':
  - Status code: 404 for https://rpm.releases.hashicorp.com/fedora/39/x86_64/stable/repodata/repomd.xml (IP: 108.159.91.105)
2026-07-27T12:26:29+0530 WARNING Error: Failed to download metadata for repo 'hashicorp': Cannot download repomd.xml: Status code: 404 for https://rpm.releases.hashicorp.com/fedora/39/x86_64/stable/repodata/repomd.xml (IP: 108.159.91.105)
2026-07-27T12:26:30+0530 DEBUG reviving: 'jenkins' can be revived - repomd matches.
2026-07-27T12:26:30+0530 DEBUG jenkins: using metadata from Thu 09 Jul 2026 09:13:24 PM IST.
2026-07-27T12:26:33+0530 DEBUG reviving: 'packages-microsoft-com-prod' can be revived - repomd matches.
2026-07-27T12:26:34+0530 DEBUG packages-microsoft-com-prod: using metadata from Wed 22 Jul 2026 10:20:59 AM IST.
2026-07-27T12:26:35+0530 DEBUG reviving: 'rpmfusion-free' can be revived - metalink checksums match.
2026-07-27T12:26:35+0530 DEBUG rpmfusion-free: using metadata from Sat 04 Nov 2023 10:19:08 PM IST.
2026-07-27T12:26:36+0530 DEBUG reviving: 'rpmfusion-free-updates' can be revived - metalink checksums match.
2026-07-27T12:26:36+0530 DEBUG rpmfusion-free-updates: using metadata from Sat 23 Nov 2024 06:15:37 PM IST.
2026-07-27T12:26:36+0530 DEBUG reviving: 'rpmfusion-nonfree' can be revived - metalink checksums match.
2026-07-27T12:26:36+0530 DEBUG rpmfusion-nonfree: using metadata from Sat 04 Nov 2023 10:56:32 PM IST.
2026-07-27T12:26:38+0530 DEBUG error: Status code: 404 for https://mirrors.rpmfusion.org/metalink?repo=nonfree-fedora-nvidia-driver-39&arch=x86_64 (IP: 78.47.223.143) (https://mirrors.rpmfusion.org/metalink?repo=nonfree-fedora-nvidia-driver-39&arch=x86_64).
2026-07-27T12:26:39+0530 DEBUG error: Status code: 404 for https://mirrors.rpmfusion.org/metalink?repo=nonfree-fedora-nvidia-driver-39&arch=x86_64 (IP: 78.47.223.143) (https://mirrors.rpmfusion.org/metalink?repo=nonfree-fedora-nvidia-driver-39&arch=x86_64).
2026-07-27T12:26:40+0530 DEBUG error: Status code: 404 for https://mirrors.rpmfusion.org/metalink?repo=nonfree-fedora-nvidia-driver-39&arch=x86_64 (IP: 78.47.223.143) (https://mirrors.rpmfusion.org/metalink?repo=nonfree-fedora-nvidia-driver-39&arch=x86_64).
2026-07-27T12:26:41+0530 DEBUG error: Status code: 404 for https://mirrors.rpmfusion.org/metalink?repo=nonfree-fedora-nvidia-driver-39&arch=x86_64 (IP: 78.47.223.143) (https://mirrors.rpmfusion.org/metalink?repo=nonfree-fedora-nvidia-driver-39&arch=x86_64).
2026-07-27T12:26:42+0530 DEBUG error: Status code: 404 for https://mirrors.rpmfusion.org/metalink?repo=nonfree-fedora-nvidia-driver-39&arch=x86_64 (IP: 78.47.223.143) (https://mirrors.rpmfusion.org/metalink?repo=nonfree-fedora-nvidia-driver-39&arch=x86_64).
2026-07-27T12:26:44+0530 DEBUG error: Status code: 404 for https://mirrors.rpmfusion.org/metalink?repo=nonfree-fedora-nvidia-driver-39&arch=x86_64 (IP: 78.47.223.143) (https://mirrors.rpmfusion.org/metalink?repo=nonfree-fedora-nvidia-driver-39&arch=x86_64).
2026-07-27T12:26:46+0530 DEBUG error: Status code: 404 for https://mirrors.rpmfusion.org/metalink?repo=nonfree-fedora-nvidia-driver-39&arch=x86_64 (IP: 78.47.223.143) (https://mirrors.rpmfusion.org/metalink?repo=nonfree-fedora-nvidia-driver-39&arch=x86_64).
2026-07-27T12:26:47+0530 DEBUG error: Status code: 404 for https://mirrors.rpmfusion.org/metalink?repo=nonfree-fedora-nvidia-driver-39&arch=x86_64 (IP: 78.47.223.143) (https://mirrors.rpmfusion.org/metalink?repo=nonfree-fedora-nvidia-driver-39&arch=x86_64).
2026-07-27T12:26:48+0530 DEBUG error: Status code: 404 for https://mirrors.rpmfusion.org/metalink?repo=nonfree-fedora-nvidia-driver-39&arch=x86_64 (IP: 78.47.223.143) (https://mirrors.rpmfusion.org/metalink?repo=nonfree-fedora-nvidia-driver-39&arch=x86_64).
2026-07-27T12:26:49+0530 DEBUG error: Status code: 404 for https://mirrors.rpmfusion.org/metalink?repo=nonfree-fedora-nvidia-driver-39&arch=x86_64 (IP: 78.47.223.143) (https://mirrors.rpmfusion.org/metalink?repo=nonfree-fedora-nvidia-driver-39&arch=x86_64).
2026-07-27T12:26:50+0530 DEBUG error: Status code: 404 for https://mirrors.rpmfusion.org/metalink?repo=nonfree-fedora-nvidia-driver-39&arch=x86_64 (IP: 78.47.223.143) (https://mirrors.rpmfusion.org/metalink?repo=nonfree-fedora-nvidia-driver-39&arch=x86_64).
2026-07-27T12:26:50+0530 DEBUG error: Status code: 404 for https://mirrors.rpmfusion.org/metalink?repo=nonfree-fedora-nvidia-driver-39&arch=x86_64 (IP: 78.47.223.143) (https://mirrors.rpmfusion.org/metalink?repo=nonfree-fedora-nvidia-driver-39&arch=x86_64).
2026-07-27T12:26:50+0530 WARNING Errors during downloading metadata for repository 'rpmfusion-nonfree-nvidia-driver':
  - Status code: 404 for https://mirrors.rpmfusion.org/metalink?repo=nonfree-fedora-nvidia-driver-39&arch=x86_64 (IP: 78.47.223.143)
2026-07-27T12:26:50+0530 WARNING Error: Failed to download metadata for repo 'rpmfusion-nonfree-nvidia-driver': Cannot prepare internal mirrorlist: Status code: 404 for https://mirrors.rpmfusion.org/metalink?repo=nonfree-fedora-nvidia-driver-39&arch=x86_64 (IP: 78.47.223.143)
2026-07-27T12:26:51+0530 DEBUG reviving: 'rpmfusion-nonfree-steam' can be revived - metalink checksums match.
2026-07-27T12:26:51+0530 DEBUG rpmfusion-nonfree-steam: using metadata from Sat 23 Nov 2024 06:58:50 PM IST.
2026-07-27T12:26:52+0530 DEBUG reviving: 'rpmfusion-nonfree-updates' can be revived - metalink checksums match.
2026-07-27T12:26:52+0530 DEBUG rpmfusion-nonfree-updates: using metadata from Sat 23 Nov 2024 06:41:49 PM IST.
2026-07-27T12:26:53+0530 DEBUG reviving: 'teams-for-linux' can be revived - repomd matches.
2026-07-27T12:26:53+0530 DEBUG teams-for-linux: using metadata from Tue 21 Jul 2026 04:43:12 PM IST.
2026-07-27T12:26:53+0530 WARNING Ignoring repositories: hashicorp, rpmfusion-nonfree-nvidia-driver
2026-07-27T12:26:53+0530 DDEBUG timer: sack setup: 33369 ms
2026-07-27T12:26:53+0530 DEBUG User-Agent: constructed: 'libdnf (Fedora Linux 39; workstation; Linux.x86_64)'
2026-07-27T12:26:53+0530 DEBUG Completion plugin: Generating completion cache...
2026-07-27T12:26:54+0530 INFO Metadata cache created.
2026-07-27T12:26:54+0530 DDEBUG Cleaning up.
2026-07-27T12:26:54+0530 DDEBUG Plugins were unloaded.
2026-07-27T15:25:22+0530 INFO --- logging initialized ---
2026-07-27T15:25:22+0530 DDEBUG timer: config: 86 ms
2026-07-27T15:25:22+0530 DEBUG Loaded plugins: builddep, changelog, config-manager, copr, debug, debuginfo-install, download, generate_completion_cache, groups-manager, needs-restarting, notify-packagekit, playground, repoclosure, repodiff, repograph, repomanage, reposync, system-upgrade
2026-07-27T15:25:22+0530 DEBUG DNF version: 4.21.1
2026-07-27T15:25:22+0530 DDEBUG Command: dnf makecache --timer 
2026-07-27T15:25:22+0530 DDEBUG Installroot: /
2026-07-27T15:25:22+0530 DDEBUG Releasever: 39
2026-07-27T15:25:22+0530 DEBUG cachedir: /var/cache/dnf
2026-07-27T15:25:22+0530 DDEBUG Base command: makecache
2026-07-27T15:25:22+0530 DDEBUG Extra commands: ['makecache', '--timer']
2026-07-27T15:25:22+0530 DEBUG Making cache files for all metadata files.
2026-07-27T15:25:22+0530 INFO Metadata cache refreshed recently.
2026-07-27T15:25:22+0530 DDEBUG Cleaning up.
2026-07-27T15:25:22+0530 DDEBUG Plugins were unloaded.
2026-07-27T16:26:22+0530 INFO --- logging initialized ---
2026-07-27T16:26:22+0530 DDEBUG timer: config: 179 ms
2026-07-27T16:26:22+0530 DEBUG Loaded plugins: builddep, changelog, config-manager, copr, debug, debuginfo-install, download, generate_completion_cache, groups-manager, needs-restarting, notify-packagekit, playground, repoclosure, repodiff, repograph, repomanage, reposync, system-upgrade
2026-07-27T16:26:22+0530 DEBUG DNF version: 4.21.1
2026-07-27T16:26:22+0530 DDEBUG Command: dnf makecache --timer 
2026-07-27T16:26:22+0530 DDEBUG Installroot: /
2026-07-27T16:26:22+0530 DDEBUG Releasever: 39
2026-07-27T16:26:22+0530 DEBUG cachedir: /var/cache/dnf
2026-07-27T16:26:22+0530 DDEBUG Base command: makecache
2026-07-27T16:26:22+0530 DDEBUG Extra commands: ['makecache', '--timer']
2026-07-27T16:26:23+0530 DEBUG Making cache files for all metadata files.
2026-07-27T16:26:23+0530 DEBUG bitrix24: has expired and will be refreshed.
2026-07-27T16:26:23+0530 DEBUG brave-browser: has expired and will be refreshed.
2026-07-27T16:26:23+0530 DEBUG docker-ce-stable: has expired and will be refreshed.
2026-07-27T16:26:25+0530 DEBUG fedora: has expired and will be refreshed.
2026-07-27T16:26:25+0530 DEBUG fedora-cisco-openh264: has expired and will be refreshed.
2026-07-27T16:26:26+0530 DEBUG updates: has expired and will be refreshed.
2026-07-27T16:26:26+0530 DEBUG google-chrome: has expired and will be refreshed.
2026-07-27T16:26:26+0530 DEBUG hashicorp: has expired and will be refreshed.
2026-07-27T16:26:26+0530 DEBUG jenkins: has expired and will be refreshed.
2026-07-27T16:26:26+0530 DEBUG packages-microsoft-com-prod: has expired and will be refreshed.
2026-07-27T16:26:26+0530 DEBUG rpmfusion-free: has expired and will be refreshed.
2026-07-27T16:26:26+0530 DEBUG rpmfusion-free-updates: has expired and will be refreshed.
2026-07-27T16:26:26+0530 DEBUG rpmfusion-nonfree: has expired and will be refreshed.
2026-07-27T16:26:26+0530 DEBUG rpmfusion-nonfree-nvidia-driver: has expired and will be refreshed.
2026-07-27T16:26:26+0530 DEBUG rpmfusion-nonfree-steam: has expired and will be refreshed.
2026-07-27T16:26:26+0530 DEBUG rpmfusion-nonfree-updates: has expired and will be refreshed.
2026-07-27T16:26:26+0530 DEBUG teams-for-linux: has expired and will be refreshed.
2026-07-27T16:26:26+0530 DEBUG reviving: 'bitrix24' can be revived - repomd matches.
2026-07-27T16:26:26+0530 DEBUG bitrix24: using metadata from Mon 20 Apr 2026 09:02:48 PM IST.
2026-07-27T16:26:26+0530 DEBUG reviving: 'brave-browser' can be revived - repomd matches.
2026-07-27T16:26:26+0530 DEBUG brave-browser: using metadata from Fri 24 Jul 2026 09:34:22 PM IST.
2026-07-27T16:26:26+0530 DEBUG reviving: 'docker-ce-stable' can be revived - repomd matches.
2026-07-27T16:26:26+0530 DEBUG docker-ce-stable: using metadata from Wed 13 Nov 2024 06:00:28 PM IST.
2026-07-27T16:26:26+0530 DEBUG countme: no event for fedora: window already counted
2026-07-27T16:26:27+0530 DEBUG reviving: 'fedora' can be revived - metalink checksums match.
2026-07-27T16:26:30+0530 DEBUG fedora: using metadata from Wed 01 Nov 2023 05:42:39 AM IST.
2026-07-27T16:26:31+0530 DEBUG reviving: 'fedora-cisco-openh264' can be revived - metalink checksums match.
2026-07-27T16:26:31+0530 DEBUG fedora-cisco-openh264: using metadata from Tue 12 Mar 2024 05:43:24 PM IST.
2026-07-27T16:26:31+0530 DEBUG countme: no event for updates: window already counted
2026-07-27T16:26:31+0530 DEBUG reviving: 'updates' can be revived - metalink checksums match.
2026-07-27T16:26:34+0530 DEBUG updates: using metadata from Tue 26 Nov 2024 10:05:09 PM IST.
2026-07-27T16:26:34+0530 DEBUG reviving: 'google-chrome' can be revived - repomd matches.
2026-07-27T16:26:34+0530 DEBUG google-chrome: using metadata from Mon 27 Jul 2026 04:24:31 AM IST.
2026-07-27T16:26:34+0530 DEBUG repo: downloading from remote: hashicorp
2026-07-27T16:26:35+0530 DEBUG error: Status code: 404 for https://rpm.releases.hashicorp.com/fedora/39/x86_64/stable/repodata/repomd.xml (IP: 13.225.5.32) (https://rpm.releases.hashicorp.com/fedora/39/x86_64/stable/repodata/repomd.xml).
2026-07-27T16:26:35+0530 WARNING Errors during downloading metadata for repository 'hashicorp':
  - Status code: 404 for https://rpm.releases.hashicorp.com/fedora/39/x86_64/stable/repodata/repomd.xml (IP: 13.225.5.32)
2026-07-27T16:26:35+0530 WARNING Error: Failed to download metadata for repo 'hashicorp': Cannot download repomd.xml: Status code: 404 for https://rpm.releases.hashicorp.com/fedora/39/x86_64/stable/repodata/repomd.xml (IP: 13.225.5.32)
2026-07-27T16:26:35+0530 DEBUG reviving: 'jenkins' can be revived - repomd matches.
2026-07-27T16:26:35+0530 DEBUG jenkins: using metadata from Thu 09 Jul 2026 09:13:24 PM IST.
2026-07-27T16:26:35+0530 DEBUG reviving: 'packages-microsoft-com-prod' can be revived - repomd matches.
2026-07-27T16:26:35+0530 DEBUG packages-microsoft-com-prod: using metadata from Wed 22 Jul 2026 10:20:59 AM IST.
2026-07-27T16:26:36+0530 DEBUG reviving: 'rpmfusion-free' can be revived - metalink checksums match.
2026-07-27T16:26:36+0530 DEBUG rpmfusion-free: using metadata from Sat 04 Nov 2023 10:19:08 PM IST.
2026-07-27T16:26:36+0530 DEBUG reviving: 'rpmfusion-free-updates' can be revived - metalink checksums match.
2026-07-27T16:26:36+0530 DEBUG rpmfusion-free-updates: using metadata from Sat 23 Nov 2024 06:15:37 PM IST.
2026-07-27T16:26:37+0530 DEBUG reviving: 'rpmfusion-nonfree' can be revived - metalink checksums match.
2026-07-27T16:26:37+0530 DEBUG rpmfusion-nonfree: using metadata from Sat 04 Nov 2023 10:56:32 PM IST.
2026-07-27T16:26:38+0530 DEBUG error: Status code: 404 for https://mirrors.rpmfusion.org/metalink?repo=nonfree-fedora-nvidia-driver-39&arch=x86_64 (IP: 78.47.223.143) (https://mirrors.rpmfusion.org/metalink?repo=nonfree-fedora-nvidia-driver-39&arch=x86_64).
2026-07-27T16:26:38+0530 DEBUG error: Status code: 404 for https://mirrors.rpmfusion.org/metalink?repo=nonfree-fedora-nvidia-driver-39&arch=x86_64 (IP: 78.47.223.143) (https://mirrors.rpmfusion.org/metalink?repo=nonfree-fedora-nvidia-driver-39&arch=x86_64).
2026-07-27T16:26:38+0530 DEBUG error: Status code: 404 for https://mirrors.rpmfusion.org/metalink?repo=nonfree-fedora-nvidia-driver-39&arch=x86_64 (IP: 78.47.223.143) (https://mirrors.rpmfusion.org/metalink?repo=nonfree-fedora-nvidia-driver-39&arch=x86_64).
2026-07-27T16:26:38+0530 DEBUG error: Status code: 404 for https://mirrors.rpmfusion.org/metalink?repo=nonfree-fedora-nvidia-driver-39&arch=x86_64 (IP: 78.47.223.143) (https://mirrors.rpmfusion.org/metalink?repo=nonfree-fedora-nvidia-driver-39&arch=x86_64).
2026-07-27T16:26:40+0530 DEBUG error: Status code: 404 for https://mirrors.rpmfusion.org/metalink?repo=nonfree-fedora-nvidia-driver-39&arch=x86_64 (IP: 158.69.60.128) (https://mirrors.rpmfusion.org/metalink?repo=nonfree-fedora-nvidia-driver-39&arch=x86_64).
2026-07-27T16:26:40+0530 DEBUG error: Status code: 404 for https://mirrors.rpmfusion.org/metalink?repo=nonfree-fedora-nvidia-driver-39&arch=x86_64 (IP: 158.69.60.128) (https://mirrors.rpmfusion.org/metalink?repo=nonfree-fedora-nvidia-driver-39&arch=x86_64).
2026-07-27T16:26:40+0530 DEBUG error: Status code: 404 for https://mirrors.rpmfusion.org/metalink?repo=nonfree-fedora-nvidia-driver-39&arch=x86_64 (IP: 158.69.60.128) (https://mirrors.rpmfusion.org/metalink?repo=nonfree-fedora-nvidia-driver-39&arch=x86_64).
2026-07-27T16:26:40+0530 DEBUG error: Status code: 404 for https://mirrors.rpmfusion.org/metalink?repo=nonfree-fedora-nvidia-driver-39&arch=x86_64 (IP: 158.69.60.128) (https://mirrors.rpmfusion.org/metalink?repo=nonfree-fedora-nvidia-driver-39&arch=x86_64).
2026-07-27T16:26:41+0530 DEBUG error: Status code: 404 for https://mirrors.rpmfusion.org/metalink?repo=nonfree-fedora-nvidia-driver-39&arch=x86_64 (IP: 78.47.223.143) (https://mirrors.rpmfusion.org/metalink?repo=nonfree-fedora-nvidia-driver-39&arch=x86_64).
2026-07-27T16:26:42+0530 DEBUG error: Status code: 404 for https://mirrors.rpmfusion.org/metalink?repo=nonfree-fedora-nvidia-driver-39&arch=x86_64 (IP: 78.47.223.143) (https://mirrors.rpmfusion.org/metalink?repo=nonfree-fedora-nvidia-driver-39&arch=x86_64).
2026-07-27T16:26:42+0530 DEBUG error: Status code: 404 for https://mirrors.rpmfusion.org/metalink?repo=nonfree-fedora-nvidia-driver-39&arch=x86_64 (IP: 78.47.223.143) (https://mirrors.rpmfusion.org/metalink?repo=nonfree-fedora-nvidia-driver-39&arch=x86_64).
2026-07-27T16:26:42+0530 DEBUG error: Status code: 404 for https://mirrors.rpmfusion.org/metalink?repo=nonfree-fedora-nvidia-driver-39&arch=x86_64 (IP: 78.47.223.143) (https://mirrors.rpmfusion.org/metalink?repo=nonfree-fedora-nvidia-driver-39&arch=x86_64).
2026-07-27T16:26:42+0530 WARNING Errors during downloading metadata for repository 'rpmfusion-nonfree-nvidia-driver':
  - Status code: 404 for https://mirrors.rpmfusion.org/metalink?repo=nonfree-fedora-nvidia-driver-39&arch=x86_64 (IP: 158.69.60.128)
  - Status code: 404 for https://mirrors.rpmfusion.org/metalink?repo=nonfree-fedora-nvidia-driver-39&arch=x86_64 (IP: 78.47.223.143)
2026-07-27T16:26:42+0530 WARNING Error: Failed to download metadata for repo 'rpmfusion-nonfree-nvidia-driver': Cannot prepare internal mirrorlist: Status code: 404 for https://mirrors.rpmfusion.org/metalink?repo=nonfree-fedora-nvidia-driver-39&arch=x86_64 (IP: 78.47.223.143)
2026-07-27T16:26:43+0530 DEBUG reviving: 'rpmfusion-nonfree-steam' can be revived - metalink checksums match.
2026-07-27T16:26:43+0530 DEBUG rpmfusion-nonfree-steam: using metadata from Sat 23 Nov 2024 06:58:50 PM IST.
2026-07-27T16:26:44+0530 DEBUG reviving: 'rpmfusion-nonfree-updates' can be revived - metalink checksums match.
2026-07-27T16:26:44+0530 DEBUG rpmfusion-nonfree-updates: using metadata from Sat 23 Nov 2024 06:41:49 PM IST.
2026-07-27T16:26:44+0530 DEBUG reviving: 'teams-for-linux' can be revived - repomd matches.
2026-07-27T16:26:44+0530 DEBUG teams-for-linux: using metadata from Tue 21 Jul 2026 04:43:12 PM IST.
2026-07-27T16:26:44+0530 WARNING Ignoring repositories: hashicorp, rpmfusion-nonfree-nvidia-driver
2026-07-27T16:26:44+0530 DDEBUG timer: sack setup: 18332 ms
2026-07-27T16:26:44+0530 DEBUG User-Agent: constructed: 'libdnf (Fedora Linux 39; workstation; Linux.x86_64)'
2026-07-27T16:26:44+0530 INFO Metadata cache created.
2026-07-27T16:26:44+0530 DDEBUG Cleaning up.
2026-07-27T16:26:44+0530 DDEBUG Plugins were unloaded.
2026-07-27T18:18:22+0530 INFO --- logging initialized ---
2026-07-27T18:18:22+0530 DDEBUG timer: config: 90 ms
2026-07-27T18:18:22+0530 DEBUG Loaded plugins: builddep, changelog, config-manager, copr, debug, debuginfo-install, download, generate_completion_cache, groups-manager, needs-restarting, notify-packagekit, playground, repoclosure, repodiff, repograph, repomanage, reposync, system-upgrade
2026-07-27T18:18:22+0530 DEBUG DNF version: 4.21.1
2026-07-27T18:18:22+0530 DDEBUG Command: dnf makecache --timer 
2026-07-27T18:18:22+0530 DDEBUG Installroot: /
2026-07-27T18:18:22+0530 DDEBUG Releasever: 39
2026-07-27T18:18:22+0530 DEBUG cachedir: /var/cache/dnf
2026-07-27T18:18:22+0530 DDEBUG Base command: makecache
2026-07-27T18:18:22+0530 DDEBUG Extra commands: ['makecache', '--timer']
2026-07-27T18:18:22+0530 DEBUG Making cache files for all metadata files.
2026-07-27T18:18:23+0530 INFO Metadata cache refreshed recently.
2026-07-27T18:18:23+0530 DDEBUG Cleaning up.
2026-07-27T18:18:23+0530 DDEBUG Plugins were unloaded.
2026-07-27T19:45:21+0530 INFO --- logging initialized ---
2026-07-27T19:45:21+0530 DDEBUG timer: config: 155 ms
2026-07-27T19:45:22+0530 DEBUG Loaded plugins: builddep, changelog, config-manager, copr, debug, debuginfo-install, download, generate_completion_cache, groups-manager, needs-restarting, notify-packagekit, playground, repoclosure, repodiff, repograph, repomanage, reposync, system-upgrade
2026-07-27T19:45:22+0530 DEBUG DNF version: 4.21.1
2026-07-27T19:45:22+0530 DDEBUG Command: dnf makecache --timer 
2026-07-27T19:45:22+0530 DDEBUG Installroot: /
2026-07-27T19:45:22+0530 DDEBUG Releasever: 39
2026-07-27T19:45:22+0530 DEBUG cachedir: /var/cache/dnf
2026-07-27T19:45:22+0530 DDEBUG Base command: makecache
2026-07-27T19:45:22+0530 DDEBUG Extra commands: ['makecache', '--timer']
2026-07-27T19:45:22+0530 DEBUG Making cache files for all metadata files.
2026-07-27T19:45:22+0530 DEBUG bitrix24: has expired and will be refreshed.
2026-07-27T19:45:22+0530 DEBUG brave-browser: has expired and will be refreshed.
2026-07-27T19:45:22+0530 DEBUG docker-ce-stable: has expired and will be refreshed.
2026-07-27T19:45:25+0530 DEBUG fedora: has expired and will be refreshed.
2026-07-27T19:45:25+0530 DEBUG fedora-cisco-openh264: has expired and will be refreshed.
2026-07-27T19:45:28+0530 DEBUG updates: has expired and will be refreshed.
2026-07-27T19:45:28+0530 DEBUG google-chrome: has expired and will be refreshed.
2026-07-27T19:45:28+0530 DEBUG hashicorp: has expired and will be refreshed.
2026-07-27T19:45:28+0530 DEBUG jenkins: has expired and will be refreshed.
2026-07-27T19:45:28+0530 DEBUG packages-microsoft-com-prod: has expired and will be refreshed.
2026-07-27T19:45:28+0530 DEBUG rpmfusion-free: has expired and will be refreshed.
2026-07-27T19:45:28+0530 DEBUG rpmfusion-free-updates: has expired and will be refreshed.
2026-07-27T19:45:28+0530 DEBUG rpmfusion-nonfree: has expired and will be refreshed.
2026-07-27T19:45:28+0530 DEBUG rpmfusion-nonfree-nvidia-driver: has expired and will be refreshed.
2026-07-27T19:45:28+0530 DEBUG rpmfusion-nonfree-steam: has expired and will be refreshed.
2026-07-27T19:45:28+0530 DEBUG rpmfusion-nonfree-updates: has expired and will be refreshed.
2026-07-27T19:45:28+0530 DEBUG teams-for-linux: has expired and will be refreshed.
2026-07-27T19:45:29+0530 DEBUG reviving: 'bitrix24' can be revived - repomd matches.
2026-07-27T19:45:29+0530 DEBUG bitrix24: using metadata from Mon 20 Apr 2026 09:02:48 PM IST.
2026-07-27T19:45:29+0530 DEBUG reviving: 'brave-browser' can be revived - repomd matches.
2026-07-27T19:45:29+0530 DEBUG brave-browser: using metadata from Fri 24 Jul 2026 09:34:22 PM IST.
2026-07-27T19:45:29+0530 DEBUG reviving: 'docker-ce-stable' can be revived - repomd matches.
2026-07-27T19:45:29+0530 DEBUG docker-ce-stable: using metadata from Wed 13 Nov 2024 06:00:28 PM IST.
2026-07-27T19:45:29+0530 DEBUG countme: no event for fedora: window already counted
2026-07-27T19:45:30+0530 DEBUG reviving: 'fedora' can be revived - metalink checksums match.
2026-07-27T19:45:35+0530 DEBUG fedora: using metadata from Wed 01 Nov 2023 05:42:39 AM IST.
2026-07-27T19:45:36+0530 DEBUG reviving: 'fedora-cisco-openh264' can be revived - metalink checksums match.
2026-07-27T19:45:36+0530 DEBUG fedora-cisco-openh264: using metadata from Tue 12 Mar 2024 05:43:24 PM IST.
2026-07-27T19:45:36+0530 DEBUG countme: no event for updates: window already counted
2026-07-27T19:45:37+0530 DEBUG reviving: 'updates' can be revived - metalink checksums match.
2026-07-27T19:45:38+0530 DEBUG updates: using metadata from Tue 26 Nov 2024 10:05:09 PM IST.
2026-07-27T19:45:38+0530 DEBUG reviving: 'google-chrome' can be revived - repomd matches.
2026-07-27T19:45:38+0530 DEBUG google-chrome: using metadata from Mon 27 Jul 2026 04:24:31 AM IST.
2026-07-27T19:45:38+0530 DEBUG repo: downloading from remote: hashicorp
2026-07-27T19:45:41+0530 DEBUG error: Status code: 404 for https://rpm.releases.hashicorp.com/fedora/39/x86_64/stable/repodata/repomd.xml (IP: 13.225.5.13) (https://rpm.releases.hashicorp.com/fedora/39/x86_64/stable/repodata/repomd.xml).
2026-07-27T19:45:41+0530 WARNING Errors during downloading metadata for repository 'hashicorp':
  - Status code: 404 for https://rpm.releases.hashicorp.com/fedora/39/x86_64/stable/repodata/repomd.xml (IP: 13.225.5.13)
2026-07-27T19:45:41+0530 WARNING Error: Failed to download metadata for repo 'hashicorp': Cannot download repomd.xml: Status code: 404 for https://rpm.releases.hashicorp.com/fedora/39/x86_64/stable/repodata/repomd.xml (IP: 13.225.5.13)
2026-07-27T19:45:41+0530 DEBUG reviving: 'jenkins' can be revived - repomd matches.
2026-07-27T19:45:41+0530 DEBUG jenkins: using metadata from Thu 09 Jul 2026 09:13:24 PM IST.
2026-07-27T19:45:41+0530 DEBUG reviving: 'packages-microsoft-com-prod' can be revived - repomd matches.
2026-07-27T19:45:41+0530 DEBUG packages-microsoft-com-prod: using metadata from Wed 22 Jul 2026 10:20:59 AM IST.
2026-07-27T19:45:42+0530 DEBUG reviving: 'rpmfusion-free' can be revived - metalink checksums match.
2026-07-27T19:45:42+0530 DEBUG rpmfusion-free: using metadata from Sat 04 Nov 2023 10:19:08 PM IST.
2026-07-27T19:45:43+0530 DEBUG reviving: 'rpmfusion-free-updates' can be revived - metalink checksums match.
2026-07-27T19:45:43+0530 DEBUG rpmfusion-free-updates: using metadata from Sat 23 Nov 2024 06:15:37 PM IST.
2026-07-27T19:45:44+0530 DEBUG reviving: 'rpmfusion-nonfree' can be revived - metalink checksums match.
2026-07-27T19:45:44+0530 DEBUG rpmfusion-nonfree: using metadata from Sat 04 Nov 2023 10:56:32 PM IST.
2026-07-27T19:45:45+0530 DEBUG error: Status code: 404 for https://mirrors.rpmfusion.org/metalink?repo=nonfree-fedora-nvidia-driver-39&arch=x86_64 (IP: 78.47.223.143) (https://mirrors.rpmfusion.org/metalink?repo=nonfree-fedora-nvidia-driver-39&arch=x86_64).
2026-07-27T19:45:45+0530 DEBUG error: Status code: 404 for https://mirrors.rpmfusion.org/metalink?repo=nonfree-fedora-nvidia-driver-39&arch=x86_64 (IP: 78.47.223.143) (https://mirrors.rpmfusion.org/metalink?repo=nonfree-fedora-nvidia-driver-39&arch=x86_64).
2026-07-27T19:45:46+0530 DEBUG error: Status code: 404 for https://mirrors.rpmfusion.org/metalink?repo=nonfree-fedora-nvidia-driver-39&arch=x86_64 (IP: 78.47.223.143) (https://mirrors.rpmfusion.org/metalink?repo=nonfree-fedora-nvidia-driver-39&arch=x86_64).
2026-07-27T19:45:46+0530 DEBUG error: Status code: 404 for https://mirrors.rpmfusion.org/metalink?repo=nonfree-fedora-nvidia-driver-39&arch=x86_64 (IP: 78.47.223.143) (https://mirrors.rpmfusion.org/metalink?repo=nonfree-fedora-nvidia-driver-39&arch=x86_64).
2026-07-27T19:45:48+0530 DEBUG error: Status code: 404 for https://mirrors.rpmfusion.org/metalink?repo=nonfree-fedora-nvidia-driver-39&arch=x86_64 (IP: 158.69.60.128) (https://mirrors.rpmfusion.org/metalink?repo=nonfree-fedora-nvidia-driver-39&arch=x86_64).
2026-07-27T19:45:48+0530 DEBUG error: Status code: 404 for https://mirrors.rpmfusion.org/metalink?repo=nonfree-fedora-nvidia-driver-39&arch=x86_64 (IP: 158.69.60.128) (https://mirrors.rpmfusion.org/metalink?repo=nonfree-fedora-nvidia-driver-39&arch=x86_64).
2026-07-27T19:45:48+0530 DEBUG error: Status code: 404 for https://mirrors.rpmfusion.org/metalink?repo=nonfree-fedora-nvidia-driver-39&arch=x86_64 (IP: 158.69.60.128) (https://mirrors.rpmfusion.org/metalink?repo=nonfree-fedora-nvidia-driver-39&arch=x86_64).
2026-07-27T19:45:49+0530 DEBUG error: Status code: 404 for https://mirrors.rpmfusion.org/metalink?repo=nonfree-fedora-nvidia-driver-39&arch=x86_64 (IP: 158.69.60.128) (https://mirrors.rpmfusion.org/metalink?repo=nonfree-fedora-nvidia-driver-39&arch=x86_64).
2026-07-27T19:45:50+0530 DEBUG error: Status code: 404 for https://mirrors.rpmfusion.org/metalink?repo=nonfree-fedora-nvidia-driver-39&arch=x86_64 (IP: 78.47.223.143) (https://mirrors.rpmfusion.org/metalink?repo=nonfree-fedora-nvidia-driver-39&arch=x86_64).
2026-07-27T19:45:50+0530 DEBUG error: Status code: 404 for https://mirrors.rpmfusion.org/metalink?repo=nonfree-fedora-nvidia-driver-39&arch=x86_64 (IP: 78.47.223.143) (https://mirrors.rpmfusion.org/metalink?repo=nonfree-fedora-nvidia-driver-39&arch=x86_64).
2026-07-27T19:45:51+0530 DEBUG error: Status code: 404 for https://mirrors.rpmfusion.org/metalink?repo=nonfree-fedora-nvidia-driver-39&arch=x86_64 (IP: 78.47.223.143) (https://mirrors.rpmfusion.org/metalink?repo=nonfree-fedora-nvidia-driver-39&arch=x86_64).
2026-07-27T19:45:51+0530 DEBUG error: Status code: 404 for https://mirrors.rpmfusion.org/metalink?repo=nonfree-fedora-nvidia-driver-39&arch=x86_64 (IP: 78.47.223.143) (https://mirrors.rpmfusion.org/metalink?repo=nonfree-fedora-nvidia-driver-39&arch=x86_64).
2026-07-27T19:45:51+0530 WARNING Errors during downloading metadata for repository 'rpmfusion-nonfree-nvidia-driver':
  - Status code: 404 for https://mirrors.rpmfusion.org/metalink?repo=nonfree-fedora-nvidia-driver-39&arch=x86_64 (IP: 158.69.60.128)
  - Status code: 404 for https://mirrors.rpmfusion.org/metalink?repo=nonfree-fedora-nvidia-driver-39&arch=x86_64 (IP: 78.47.223.143)
2026-07-27T19:45:51+0530 WARNING Error: Failed to download metadata for repo 'rpmfusion-nonfree-nvidia-driver': Cannot prepare internal mirrorlist: Status code: 404 for https://mirrors.rpmfusion.org/metalink?repo=nonfree-fedora-nvidia-driver-39&arch=x86_64 (IP: 78.47.223.143)
2026-07-27T19:45:52+0530 DEBUG reviving: 'rpmfusion-nonfree-steam' can be revived - metalink checksums match.
2026-07-27T19:45:52+0530 DEBUG rpmfusion-nonfree-steam: using metadata from Sat 23 Nov 2024 06:58:50 PM IST.
2026-07-27T19:45:52+0530 DEBUG reviving: 'rpmfusion-nonfree-updates' can be revived - metalink checksums match.
2026-07-27T19:45:52+0530 DEBUG rpmfusion-nonfree-updates: using metadata from Sat 23 Nov 2024 06:41:49 PM IST.
2026-07-27T19:45:53+0530 DEBUG reviving: 'teams-for-linux' can be revived - repomd matches.
2026-07-27T19:45:53+0530 DEBUG teams-for-linux: using metadata from Tue 21 Jul 2026 04:43:12 PM IST.
2026-07-27T19:45:53+0530 WARNING Ignoring repositories: hashicorp, rpmfusion-nonfree-nvidia-driver
2026-07-27T19:45:53+0530 DDEBUG timer: sack setup: 24556 ms
2026-07-27T19:45:53+0530 DEBUG User-Agent: constructed: 'libdnf (Fedora Linux 39; workstation; Linux.x86_64)'
2026-07-27T19:45:53+0530 INFO Metadata cache created.
2026-07-27T19:45:53+0530 DDEBUG Cleaning up.
2026-07-27T19:45:53+0530 DDEBUG Plugins were unloaded.
2026-07-28T12:53:21+0530 INFO --- logging initialized ---
2026-07-28T12:53:21+0530 DDEBUG timer: config: 206 ms
2026-07-28T12:53:22+0530 DEBUG Loaded plugins: builddep, changelog, config-manager, copr, debug, debuginfo-install, download, generate_completion_cache, groups-manager, needs-restarting, notify-packagekit, playground, repoclosure, repodiff, repograph, repomanage, reposync, system-upgrade
2026-07-28T12:53:22+0530 DEBUG DNF version: 4.21.1
2026-07-28T12:53:22+0530 DDEBUG Command: dnf makecache --timer 
2026-07-28T12:53:22+0530 DDEBUG Installroot: /
2026-07-28T12:53:22+0530 DDEBUG Releasever: 39
2026-07-28T12:53:22+0530 DEBUG cachedir: /var/cache/dnf
2026-07-28T12:53:22+0530 DDEBUG Base command: makecache
2026-07-28T12:53:22+0530 DDEBUG Extra commands: ['makecache', '--timer']
2026-07-28T12:53:22+0530 DEBUG Making cache files for all metadata files.
2026-07-28T12:53:22+0530 INFO Metadata timer caching disabled when running on a battery.
2026-07-28T12:53:22+0530 DDEBUG Cleaning up.
2026-07-28T12:53:22+0530 DDEBUG Plugins were unloaded.
2026-07-28T14:17:37+0530 INFO --- logging initialized ---
2026-07-28T14:17:37+0530 DDEBUG timer: config: 70 ms
2026-07-28T14:17:37+0530 DEBUG Loaded plugins: builddep, changelog, config-manager, copr, debug, debuginfo-install, download, generate_completion_cache, groups-manager, needs-restarting, notify-packagekit, playground, repoclosure, repodiff, repograph, repomanage, reposync, system-upgrade
2026-07-28T14:17:37+0530 DEBUG DNF version: 4.21.1
2026-07-28T14:17:37+0530 DDEBUG Command: dnf makecache --timer 
2026-07-28T14:17:37+0530 DDEBUG Installroot: /
2026-07-28T14:17:37+0530 DDEBUG Releasever: 39
2026-07-28T14:17:37+0530 DEBUG cachedir: /var/cache/dnf
2026-07-28T14:17:37+0530 DDEBUG Base command: makecache
2026-07-28T14:17:37+0530 DDEBUG Extra commands: ['makecache', '--timer']
2026-07-28T14:17:37+0530 DEBUG Making cache files for all metadata files.
2026-07-28T14:17:37+0530 DEBUG bitrix24: has expired and will be refreshed.
2026-07-28T14:17:37+0530 DEBUG brave-browser: has expired and will be refreshed.
2026-07-28T14:17:37+0530 DEBUG docker-ce-stable: has expired and will be refreshed.
2026-07-28T14:17:38+0530 DEBUG fedora: has expired and will be refreshed.
2026-07-28T14:17:38+0530 DEBUG fedora-cisco-openh264: has expired and will be refreshed.
2026-07-28T14:17:38+0530 DEBUG updates: has expired and will be refreshed.
2026-07-28T14:17:38+0530 DEBUG google-chrome: has expired and will be refreshed.
2026-07-28T14:17:38+0530 DEBUG hashicorp: has expired and will be refreshed.
2026-07-28T14:17:38+0530 DEBUG jenkins: has expired and will be refreshed.
2026-07-28T14:17:38+0530 DEBUG packages-microsoft-com-prod: has expired and will be refreshed.
2026-07-28T14:17:38+0530 DEBUG rpmfusion-free: has expired and will be refreshed.
2026-07-28T14:17:38+0530 DEBUG rpmfusion-free-updates: has expired and will be refreshed.
2026-07-28T14:17:38+0530 DEBUG rpmfusion-nonfree: has expired and will be refreshed.
2026-07-28T14:17:38+0530 DEBUG rpmfusion-nonfree-nvidia-driver: has expired and will be refreshed.
2026-07-28T14:17:38+0530 DEBUG rpmfusion-nonfree-steam: has expired and will be refreshed.
2026-07-28T14:17:38+0530 DEBUG rpmfusion-nonfree-updates: has expired and will be refreshed.
2026-07-28T14:17:38+0530 DEBUG teams-for-linux: has expired and will be refreshed.
2026-07-28T14:17:39+0530 DEBUG reviving: 'bitrix24' can be revived - repomd matches.
2026-07-28T14:17:39+0530 DEBUG bitrix24: using metadata from Mon 20 Apr 2026 09:02:48 PM IST.
2026-07-28T14:17:39+0530 DEBUG reviving: 'brave-browser' can be revived - repomd matches.
2026-07-28T14:17:39+0530 DEBUG brave-browser: using metadata from Fri 24 Jul 2026 09:34:22 PM IST.
2026-07-28T14:17:39+0530 DEBUG reviving: 'docker-ce-stable' can be revived - repomd matches.
2026-07-28T14:17:39+0530 DEBUG docker-ce-stable: using metadata from Wed 13 Nov 2024 06:00:28 PM IST.
2026-07-28T14:17:39+0530 DEBUG countme: no event for fedora: window already counted
2026-07-28T14:17:39+0530 DEBUG reviving: 'fedora' can be revived - metalink checksums match.
2026-07-28T14:17:41+0530 DEBUG fedora: using metadata from Wed 01 Nov 2023 05:42:39 AM IST.
2026-07-28T14:17:42+0530 DEBUG reviving: 'fedora-cisco-openh264' can be revived - metalink checksums match.
2026-07-28T14:17:42+0530 DEBUG fedora-cisco-openh264: using metadata from Tue 12 Mar 2024 05:43:24 PM IST.
2026-07-28T14:17:42+0530 DEBUG countme: no event for updates: window already counted
2026-07-28T14:17:42+0530 DEBUG reviving: 'updates' can be revived - metalink checksums match.
2026-07-28T14:17:44+0530 DEBUG updates: using metadata from Tue 26 Nov 2024 10:05:09 PM IST.
2026-07-28T14:17:45+0530 DEBUG reviving: failed for 'google-chrome', mismatched repomd.
2026-07-28T14:17:45+0530 DEBUG repo: downloading from remote: google-chrome
2026-07-28T14:17:45+0530 DEBUG google-chrome: using metadata from Tue 28 Jul 2026 01:40:41 AM IST.
2026-07-28T14:17:45+0530 DEBUG repo: downloading from remote: hashicorp
2026-07-28T14:17:46+0530 DEBUG error: Status code: 404 for https://rpm.releases.hashicorp.com/fedora/39/x86_64/stable/repodata/repomd.xml (IP: 13.225.5.7) (https://rpm.releases.hashicorp.com/fedora/39/x86_64/stable/repodata/repomd.xml).
2026-07-28T14:17:46+0530 WARNING Errors during downloading metadata for repository 'hashicorp':
  - Status code: 404 for https://rpm.releases.hashicorp.com/fedora/39/x86_64/stable/repodata/repomd.xml (IP: 13.225.5.7)
2026-07-28T14:17:46+0530 WARNING Error: Failed to download metadata for repo 'hashicorp': Cannot download repomd.xml: Status code: 404 for https://rpm.releases.hashicorp.com/fedora/39/x86_64/stable/repodata/repomd.xml (IP: 13.225.5.7)
2026-07-28T14:17:46+0530 DEBUG reviving: 'jenkins' can be revived - repomd matches.
2026-07-28T14:17:46+0530 DEBUG jenkins: using metadata from Thu 09 Jul 2026 09:13:24 PM IST.
2026-07-28T14:17:48+0530 DEBUG reviving: 'packages-microsoft-com-prod' can be revived - repomd matches.
2026-07-28T14:17:48+0530 DEBUG packages-microsoft-com-prod: using metadata from Wed 22 Jul 2026 10:20:59 AM IST.
2026-07-28T14:17:49+0530 DEBUG reviving: 'rpmfusion-free' can be revived - metalink checksums match.
2026-07-28T14:17:49+0530 DEBUG rpmfusion-free: using metadata from Sat 04 Nov 2023 10:19:08 PM IST.
2026-07-28T14:17:50+0530 DEBUG reviving: 'rpmfusion-free-updates' can be revived - metalink checksums match.
2026-07-28T14:17:50+0530 DEBUG rpmfusion-free-updates: using metadata from Sat 23 Nov 2024 06:15:37 PM IST.
2026-07-28T14:17:51+0530 DEBUG reviving: 'rpmfusion-nonfree' can be revived - metalink checksums match.
2026-07-28T14:17:51+0530 DEBUG rpmfusion-nonfree: using metadata from Sat 04 Nov 2023 10:56:32 PM IST.
2026-07-28T14:17:52+0530 DEBUG error: Status code: 404 for https://mirrors.rpmfusion.org/metalink?repo=nonfree-fedora-nvidia-driver-39&arch=x86_64 (IP: 78.47.223.143) (https://mirrors.rpmfusion.org/metalink?repo=nonfree-fedora-nvidia-driver-39&arch=x86_64).
2026-07-28T14:17:52+0530 DEBUG error: Status code: 404 for https://mirrors.rpmfusion.org/metalink?repo=nonfree-fedora-nvidia-driver-39&arch=x86_64 (IP: 78.47.223.143) (https://mirrors.rpmfusion.org/metalink?repo=nonfree-fedora-nvidia-driver-39&arch=x86_64).
2026-07-28T14:17:52+0530 DEBUG error: Status code: 404 for https://mirrors.rpmfusion.org/metalink?repo=nonfree-fedora-nvidia-driver-39&arch=x86_64 (IP: 78.47.223.143) (https://mirrors.rpmfusion.org/metalink?repo=nonfree-fedora-nvidia-driver-39&arch=x86_64).
2026-07-28T14:17:52+0530 DEBUG error: Status code: 404 for https://mirrors.rpmfusion.org/metalink?repo=nonfree-fedora-nvidia-driver-39&arch=x86_64 (IP: 78.47.223.143) (https://mirrors.rpmfusion.org/metalink?repo=nonfree-fedora-nvidia-driver-39&arch=x86_64).
2026-07-28T14:17:53+0530 DEBUG error: Status code: 404 for https://mirrors.rpmfusion.org/metalink?repo=nonfree-fedora-nvidia-driver-39&arch=x86_64 (IP: 78.47.223.143) (https://mirrors.rpmfusion.org/metalink?repo=nonfree-fedora-nvidia-driver-39&arch=x86_64).
2026-07-28T14:17:53+0530 DEBUG error: Status code: 404 for https://mirrors.rpmfusion.org/metalink?repo=nonfree-fedora-nvidia-driver-39&arch=x86_64 (IP: 78.47.223.143) (https://mirrors.rpmfusion.org/metalink?repo=nonfree-fedora-nvidia-driver-39&arch=x86_64).
2026-07-28T14:17:53+0530 DEBUG error: Status code: 404 for https://mirrors.rpmfusion.org/metalink?repo=nonfree-fedora-nvidia-driver-39&arch=x86_64 (IP: 78.47.223.143) (https://mirrors.rpmfusion.org/metalink?repo=nonfree-fedora-nvidia-driver-39&arch=x86_64).
2026-07-28T14:17:54+0530 DEBUG error: Status code: 404 for https://mirrors.rpmfusion.org/metalink?repo=nonfree-fedora-nvidia-driver-39&arch=x86_64 (IP: 78.47.223.143) (https://mirrors.rpmfusion.org/metalink?repo=nonfree-fedora-nvidia-driver-39&arch=x86_64).
2026-07-28T14:17:55+0530 DEBUG error: Status code: 404 for https://mirrors.rpmfusion.org/metalink?repo=nonfree-fedora-nvidia-driver-39&arch=x86_64 (IP: 158.69.60.128) (https://mirrors.rpmfusion.org/metalink?repo=nonfree-fedora-nvidia-driver-39&arch=x86_64).
2026-07-28T14:17:56+0530 DEBUG error: Status code: 404 for https://mirrors.rpmfusion.org/metalink?repo=nonfree-fedora-nvidia-driver-39&arch=x86_64 (IP: 158.69.60.128) (https://mirrors.rpmfusion.org/metalink?repo=nonfree-fedora-nvidia-driver-39&arch=x86_64).
2026-07-28T14:17:56+0530 DEBUG error: Status code: 404 for https://mirrors.rpmfusion.org/metalink?repo=nonfree-fedora-nvidia-driver-39&arch=x86_64 (IP: 158.69.60.128) (https://mirrors.rpmfusion.org/metalink?repo=nonfree-fedora-nvidia-driver-39&arch=x86_64).
2026-07-28T14:17:56+0530 DEBUG error: Status code: 404 for https://mirrors.rpmfusion.org/metalink?repo=nonfree-fedora-nvidia-driver-39&arch=x86_64 (IP: 158.69.60.128) (https://mirrors.rpmfusion.org/metalink?repo=nonfree-fedora-nvidia-driver-39&arch=x86_64).
2026-07-28T14:17:56+0530 WARNING Errors during downloading metadata for repository 'rpmfusion-nonfree-nvidia-driver':
  - Status code: 404 for https://mirrors.rpmfusion.org/metalink?repo=nonfree-fedora-nvidia-driver-39&arch=x86_64 (IP: 158.69.60.128)
  - Status code: 404 for https://mirrors.rpmfusion.org/metalink?repo=nonfree-fedora-nvidia-driver-39&arch=x86_64 (IP: 78.47.223.143)
2026-07-28T14:17:56+0530 WARNING Error: Failed to download metadata for repo 'rpmfusion-nonfree-nvidia-driver': Cannot prepare internal mirrorlist: Status code: 404 for https://mirrors.rpmfusion.org/metalink?repo=nonfree-fedora-nvidia-driver-39&arch=x86_64 (IP: 158.69.60.128)
2026-07-28T14:17:56+0530 DEBUG reviving: 'rpmfusion-nonfree-steam' can be revived - metalink checksums match.
2026-07-28T14:17:56+0530 DEBUG rpmfusion-nonfree-steam: using metadata from Sat 23 Nov 2024 06:58:50 PM IST.
2026-07-28T14:17:57+0530 DEBUG reviving: 'rpmfusion-nonfree-updates' can be revived - metalink checksums match.
2026-07-28T14:17:57+0530 DEBUG rpmfusion-nonfree-updates: using metadata from Sat 23 Nov 2024 06:41:49 PM IST.
2026-07-28T14:17:57+0530 DEBUG reviving: 'teams-for-linux' can be revived - repomd matches.
2026-07-28T14:17:57+0530 DEBUG teams-for-linux: using metadata from Tue 21 Jul 2026 04:43:12 PM IST.
2026-07-28T14:17:57+0530 WARNING Ignoring repositories: hashicorp, rpmfusion-nonfree-nvidia-driver
2026-07-28T14:17:57+0530 DDEBUG timer: sack setup: 18807 ms
2026-07-28T14:17:57+0530 DEBUG User-Agent: constructed: 'libdnf (Fedora Linux 39; workstation; Linux.x86_64)'
2026-07-28T14:17:57+0530 DEBUG Completion plugin: Generating completion cache...
2026-07-28T14:18:01+0530 INFO Metadata cache created.
2026-07-28T14:18:01+0530 DDEBUG Cleaning up.
2026-07-28T14:18:01+0530 DDEBUG Plugins were unloaded.
2026-07-28T15:49:37+0530 INFO --- logging initialized ---
2026-07-28T15:49:37+0530 DDEBUG timer: config: 110 ms
2026-07-28T15:49:37+0530 DEBUG Loaded plugins: builddep, changelog, config-manager, copr, debug, debuginfo-install, download, generate_completion_cache, groups-manager, needs-restarting, notify-packagekit, playground, repoclosure, repodiff, repograph, repomanage, reposync, system-upgrade
2026-07-28T15:49:37+0530 DEBUG DNF version: 4.21.1
2026-07-28T15:49:37+0530 DDEBUG Command: dnf makecache --timer 
2026-07-28T15:49:37+0530 DDEBUG Installroot: /
2026-07-28T15:49:37+0530 DDEBUG Releasever: 39
2026-07-28T15:49:37+0530 DEBUG cachedir: /var/cache/dnf
2026-07-28T15:49:37+0530 DDEBUG Base command: makecache
2026-07-28T15:49:37+0530 DDEBUG Extra commands: ['makecache', '--timer']
2026-07-28T15:49:37+0530 DEBUG Making cache files for all metadata files.
2026-07-28T15:49:37+0530 INFO Metadata timer caching disabled when running on a battery.
2026-07-28T15:49:37+0530 DDEBUG Cleaning up.
2026-07-28T15:49:37+0530 DDEBUG Plugins were unloaded.
2026-07-28T21:02:07+0530 INFO --- logging initialized ---
2026-07-28T21:02:07+0530 DDEBUG timer: config: 74 ms
2026-07-28T21:02:07+0530 DEBUG Loaded plugins: builddep, changelog, config-manager, copr, debug, debuginfo-install, download, generate_completion_cache, groups-manager, needs-restarting, notify-packagekit, playground, repoclosure, repodiff, repograph, repomanage, reposync, system-upgrade
2026-07-28T21:02:07+0530 DEBUG DNF version: 4.21.1
2026-07-28T21:02:07+0530 DDEBUG Command: dnf makecache --timer 
2026-07-28T21:02:07+0530 DDEBUG Installroot: /
2026-07-28T21:02:07+0530 DDEBUG Releasever: 39
2026-07-28T21:02:07+0530 DEBUG cachedir: /var/cache/dnf
2026-07-28T21:02:07+0530 DDEBUG Base command: makecache
2026-07-28T21:02:07+0530 DDEBUG Extra commands: ['makecache', '--timer']
2026-07-28T21:02:07+0530 DEBUG Making cache files for all metadata files.
2026-07-28T21:02:07+0530 DEBUG bitrix24: has expired and will be refreshed.
2026-07-28T21:02:07+0530 DEBUG brave-browser: has expired and will be refreshed.
2026-07-28T21:02:07+0530 DEBUG docker-ce-stable: has expired and will be refreshed.
2026-07-28T21:02:09+0530 DEBUG fedora: has expired and will be refreshed.
2026-07-28T21:02:09+0530 DEBUG fedora-cisco-openh264: has expired and will be refreshed.
2026-07-28T21:02:10+0530 DEBUG updates: has expired and will be refreshed.
2026-07-28T21:02:10+0530 DEBUG google-chrome: has expired and will be refreshed.
2026-07-28T21:02:10+0530 DEBUG hashicorp: has expired and will be refreshed.
2026-07-28T21:02:10+0530 DEBUG jenkins: has expired and will be refreshed.
2026-07-28T21:02:10+0530 DEBUG packages-microsoft-com-prod: has expired and will be refreshed.
2026-07-28T21:02:10+0530 DEBUG rpmfusion-free: has expired and will be refreshed.
2026-07-28T21:02:10+0530 DEBUG rpmfusion-free-updates: has expired and will be refreshed.
2026-07-28T21:02:10+0530 DEBUG rpmfusion-nonfree: has expired and will be refreshed.
2026-07-28T21:02:10+0530 DEBUG rpmfusion-nonfree-nvidia-driver: has expired and will be refreshed.
2026-07-28T21:02:10+0530 DEBUG rpmfusion-nonfree-steam: has expired and will be refreshed.
2026-07-28T21:02:10+0530 DEBUG rpmfusion-nonfree-updates: has expired and will be refreshed.
2026-07-28T21:02:10+0530 DEBUG teams-for-linux: has expired and will be refreshed.
2026-07-28T21:02:10+0530 DEBUG reviving: 'bitrix24' can be revived - repomd matches.
2026-07-28T21:02:10+0530 DEBUG bitrix24: using metadata from Mon 20 Apr 2026 09:02:48 PM IST.
2026-07-28T21:02:10+0530 DEBUG reviving: 'brave-browser' can be revived - repomd matches.
2026-07-28T21:02:10+0530 DEBUG brave-browser: using metadata from Fri 24 Jul 2026 09:34:22 PM IST.
2026-07-28T21:02:11+0530 DEBUG reviving: 'docker-ce-stable' can be revived - repomd matches.
2026-07-28T21:02:11+0530 DEBUG docker-ce-stable: using metadata from Wed 13 Nov 2024 06:00:28 PM IST.
2026-07-28T21:02:11+0530 DEBUG countme: no event for fedora: window already counted
2026-07-28T21:02:11+0530 DEBUG reviving: 'fedora' can be revived - metalink checksums match.
2026-07-28T21:02:13+0530 DEBUG fedora: using metadata from Wed 01 Nov 2023 05:42:39 AM IST.
2026-07-28T21:02:13+0530 DEBUG reviving: 'fedora-cisco-openh264' can be revived - metalink checksums match.
2026-07-28T21:02:13+0530 DEBUG fedora-cisco-openh264: using metadata from Tue 12 Mar 2024 05:43:24 PM IST.
2026-07-28T21:02:13+0530 DEBUG countme: no event for updates: window already counted
2026-07-28T21:02:14+0530 DEBUG reviving: 'updates' can be revived - metalink checksums match.
2026-07-28T21:02:16+0530 DEBUG updates: using metadata from Tue 26 Nov 2024 10:05:09 PM IST.
2026-07-28T21:02:17+0530 DEBUG reviving: failed for 'google-chrome', mismatched repomd.
2026-07-28T21:02:17+0530 DEBUG repo: downloading from remote: google-chrome
2026-07-28T21:02:18+0530 DEBUG google-chrome: using metadata from Tue 28 Jul 2026 02:50:09 PM IST.
2026-07-28T21:02:18+0530 DEBUG repo: downloading from remote: hashicorp
2026-07-28T21:02:19+0530 DEBUG error: Status code: 404 for https://rpm.releases.hashicorp.com/fedora/39/x86_64/stable/repodata/repomd.xml (IP: 2600:9000:21b4:fe00:18:566b:ecc0:93a1) (https://rpm.releases.hashicorp.com/fedora/39/x86_64/stable/repodata/repomd.xml).
2026-07-28T21:02:19+0530 WARNING Errors during downloading metadata for repository 'hashicorp':
  - Status code: 404 for https://rpm.releases.hashicorp.com/fedora/39/x86_64/stable/repodata/repomd.xml (IP: 2600:9000:21b4:fe00:18:566b:ecc0:93a1)
2026-07-28T21:02:19+0530 WARNING Error: Failed to download metadata for repo 'hashicorp': Cannot download repomd.xml: Status code: 404 for https://rpm.releases.hashicorp.com/fedora/39/x86_64/stable/repodata/repomd.xml (IP: 2600:9000:21b4:fe00:18:566b:ecc0:93a1)
2026-07-28T21:02:21+0530 DEBUG reviving: 'jenkins' can be revived - repomd matches.
2026-07-28T21:02:22+0530 DEBUG jenkins: using metadata from Thu 09 Jul 2026 09:13:24 PM IST.
2026-07-28T21:02:22+0530 DEBUG reviving: 'packages-microsoft-com-prod' can be revived - repomd matches.
2026-07-28T21:02:22+0530 DEBUG packages-microsoft-com-prod: using metadata from Wed 22 Jul 2026 10:20:59 AM IST.
2026-07-28T21:02:23+0530 DEBUG reviving: 'rpmfusion-free' can be revived - metalink checksums match.
2026-07-28T21:02:23+0530 DEBUG rpmfusion-free: using metadata from Sat 04 Nov 2023 10:19:08 PM IST.
2026-07-28T21:02:23+0530 DEBUG reviving: 'rpmfusion-free-updates' can be revived - metalink checksums match.
2026-07-28T21:02:23+0530 DEBUG rpmfusion-free-updates: using metadata from Sat 23 Nov 2024 06:15:37 PM IST.
2026-07-28T21:02:24+0530 DEBUG reviving: 'rpmfusion-nonfree' can be revived - metalink checksums match.
2026-07-28T21:02:24+0530 DEBUG rpmfusion-nonfree: using metadata from Sat 04 Nov 2023 10:56:32 PM IST.
2026-07-28T21:02:25+0530 DEBUG error: Status code: 404 for https://mirrors.rpmfusion.org/metalink?repo=nonfree-fedora-nvidia-driver-39&arch=x86_64 (IP: 2607:5300:201:3100::9322) (https://mirrors.rpmfusion.org/metalink?repo=nonfree-fedora-nvidia-driver-39&arch=x86_64).
2026-07-28T21:02:25+0530 DEBUG error: Status code: 404 for https://mirrors.rpmfusion.org/metalink?repo=nonfree-fedora-nvidia-driver-39&arch=x86_64 (IP: 2607:5300:201:3100::9322) (https://mirrors.rpmfusion.org/metalink?repo=nonfree-fedora-nvidia-driver-39&arch=x86_64).
2026-07-28T21:02:26+0530 DEBUG error: Status code: 404 for https://mirrors.rpmfusion.org/metalink?repo=nonfree-fedora-nvidia-driver-39&arch=x86_64 (IP: 2607:5300:201:3100::9322) (https://mirrors.rpmfusion.org/metalink?repo=nonfree-fedora-nvidia-driver-39&arch=x86_64).
2026-07-28T21:02:26+0530 DEBUG error: Status code: 404 for https://mirrors.rpmfusion.org/metalink?repo=nonfree-fedora-nvidia-driver-39&arch=x86_64 (IP: 2607:5300:201:3100::9322) (https://mirrors.rpmfusion.org/metalink?repo=nonfree-fedora-nvidia-driver-39&arch=x86_64).
2026-07-28T21:02:27+0530 DEBUG error: Status code: 404 for https://mirrors.rpmfusion.org/metalink?repo=nonfree-fedora-nvidia-driver-39&arch=x86_64 (IP: 2607:5300:201:3100::9322) (https://mirrors.rpmfusion.org/metalink?repo=nonfree-fedora-nvidia-driver-39&arch=x86_64).
2026-07-28T21:02:27+0530 DEBUG error: Status code: 404 for https://mirrors.rpmfusion.org/metalink?repo=nonfree-fedora-nvidia-driver-39&arch=x86_64 (IP: 2607:5300:201:3100::9322) (https://mirrors.rpmfusion.org/metalink?repo=nonfree-fedora-nvidia-driver-39&arch=x86_64).
2026-07-28T21:02:28+0530 DEBUG error: Status code: 404 for https://mirrors.rpmfusion.org/metalink?repo=nonfree-fedora-nvidia-driver-39&arch=x86_64 (IP: 2607:5300:201:3100::9322) (https://mirrors.rpmfusion.org/metalink?repo=nonfree-fedora-nvidia-driver-39&arch=x86_64).
2026-07-28T21:02:28+0530 DEBUG error: Status code: 404 for https://mirrors.rpmfusion.org/metalink?repo=nonfree-fedora-nvidia-driver-39&arch=x86_64 (IP: 2607:5300:201:3100::9322) (https://mirrors.rpmfusion.org/metalink?repo=nonfree-fedora-nvidia-driver-39&arch=x86_64).
2026-07-28T21:02:29+0530 DEBUG error: Status code: 404 for https://mirrors.rpmfusion.org/metalink?repo=nonfree-fedora-nvidia-driver-39&arch=x86_64 (IP: 2607:5300:201:3100::9322) (https://mirrors.rpmfusion.org/metalink?repo=nonfree-fedora-nvidia-driver-39&arch=x86_64).
2026-07-28T21:02:29+0530 DEBUG error: Status code: 404 for https://mirrors.rpmfusion.org/metalink?repo=nonfree-fedora-nvidia-driver-39&arch=x86_64 (IP: 2607:5300:201:3100::9322) (https://mirrors.rpmfusion.org/metalink?repo=nonfree-fedora-nvidia-driver-39&arch=x86_64).
2026-07-28T21:02:30+0530 DEBUG error: Status code: 404 for https://mirrors.rpmfusion.org/metalink?repo=nonfree-fedora-nvidia-driver-39&arch=x86_64 (IP: 2607:5300:201:3100::9322) (https://mirrors.rpmfusion.org/metalink?repo=nonfree-fedora-nvidia-driver-39&arch=x86_64).
2026-07-28T21:02:30+0530 DEBUG error: Status code: 404 for https://mirrors.rpmfusion.org/metalink?repo=nonfree-fedora-nvidia-driver-39&arch=x86_64 (IP: 2607:5300:201:3100::9322) (https://mirrors.rpmfusion.org/metalink?repo=nonfree-fedora-nvidia-driver-39&arch=x86_64).
2026-07-28T21:02:30+0530 WARNING Errors during downloading metadata for repository 'rpmfusion-nonfree-nvidia-driver':
  - Status code: 404 for https://mirrors.rpmfusion.org/metalink?repo=nonfree-fedora-nvidia-driver-39&arch=x86_64 (IP: 2607:5300:201:3100::9322)
2026-07-28T21:02:30+0530 WARNING Error: Failed to download metadata for repo 'rpmfusion-nonfree-nvidia-driver': Cannot prepare internal mirrorlist: Status code: 404 for https://mirrors.rpmfusion.org/metalink?repo=nonfree-fedora-nvidia-driver-39&arch=x86_64 (IP: 2607:5300:201:3100::9322)
2026-07-28T21:02:30+0530 DEBUG reviving: 'rpmfusion-nonfree-steam' can be revived - metalink checksums match.
2026-07-28T21:02:31+0530 DEBUG rpmfusion-nonfree-steam: using metadata from Sat 23 Nov 2024 06:58:50 PM IST.
2026-07-28T21:02:31+0530 DEBUG reviving: 'rpmfusion-nonfree-updates' can be revived - metalink checksums match.
2026-07-28T21:02:31+0530 DEBUG rpmfusion-nonfree-updates: using metadata from Sat 23 Nov 2024 06:41:49 PM IST.
2026-07-28T21:02:32+0530 DEBUG reviving: 'teams-for-linux' can be revived - repomd matches.
2026-07-28T21:02:32+0530 DEBUG teams-for-linux: using metadata from Tue 21 Jul 2026 04:43:12 PM IST.
2026-07-28T21:02:32+0530 WARNING Ignoring repositories: hashicorp, rpmfusion-nonfree-nvidia-driver
2026-07-28T21:02:32+0530 DDEBUG timer: sack setup: 22431 ms
2026-07-28T21:02:32+0530 DEBUG User-Agent: constructed: 'libdnf (Fedora Linux 39; workstation; Linux.x86_64)'
2026-07-28T21:02:32+0530 DEBUG Completion plugin: Generating completion cache...
2026-07-28T21:02:34+0530 INFO Metadata cache created.
2026-07-28T21:02:34+0530 DDEBUG Cleaning up.
2026-07-28T21:02:34+0530 DDEBUG Plugins were unloaded.
2026-07-29T13:04:16+0530 INFO --- logging initialized ---
2026-07-29T13:04:16+0530 DDEBUG timer: config: 28 ms
2026-07-29T13:04:17+0530 DEBUG Loaded plugins: builddep, changelog, config-manager, copr, debug, debuginfo-install, download, generate_completion_cache, groups-manager, needs-restarting, notify-packagekit, playground, repoclosure, repodiff, repograph, repomanage, reposync, system-upgrade
2026-07-29T13:04:17+0530 DEBUG DNF version: 4.21.1
2026-07-29T13:04:17+0530 DDEBUG Command: dnf makecache --timer 
2026-07-29T13:04:17+0530 DDEBUG Installroot: /
2026-07-29T13:04:17+0530 DDEBUG Releasever: 39
2026-07-29T13:04:17+0530 DEBUG cachedir: /var/cache/dnf
2026-07-29T13:04:17+0530 DDEBUG Base command: makecache
2026-07-29T13:04:17+0530 DDEBUG Extra commands: ['makecache', '--timer']
2026-07-29T13:04:17+0530 DEBUG Making cache files for all metadata files.
2026-07-29T13:04:17+0530 DEBUG bitrix24: has expired and will be refreshed.
2026-07-29T13:04:17+0530 DEBUG brave-browser: has expired and will be refreshed.
2026-07-29T13:04:17+0530 DEBUG docker-ce-stable: has expired and will be refreshed.
2026-07-29T13:04:17+0530 DEBUG fedora: has expired and will be refreshed.
2026-07-29T13:04:17+0530 DEBUG fedora-cisco-openh264: has expired and will be refreshed.
2026-07-29T13:04:18+0530 DEBUG updates: has expired and will be refreshed.
2026-07-29T13:04:18+0530 DEBUG google-chrome: has expired and will be refreshed.
2026-07-29T13:04:18+0530 DEBUG hashicorp: has expired and will be refreshed.
2026-07-29T13:04:18+0530 DEBUG jenkins: has expired and will be refreshed.
2026-07-29T13:04:18+0530 DEBUG packages-microsoft-com-prod: has expired and will be refreshed.
2026-07-29T13:04:18+0530 DEBUG rpmfusion-free: has expired and will be refreshed.
2026-07-29T13:04:18+0530 DEBUG rpmfusion-free-updates: has expired and will be refreshed.
2026-07-29T13:04:18+0530 DEBUG rpmfusion-nonfree: has expired and will be refreshed.
2026-07-29T13:04:18+0530 DEBUG rpmfusion-nonfree-nvidia-driver: has expired and will be refreshed.
2026-07-29T13:04:18+0530 DEBUG rpmfusion-nonfree-steam: has expired and will be refreshed.
2026-07-29T13:04:18+0530 DEBUG rpmfusion-nonfree-updates: has expired and will be refreshed.
2026-07-29T13:04:18+0530 DEBUG teams-for-linux: has expired and will be refreshed.
2026-07-29T13:04:18+0530 DEBUG reviving: 'bitrix24' can be revived - repomd matches.
2026-07-29T13:04:18+0530 DEBUG bitrix24: using metadata from Mon 20 Apr 2026 09:02:48 PM IST.
2026-07-29T13:04:18+0530 DEBUG reviving: 'brave-browser' can be revived - repomd matches.
2026-07-29T13:04:18+0530 DEBUG brave-browser: using metadata from Fri 24 Jul 2026 09:34:22 PM IST.
2026-07-29T13:04:18+0530 DEBUG reviving: 'docker-ce-stable' can be revived - repomd matches.
2026-07-29T13:04:18+0530 DEBUG docker-ce-stable: using metadata from Wed 13 Nov 2024 06:00:28 PM IST.
2026-07-29T13:04:18+0530 DEBUG countme: no event for fedora: window already counted
2026-07-29T13:04:19+0530 DEBUG reviving: 'fedora' can be revived - metalink checksums match.
2026-07-29T13:04:20+0530 DEBUG fedora: using metadata from Wed 01 Nov 2023 05:42:39 AM IST.
2026-07-29T13:04:20+0530 DEBUG reviving: 'fedora-cisco-openh264' can be revived - metalink checksums match.
2026-07-29T13:04:20+0530 DEBUG fedora-cisco-openh264: using metadata from Tue 12 Mar 2024 05:43:24 PM IST.
2026-07-29T13:04:20+0530 DEBUG countme: no event for updates: window already counted
2026-07-29T13:04:20+0530 DEBUG reviving: 'updates' can be revived - metalink checksums match.
2026-07-29T13:04:22+0530 DEBUG updates: using metadata from Tue 26 Nov 2024 10:05:09 PM IST.
2026-07-29T13:04:23+0530 DEBUG reviving: failed for 'google-chrome', mismatched repomd.
2026-07-29T13:04:23+0530 DEBUG repo: downloading from remote: google-chrome
2026-07-29T13:04:24+0530 DEBUG google-chrome: using metadata from Wed 29 Jul 2026 12:34:58 PM IST.
2026-07-29T13:04:24+0530 DEBUG repo: downloading from remote: hashicorp
2026-07-29T13:04:24+0530 DEBUG error: Status code: 404 for https://rpm.releases.hashicorp.com/fedora/39/x86_64/stable/repodata/repomd.xml (IP: 2600:9000:21b4:7400:18:566b:ecc0:93a1) (https://rpm.releases.hashicorp.com/fedora/39/x86_64/stable/repodata/repomd.xml).
2026-07-29T13:04:24+0530 WARNING Errors during downloading metadata for repository 'hashicorp':
  - Status code: 404 for https://rpm.releases.hashicorp.com/fedora/39/x86_64/stable/repodata/repomd.xml (IP: 2600:9000:21b4:7400:18:566b:ecc0:93a1)
2026-07-29T13:04:24+0530 WARNING Error: Failed to download metadata for repo 'hashicorp': Cannot download repomd.xml: Status code: 404 for https://rpm.releases.hashicorp.com/fedora/39/x86_64/stable/repodata/repomd.xml (IP: 2600:9000:21b4:7400:18:566b:ecc0:93a1)
2026-07-29T13:04:24+0530 DEBUG reviving: 'jenkins' can be revived - repomd matches.
2026-07-29T13:04:24+0530 DEBUG jenkins: using metadata from Thu 09 Jul 2026 09:13:24 PM IST.
2026-07-29T13:04:26+0530 DEBUG reviving: 'packages-microsoft-com-prod' can be revived - repomd matches.
2026-07-29T13:04:26+0530 DEBUG packages-microsoft-com-prod: using metadata from Wed 22 Jul 2026 10:20:59 AM IST.
2026-07-29T13:04:27+0530 DEBUG reviving: 'rpmfusion-free' can be revived - metalink checksums match.
2026-07-29T13:04:27+0530 DEBUG rpmfusion-free: using metadata from Sat 04 Nov 2023 10:19:08 PM IST.
2026-07-29T13:04:28+0530 DEBUG reviving: 'rpmfusion-free-updates' can be revived - metalink checksums match.
2026-07-29T13:04:28+0530 DEBUG rpmfusion-free-updates: using metadata from Sat 23 Nov 2024 06:15:37 PM IST.
2026-07-29T13:04:28+0530 DEBUG reviving: 'rpmfusion-nonfree' can be revived - metalink checksums match.
2026-07-29T13:04:28+0530 DEBUG rpmfusion-nonfree: using metadata from Sat 04 Nov 2023 10:56:32 PM IST.
2026-07-29T13:04:30+0530 DEBUG error: Status code: 404 for https://mirrors.rpmfusion.org/metalink?repo=nonfree-fedora-nvidia-driver-39&arch=x86_64 (IP: 2607:5300:201:3100::9322) (https://mirrors.rpmfusion.org/metalink?repo=nonfree-fedora-nvidia-driver-39&arch=x86_64).
2026-07-29T13:04:30+0530 DEBUG error: Status code: 404 for https://mirrors.rpmfusion.org/metalink?repo=nonfree-fedora-nvidia-driver-39&arch=x86_64 (IP: 2607:5300:201:3100::9322) (https://mirrors.rpmfusion.org/metalink?repo=nonfree-fedora-nvidia-driver-39&arch=x86_64).
2026-07-29T13:04:30+0530 DEBUG error: Status code: 404 for https://mirrors.rpmfusion.org/metalink?repo=nonfree-fedora-nvidia-driver-39&arch=x86_64 (IP: 2607:5300:201:3100::9322) (https://mirrors.rpmfusion.org/metalink?repo=nonfree-fedora-nvidia-driver-39&arch=x86_64).
2026-07-29T13:04:30+0530 DEBUG error: Status code: 404 for https://mirrors.rpmfusion.org/metalink?repo=nonfree-fedora-nvidia-driver-39&arch=x86_64 (IP: 2607:5300:201:3100::9322) (https://mirrors.rpmfusion.org/metalink?repo=nonfree-fedora-nvidia-driver-39&arch=x86_64).
2026-07-29T13:04:32+0530 DEBUG error: Status code: 404 for https://mirrors.rpmfusion.org/metalink?repo=nonfree-fedora-nvidia-driver-39&arch=x86_64 (IP: 2607:5300:201:3100::9322) (https://mirrors.rpmfusion.org/metalink?repo=nonfree-fedora-nvidia-driver-39&arch=x86_64).
2026-07-29T13:04:32+0530 DEBUG error: Status code: 404 for https://mirrors.rpmfusion.org/metalink?repo=nonfree-fedora-nvidia-driver-39&arch=x86_64 (IP: 2607:5300:201:3100::9322) (https://mirrors.rpmfusion.org/metalink?repo=nonfree-fedora-nvidia-driver-39&arch=x86_64).
2026-07-29T13:04:32+0530 DEBUG error: Status code: 404 for https://mirrors.rpmfusion.org/metalink?repo=nonfree-fedora-nvidia-driver-39&arch=x86_64 (IP: 2607:5300:201:3100::9322) (https://mirrors.rpmfusion.org/metalink?repo=nonfree-fedora-nvidia-driver-39&arch=x86_64).
2026-07-29T13:04:33+0530 DEBUG error: Status code: 404 for https://mirrors.rpmfusion.org/metalink?repo=nonfree-fedora-nvidia-driver-39&arch=x86_64 (IP: 2607:5300:201:3100::9322) (https://mirrors.rpmfusion.org/metalink?repo=nonfree-fedora-nvidia-driver-39&arch=x86_64).
2026-07-29T13:04:34+0530 DEBUG error: Status code: 404 for https://mirrors.rpmfusion.org/metalink?repo=nonfree-fedora-nvidia-driver-39&arch=x86_64 (IP: 2607:5300:201:3100::9322) (https://mirrors.rpmfusion.org/metalink?repo=nonfree-fedora-nvidia-driver-39&arch=x86_64).
2026-07-29T13:04:34+0530 DEBUG error: Status code: 404 for https://mirrors.rpmfusion.org/metalink?repo=nonfree-fedora-nvidia-driver-39&arch=x86_64 (IP: 2607:5300:201:3100::9322) (https://mirrors.rpmfusion.org/metalink?repo=nonfree-fedora-nvidia-driver-39&arch=x86_64).
2026-07-29T13:04:35+0530 DEBUG error: Status code: 404 for https://mirrors.rpmfusion.org/metalink?repo=nonfree-fedora-nvidia-driver-39&arch=x86_64 (IP: 2607:5300:201:3100::9322) (https://mirrors.rpmfusion.org/metalink?repo=nonfree-fedora-nvidia-driver-39&arch=x86_64).
2026-07-29T13:04:37+0530 DEBUG error: Status code: 404 for https://mirrors.rpmfusion.org/metalink?repo=nonfree-fedora-nvidia-driver-39&arch=x86_64 (IP: 2607:5300:201:3100::9322) (https://mirrors.rpmfusion.org/metalink?repo=nonfree-fedora-nvidia-driver-39&arch=x86_64).
2026-07-29T13:04:37+0530 WARNING Errors during downloading metadata for repository 'rpmfusion-nonfree-nvidia-driver':
  - Status code: 404 for https://mirrors.rpmfusion.org/metalink?repo=nonfree-fedora-nvidia-driver-39&arch=x86_64 (IP: 2607:5300:201:3100::9322)
2026-07-29T13:04:37+0530 WARNING Error: Failed to download metadata for repo 'rpmfusion-nonfree-nvidia-driver': Cannot prepare internal mirrorlist: Status code: 404 for https://mirrors.rpmfusion.org/metalink?repo=nonfree-fedora-nvidia-driver-39&arch=x86_64 (IP: 2607:5300:201:3100::9322)
2026-07-29T13:04:38+0530 DEBUG reviving: 'rpmfusion-nonfree-steam' can be revived - metalink checksums match.
2026-07-29T13:04:38+0530 DEBUG rpmfusion-nonfree-steam: using metadata from Sat 23 Nov 2024 06:58:50 PM IST.
2026-07-29T13:04:39+0530 DEBUG reviving: 'rpmfusion-nonfree-updates' can be revived - metalink checksums match.
2026-07-29T13:04:39+0530 DEBUG rpmfusion-nonfree-updates: using metadata from Sat 23 Nov 2024 06:41:49 PM IST.
2026-07-29T13:04:39+0530 DEBUG reviving: 'teams-for-linux' can be revived - repomd matches.
2026-07-29T13:04:39+0530 DEBUG teams-for-linux: using metadata from Tue 21 Jul 2026 04:43:12 PM IST.
2026-07-29T13:04:39+0530 WARNING Ignoring repositories: hashicorp, rpmfusion-nonfree-nvidia-driver
2026-07-29T13:04:39+0530 DDEBUG timer: sack setup: 21526 ms
2026-07-29T13:04:39+0530 DEBUG User-Agent: constructed: 'libdnf (Fedora Linux 39; workstation; Linux.x86_64)'
2026-07-29T13:04:39+0530 DEBUG Completion plugin: Generating completion cache...
2026-07-29T13:04:41+0530 INFO Metadata cache created.
2026-07-29T13:04:41+0530 DDEBUG Cleaning up.
2026-07-29T13:04:41+0530 DDEBUG Plugins were unloaded.
2026-07-29T14:37:17+0530 INFO --- logging initialized ---
2026-07-29T14:37:17+0530 DDEBUG timer: config: 94 ms
2026-07-29T14:37:17+0530 DEBUG Loaded plugins: builddep, changelog, config-manager, copr, debug, debuginfo-install, download, generate_completion_cache, groups-manager, needs-restarting, notify-packagekit, playground, repoclosure, repodiff, repograph, repomanage, reposync, system-upgrade
2026-07-29T14:37:17+0530 DEBUG DNF version: 4.21.1
2026-07-29T14:37:17+0530 DDEBUG Command: dnf makecache --timer 
2026-07-29T14:37:17+0530 DDEBUG Installroot: /
2026-07-29T14:37:17+0530 DDEBUG Releasever: 39
2026-07-29T14:37:17+0530 DEBUG cachedir: /var/cache/dnf
2026-07-29T14:37:17+0530 DDEBUG Base command: makecache
2026-07-29T14:37:17+0530 DDEBUG Extra commands: ['makecache', '--timer']
2026-07-29T14:37:17+0530 DEBUG Making cache files for all metadata files.
2026-07-29T14:37:17+0530 INFO Metadata cache refreshed recently.
2026-07-29T14:37:17+0530 DDEBUG Cleaning up.
2026-07-29T14:37:17+0530 DDEBUG Plugins were unloaded.
2026-07-29T20:26:20+0530 INFO --- logging initialized ---
2026-07-29T20:26:20+0530 DDEBUG timer: config: 78 ms
2026-07-29T20:26:20+0530 DEBUG Loaded plugins: builddep, changelog, config-manager, copr, debug, debuginfo-install, download, generate_completion_cache, groups-manager, needs-restarting, notify-packagekit, playground, repoclosure, repodiff, repograph, repomanage, reposync, system-upgrade
2026-07-29T20:26:20+0530 DEBUG DNF version: 4.21.1
2026-07-29T20:26:20+0530 DDEBUG Command: dnf makecache --timer 
2026-07-29T20:26:20+0530 DDEBUG Installroot: /
2026-07-29T20:26:20+0530 DDEBUG Releasever: 39
2026-07-29T20:26:20+0530 DEBUG cachedir: /var/cache/dnf
2026-07-29T20:26:20+0530 DDEBUG Base command: makecache
2026-07-29T20:26:20+0530 DDEBUG Extra commands: ['makecache', '--timer']
2026-07-29T20:26:20+0530 DEBUG Making cache files for all metadata files.
2026-07-29T20:26:20+0530 DEBUG bitrix24: has expired and will be refreshed.
2026-07-29T20:26:20+0530 DEBUG brave-browser: has expired and will be refreshed.
2026-07-29T20:26:20+0530 DEBUG docker-ce-stable: has expired and will be refreshed.
2026-07-29T20:26:22+0530 DEBUG fedora: has expired and will be refreshed.
2026-07-29T20:26:22+0530 DEBUG fedora-cisco-openh264: has expired and will be refreshed.
2026-07-29T20:26:23+0530 DEBUG updates: has expired and will be refreshed.
2026-07-29T20:26:23+0530 DEBUG google-chrome: has expired and will be refreshed.
2026-07-29T20:26:23+0530 DEBUG hashicorp: has expired and will be refreshed.
2026-07-29T20:26:23+0530 DEBUG jenkins: has expired and will be refreshed.
2026-07-29T20:26:23+0530 DEBUG packages-microsoft-com-prod: has expired and will be refreshed.
2026-07-29T20:26:23+0530 DEBUG rpmfusion-free: has expired and will be refreshed.
2026-07-29T20:26:23+0530 DEBUG rpmfusion-free-updates: has expired and will be refreshed.
2026-07-29T20:26:23+0530 DEBUG rpmfusion-nonfree: has expired and will be refreshed.
2026-07-29T20:26:23+0530 DEBUG rpmfusion-nonfree-nvidia-driver: has expired and will be refreshed.
2026-07-29T20:26:23+0530 DEBUG rpmfusion-nonfree-steam: has expired and will be refreshed.
2026-07-29T20:26:23+0530 DEBUG rpmfusion-nonfree-updates: has expired and will be refreshed.
2026-07-29T20:26:23+0530 DEBUG teams-for-linux: has expired and will be refreshed.
2026-07-29T20:26:23+0530 DEBUG reviving: 'bitrix24' can be revived - repomd matches.
2026-07-29T20:26:23+0530 DEBUG bitrix24: using metadata from Mon 20 Apr 2026 09:02:48 PM IST.
2026-07-29T20:26:23+0530 DEBUG reviving: 'brave-browser' can be revived - repomd matches.
2026-07-29T20:26:23+0530 DEBUG brave-browser: using metadata from Fri 24 Jul 2026 09:34:22 PM IST.
2026-07-29T20:26:23+0530 DEBUG reviving: 'docker-ce-stable' can be revived - repomd matches.
2026-07-29T20:26:23+0530 DEBUG docker-ce-stable: using metadata from Wed 13 Nov 2024 06:00:28 PM IST.
2026-07-29T20:26:23+0530 DEBUG countme: no event for fedora: window already counted
2026-07-29T20:26:23+0530 DEBUG reviving: 'fedora' can be revived - metalink checksums match.
2026-07-29T20:26:25+0530 DEBUG fedora: using metadata from Wed 01 Nov 2023 05:42:39 AM IST.
2026-07-29T20:26:26+0530 DEBUG reviving: 'fedora-cisco-openh264' can be revived - metalink checksums match.
2026-07-29T20:26:26+0530 DEBUG fedora-cisco-openh264: using metadata from Tue 12 Mar 2024 05:43:24 PM IST.
2026-07-29T20:26:26+0530 DEBUG countme: no event for updates: window already counted
2026-07-29T20:26:26+0530 DEBUG reviving: 'updates' can be revived - metalink checksums match.
2026-07-29T20:26:28+0530 DEBUG updates: using metadata from Tue 26 Nov 2024 10:05:09 PM IST.
2026-07-29T20:26:28+0530 DEBUG reviving: failed for 'google-chrome', mismatched repomd.
2026-07-29T20:26:28+0530 DEBUG repo: downloading from remote: google-chrome
2026-07-29T20:26:28+0530 DEBUG google-chrome: using metadata from Wed 29 Jul 2026 04:04:59 PM IST.
2026-07-29T20:26:28+0530 DEBUG repo: downloading from remote: hashicorp
2026-07-29T20:26:29+0530 DEBUG error: Status code: 404 for https://rpm.releases.hashicorp.com/fedora/39/x86_64/stable/repodata/repomd.xml (IP: 2600:9000:21b4:c200:18:566b:ecc0:93a1) (https://rpm.releases.hashicorp.com/fedora/39/x86_64/stable/repodata/repomd.xml).
2026-07-29T20:26:29+0530 WARNING Errors during downloading metadata for repository 'hashicorp':
  - Status code: 404 for https://rpm.releases.hashicorp.com/fedora/39/x86_64/stable/repodata/repomd.xml (IP: 2600:9000:21b4:c200:18:566b:ecc0:93a1)
2026-07-29T20:26:29+0530 WARNING Error: Failed to download metadata for repo 'hashicorp': Cannot download repomd.xml: Status code: 404 for https://rpm.releases.hashicorp.com/fedora/39/x86_64/stable/repodata/repomd.xml (IP: 2600:9000:21b4:c200:18:566b:ecc0:93a1)
2026-07-29T20:26:31+0530 DEBUG reviving: 'jenkins' can be revived - repomd matches.
2026-07-29T20:26:31+0530 DEBUG jenkins: using metadata from Thu 09 Jul 2026 09:13:24 PM IST.
2026-07-29T20:26:34+0530 DEBUG reviving: 'packages-microsoft-com-prod' can be revived - repomd matches.
2026-07-29T20:26:34+0530 DEBUG packages-microsoft-com-prod: using metadata from Wed 22 Jul 2026 10:20:59 AM IST.
2026-07-29T20:26:35+0530 DEBUG reviving: 'rpmfusion-free' can be revived - metalink checksums match.
2026-07-29T20:26:35+0530 DEBUG rpmfusion-free: using metadata from Sat 04 Nov 2023 10:19:08 PM IST.
2026-07-29T20:26:35+0530 DEBUG reviving: 'rpmfusion-free-updates' can be revived - metalink checksums match.
2026-07-29T20:26:36+0530 DEBUG rpmfusion-free-updates: using metadata from Sat 23 Nov 2024 06:15:37 PM IST.
2026-07-29T20:26:36+0530 DEBUG reviving: 'rpmfusion-nonfree' can be revived - metalink checksums match.
2026-07-29T20:26:36+0530 DEBUG rpmfusion-nonfree: using metadata from Sat 04 Nov 2023 10:56:32 PM IST.
2026-07-29T20:26:37+0530 DEBUG error: Status code: 404 for https://mirrors.rpmfusion.org/metalink?repo=nonfree-fedora-nvidia-driver-39&arch=x86_64 (IP: 2607:5300:201:3100::9322) (https://mirrors.rpmfusion.org/metalink?repo=nonfree-fedora-nvidia-driver-39&arch=x86_64).
2026-07-29T20:26:38+0530 DEBUG error: Status code: 404 for https://mirrors.rpmfusion.org/metalink?repo=nonfree-fedora-nvidia-driver-39&arch=x86_64 (IP: 2607:5300:201:3100::9322) (https://mirrors.rpmfusion.org/metalink?repo=nonfree-fedora-nvidia-driver-39&arch=x86_64).
2026-07-29T20:26:38+0530 DEBUG error: Status code: 404 for https://mirrors.rpmfusion.org/metalink?repo=nonfree-fedora-nvidia-driver-39&arch=x86_64 (IP: 2607:5300:201:3100::9322) (https://mirrors.rpmfusion.org/metalink?repo=nonfree-fedora-nvidia-driver-39&arch=x86_64).
2026-07-29T20:26:38+0530 DEBUG error: Status code: 404 for https://mirrors.rpmfusion.org/metalink?repo=nonfree-fedora-nvidia-driver-39&arch=x86_64 (IP: 2607:5300:201:3100::9322) (https://mirrors.rpmfusion.org/metalink?repo=nonfree-fedora-nvidia-driver-39&arch=x86_64).
2026-07-29T20:26:39+0530 DEBUG error: Status code: 404 for https://mirrors.rpmfusion.org/metalink?repo=nonfree-fedora-nvidia-driver-39&arch=x86_64 (IP: 2607:5300:201:3100::9322) (https://mirrors.rpmfusion.org/metalink?repo=nonfree-fedora-nvidia-driver-39&arch=x86_64).
2026-07-29T20:26:40+0530 DEBUG error: Status code: 404 for https://mirrors.rpmfusion.org/metalink?repo=nonfree-fedora-nvidia-driver-39&arch=x86_64 (IP: 2607:5300:201:3100::9322) (https://mirrors.rpmfusion.org/metalink?repo=nonfree-fedora-nvidia-driver-39&arch=x86_64).
2026-07-29T20:26:40+0530 DEBUG error: Status code: 404 for https://mirrors.rpmfusion.org/metalink?repo=nonfree-fedora-nvidia-driver-39&arch=x86_64 (IP: 2607:5300:201:3100::9322) (https://mirrors.rpmfusion.org/metalink?repo=nonfree-fedora-nvidia-driver-39&arch=x86_64).
2026-07-29T20:26:40+0530 DEBUG error: Status code: 404 for https://mirrors.rpmfusion.org/metalink?repo=nonfree-fedora-nvidia-driver-39&arch=x86_64 (IP: 2607:5300:201:3100::9322) (https://mirrors.rpmfusion.org/metalink?repo=nonfree-fedora-nvidia-driver-39&arch=x86_64).
2026-07-29T20:26:41+0530 DEBUG error: Status code: 404 for https://mirrors.rpmfusion.org/metalink?repo=nonfree-fedora-nvidia-driver-39&arch=x86_64 (IP: 2607:5300:201:3100::9322) (https://mirrors.rpmfusion.org/metalink?repo=nonfree-fedora-nvidia-driver-39&arch=x86_64).
2026-07-29T20:26:42+0530 DEBUG error: Status code: 404 for https://mirrors.rpmfusion.org/metalink?repo=nonfree-fedora-nvidia-driver-39&arch=x86_64 (IP: 2607:5300:201:3100::9322) (https://mirrors.rpmfusion.org/metalink?repo=nonfree-fedora-nvidia-driver-39&arch=x86_64).
2026-07-29T20:26:42+0530 DEBUG error: Status code: 404 for https://mirrors.rpmfusion.org/metalink?repo=nonfree-fedora-nvidia-driver-39&arch=x86_64 (IP: 2607:5300:201:3100::9322) (https://mirrors.rpmfusion.org/metalink?repo=nonfree-fedora-nvidia-driver-39&arch=x86_64).
2026-07-29T20:26:42+0530 DEBUG error: Status code: 404 for https://mirrors.rpmfusion.org/metalink?repo=nonfree-fedora-nvidia-driver-39&arch=x86_64 (IP: 2607:5300:201:3100::9322) (https://mirrors.rpmfusion.org/metalink?repo=nonfree-fedora-nvidia-driver-39&arch=x86_64).
2026-07-29T20:26:42+0530 WARNING Errors during downloading metadata for repository 'rpmfusion-nonfree-nvidia-driver':
  - Status code: 404 for https://mirrors.rpmfusion.org/metalink?repo=nonfree-fedora-nvidia-driver-39&arch=x86_64 (IP: 2607:5300:201:3100::9322)
2026-07-29T20:26:42+0530 WARNING Error: Failed to download metadata for repo 'rpmfusion-nonfree-nvidia-driver': Cannot prepare internal mirrorlist: Status code: 404 for https://mirrors.rpmfusion.org/metalink?repo=nonfree-fedora-nvidia-driver-39&arch=x86_64 (IP: 2607:5300:201:3100::9322)
2026-07-29T20:26:43+0530 DEBUG reviving: 'rpmfusion-nonfree-steam' can be revived - metalink checksums match.
2026-07-29T20:26:43+0530 DEBUG rpmfusion-nonfree-steam: using metadata from Sat 23 Nov 2024 06:58:50 PM IST.
2026-07-29T20:26:43+0530 DEBUG reviving: 'rpmfusion-nonfree-updates' can be revived - metalink checksums match.
2026-07-29T20:26:43+0530 DEBUG rpmfusion-nonfree-updates: using metadata from Sat 23 Nov 2024 06:41:49 PM IST.
2026-07-29T20:26:44+0530 DEBUG reviving: 'teams-for-linux' can be revived - repomd matches.
2026-07-29T20:26:44+0530 DEBUG teams-for-linux: using metadata from Tue 21 Jul 2026 04:43:12 PM IST.
2026-07-29T20:26:44+0530 WARNING Ignoring repositories: hashicorp, rpmfusion-nonfree-nvidia-driver
2026-07-29T20:26:44+0530 DDEBUG timer: sack setup: 21200 ms
2026-07-29T20:26:44+0530 DEBUG User-Agent: constructed: 'libdnf (Fedora Linux 39; workstation; Linux.x86_64)'
2026-07-29T20:26:44+0530 DEBUG Completion plugin: Generating completion cache...
2026-07-29T20:26:46+0530 INFO Metadata cache created.
2026-07-29T20:26:46+0530 DDEBUG Cleaning up.
2026-07-29T20:26:46+0530 DDEBUG Plugins were unloaded.
2026-07-30T20:33:11+0530 INFO --- logging initialized ---
2026-07-30T20:33:11+0530 DDEBUG timer: config: 96 ms
2026-07-30T20:33:12+0530 DEBUG Loaded plugins: builddep, changelog, config-manager, copr, debug, debuginfo-install, download, generate_completion_cache, groups-manager, needs-restarting, notify-packagekit, playground, repoclosure, repodiff, repograph, repomanage, reposync, system-upgrade
2026-07-30T20:33:12+0530 DEBUG DNF version: 4.21.1
2026-07-30T20:33:12+0530 DDEBUG Command: dnf makecache --timer 
2026-07-30T20:33:12+0530 DDEBUG Installroot: /
2026-07-30T20:33:12+0530 DDEBUG Releasever: 39
2026-07-30T20:33:12+0530 DEBUG cachedir: /var/cache/dnf
2026-07-30T20:33:12+0530 DDEBUG Base command: makecache
2026-07-30T20:33:12+0530 DDEBUG Extra commands: ['makecache', '--timer']
2026-07-30T20:33:12+0530 DEBUG Making cache files for all metadata files.
2026-07-30T20:33:12+0530 INFO Metadata timer caching disabled when running on a battery.
2026-07-30T20:33:12+0530 DDEBUG Cleaning up.
2026-07-30T20:33:12+0530 DDEBUG Plugins were unloaded.
2026-08-01T18:23:11+0530 INFO --- logging initialized ---
2026-08-01T18:23:11+0530 DDEBUG timer: config: 18 ms
2026-08-01T18:23:11+0530 DEBUG Loaded plugins: builddep, changelog, config-manager, copr, debug, debuginfo-install, download, generate_completion_cache, groups-manager, needs-restarting, notify-packagekit, playground, repoclosure, repodiff, repograph, repomanage, reposync, system-upgrade
2026-08-01T18:23:11+0530 DEBUG DNF version: 4.21.1
2026-08-01T18:23:11+0530 DDEBUG Command: dnf makecache --timer 
2026-08-01T18:23:11+0530 DDEBUG Installroot: /
2026-08-01T18:23:11+0530 DDEBUG Releasever: 39
2026-08-01T18:23:11+0530 DEBUG cachedir: /var/cache/dnf
2026-08-01T18:23:11+0530 DDEBUG Base command: makecache
2026-08-01T18:23:11+0530 DDEBUG Extra commands: ['makecache', '--timer']
2026-08-01T18:23:11+0530 DEBUG Making cache files for all metadata files.
2026-08-01T18:23:11+0530 DEBUG bitrix24: has expired and will be refreshed.
2026-08-01T18:23:11+0530 DEBUG brave-browser: has expired and will be refreshed.
2026-08-01T18:23:11+0530 DEBUG docker-ce-stable: has expired and will be refreshed.
2026-08-01T18:23:14+0530 DEBUG fedora: has expired and will be refreshed.
2026-08-01T18:23:14+0530 DEBUG fedora-cisco-openh264: has expired and will be refreshed.
2026-08-01T18:23:15+0530 DEBUG updates: has expired and will be refreshed.
2026-08-01T18:23:15+0530 DEBUG google-chrome: has expired and will be refreshed.
2026-08-01T18:23:15+0530 DEBUG hashicorp: has expired and will be refreshed.
2026-08-01T18:23:15+0530 DEBUG jenkins: has expired and will be refreshed.
2026-08-01T18:23:15+0530 DEBUG packages-microsoft-com-prod: has expired and will be refreshed.
2026-08-01T18:23:15+0530 DEBUG rpmfusion-free: has expired and will be refreshed.
2026-08-01T18:23:15+0530 DEBUG rpmfusion-free-updates: has expired and will be refreshed.
2026-08-01T18:23:15+0530 DEBUG rpmfusion-nonfree: has expired and will be refreshed.
2026-08-01T18:23:15+0530 DEBUG rpmfusion-nonfree-nvidia-driver: has expired and will be refreshed.
2026-08-01T18:23:15+0530 DEBUG rpmfusion-nonfree-steam: has expired and will be refreshed.
2026-08-01T18:23:15+0530 DEBUG rpmfusion-nonfree-updates: has expired and will be refreshed.
2026-08-01T18:23:15+0530 DEBUG teams-for-linux: has expired and will be refreshed.
2026-08-01T18:23:15+0530 DEBUG reviving: 'bitrix24' can be revived - repomd matches.
2026-08-01T18:23:15+0530 DEBUG bitrix24: using metadata from Mon 20 Apr 2026 09:02:48 PM IST.
2026-08-01T18:23:15+0530 DEBUG reviving: failed for 'brave-browser', mismatched repomd.
2026-08-01T18:23:15+0530 DEBUG repo: downloading from remote: brave-browser
2026-08-01T18:23:15+0530 DEBUG brave-browser: using metadata from Fri 31 Jul 2026 12:44:04 AM IST.
2026-08-01T18:23:15+0530 DEBUG reviving: 'docker-ce-stable' can be revived - repomd matches.
2026-08-01T18:23:15+0530 DEBUG docker-ce-stable: using metadata from Wed 13 Nov 2024 06:00:28 PM IST.
2026-08-01T18:23:15+0530 DEBUG countme: no event for fedora: window already counted
2026-08-01T18:23:16+0530 DEBUG reviving: 'fedora' can be revived - metalink checksums match.
2026-08-01T18:23:18+0530 DEBUG fedora: using metadata from Wed 01 Nov 2023 05:42:39 AM IST.
2026-08-01T18:23:18+0530 DEBUG reviving: 'fedora-cisco-openh264' can be revived - metalink checksums match.
2026-08-01T18:23:18+0530 DEBUG fedora-cisco-openh264: using metadata from Tue 12 Mar 2024 05:43:24 PM IST.
2026-08-01T18:23:18+0530 DEBUG countme: no event for updates: window already counted
2026-08-01T18:23:18+0530 DEBUG reviving: 'updates' can be revived - metalink checksums match.
2026-08-01T18:23:20+0530 DEBUG updates: using metadata from Tue 26 Nov 2024 10:05:09 PM IST.
2026-08-01T18:23:21+0530 DEBUG reviving: failed for 'google-chrome', mismatched repomd.
2026-08-01T18:23:21+0530 DEBUG repo: downloading from remote: google-chrome
2026-08-01T18:23:22+0530 DEBUG google-chrome: using metadata from Sat 01 Aug 2026 03:28:22 PM IST.
2026-08-01T18:23:22+0530 DEBUG repo: downloading from remote: hashicorp
2026-08-01T18:23:23+0530 DEBUG error: Status code: 404 for https://rpm.releases.hashicorp.com/fedora/39/x86_64/stable/repodata/repomd.xml (IP: 2600:9000:21b4:c200:18:566b:ecc0:93a1) (https://rpm.releases.hashicorp.com/fedora/39/x86_64/stable/repodata/repomd.xml).
2026-08-01T18:23:23+0530 WARNING Errors during downloading metadata for repository 'hashicorp':
  - Status code: 404 for https://rpm.releases.hashicorp.com/fedora/39/x86_64/stable/repodata/repomd.xml (IP: 2600:9000:21b4:c200:18:566b:ecc0:93a1)
2026-08-01T18:23:23+0530 WARNING Error: Failed to download metadata for repo 'hashicorp': Cannot download repomd.xml: Status code: 404 for https://rpm.releases.hashicorp.com/fedora/39/x86_64/stable/repodata/repomd.xml (IP: 2600:9000:21b4:c200:18:566b:ecc0:93a1)
2026-08-01T18:23:23+0530 DEBUG reviving: 'jenkins' can be revived - repomd matches.
2026-08-01T18:23:23+0530 DEBUG jenkins: using metadata from Thu 09 Jul 2026 09:13:24 PM IST.
2026-08-01T18:23:25+0530 DEBUG reviving: failed for 'packages-microsoft-com-prod', mismatched repomd.
2026-08-01T18:23:25+0530 DEBUG repo: downloading from remote: packages-microsoft-com-prod
2026-08-01T18:23:28+0530 DEBUG packages-microsoft-com-prod: using metadata from Thu 30 Jul 2026 05:19:26 PM IST.
2026-08-01T18:23:29+0530 DEBUG reviving: 'rpmfusion-free' can be revived - metalink checksums match.
2026-08-01T18:23:29+0530 DEBUG rpmfusion-free: using metadata from Sat 04 Nov 2023 10:19:08 PM IST.
2026-08-01T18:23:30+0530 DEBUG reviving: 'rpmfusion-free-updates' can be revived - metalink checksums match.
2026-08-01T18:23:30+0530 DEBUG rpmfusion-free-updates: using metadata from Sat 23 Nov 2024 06:15:37 PM IST.
2026-08-01T18:23:31+0530 DEBUG reviving: 'rpmfusion-nonfree' can be revived - metalink checksums match.
2026-08-01T18:23:31+0530 DEBUG rpmfusion-nonfree: using metadata from Sat 04 Nov 2023 10:56:32 PM IST.
2026-08-01T18:23:33+0530 DEBUG error: Status code: 404 for https://mirrors.rpmfusion.org/metalink?repo=nonfree-fedora-nvidia-driver-39&arch=x86_64 (IP: 2607:5300:201:3100::9322) (https://mirrors.rpmfusion.org/metalink?repo=nonfree-fedora-nvidia-driver-39&arch=x86_64).
2026-08-01T18:23:33+0530 DEBUG error: Status code: 404 for https://mirrors.rpmfusion.org/metalink?repo=nonfree-fedora-nvidia-driver-39&arch=x86_64 (IP: 2607:5300:201:3100::9322) (https://mirrors.rpmfusion.org/metalink?repo=nonfree-fedora-nvidia-driver-39&arch=x86_64).
2026-08-01T18:23:34+0530 DEBUG error: Status code: 404 for https://mirrors.rpmfusion.org/metalink?repo=nonfree-fedora-nvidia-driver-39&arch=x86_64 (IP: 2607:5300:201:3100::9322) (https://mirrors.rpmfusion.org/metalink?repo=nonfree-fedora-nvidia-driver-39&arch=x86_64).
2026-08-01T18:23:35+0530 DEBUG error: Status code: 404 for https://mirrors.rpmfusion.org/metalink?repo=nonfree-fedora-nvidia-driver-39&arch=x86_64 (IP: 2607:5300:201:3100::9322) (https://mirrors.rpmfusion.org/metalink?repo=nonfree-fedora-nvidia-driver-39&arch=x86_64).
2026-08-01T18:23:37+0530 DEBUG error: Status code: 404 for https://mirrors.rpmfusion.org/metalink?repo=nonfree-fedora-nvidia-driver-39&arch=x86_64 (IP: 2607:5300:201:3100::9322) (https://mirrors.rpmfusion.org/metalink?repo=nonfree-fedora-nvidia-driver-39&arch=x86_64).
2026-08-01T18:23:38+0530 DEBUG error: Status code: 404 for https://mirrors.rpmfusion.org/metalink?repo=nonfree-fedora-nvidia-driver-39&arch=x86_64 (IP: 2607:5300:201:3100::9322) (https://mirrors.rpmfusion.org/metalink?repo=nonfree-fedora-nvidia-driver-39&arch=x86_64).
2026-08-01T18:23:39+0530 DEBUG error: Status code: 404 for https://mirrors.rpmfusion.org/metalink?repo=nonfree-fedora-nvidia-driver-39&arch=x86_64 (IP: 2607:5300:201:3100::9322) (https://mirrors.rpmfusion.org/metalink?repo=nonfree-fedora-nvidia-driver-39&arch=x86_64).
2026-08-01T18:23:39+0530 DEBUG error: Status code: 404 for https://mirrors.rpmfusion.org/metalink?repo=nonfree-fedora-nvidia-driver-39&arch=x86_64 (IP: 2607:5300:201:3100::9322) (https://mirrors.rpmfusion.org/metalink?repo=nonfree-fedora-nvidia-driver-39&arch=x86_64).
2026-08-01T18:23:41+0530 DEBUG error: Status code: 404 for https://mirrors.rpmfusion.org/metalink?repo=nonfree-fedora-nvidia-driver-39&arch=x86_64 (IP: 2607:5300:201:3100::9322) (https://mirrors.rpmfusion.org/metalink?repo=nonfree-fedora-nvidia-driver-39&arch=x86_64).
2026-08-01T18:23:41+0530 DEBUG error: Status code: 404 for https://mirrors.rpmfusion.org/metalink?repo=nonfree-fedora-nvidia-driver-39&arch=x86_64 (IP: 2607:5300:201:3100::9322) (https://mirrors.rpmfusion.org/metalink?repo=nonfree-fedora-nvidia-driver-39&arch=x86_64).
2026-08-01T18:23:44+0530 DEBUG error: Status code: 404 for https://mirrors.rpmfusion.org/metalink?repo=nonfree-fedora-nvidia-driver-39&arch=x86_64 (IP: 2607:5300:201:3100::9322) (https://mirrors.rpmfusion.org/metalink?repo=nonfree-fedora-nvidia-driver-39&arch=x86_64).
2026-08-01T18:23:48+0530 DEBUG error: Status code: 404 for https://mirrors.rpmfusion.org/metalink?repo=nonfree-fedora-nvidia-driver-39&arch=x86_64 (IP: 2607:5300:201:3100::9322) (https://mirrors.rpmfusion.org/metalink?repo=nonfree-fedora-nvidia-driver-39&arch=x86_64).
2026-08-01T18:23:48+0530 WARNING Errors during downloading metadata for repository 'rpmfusion-nonfree-nvidia-driver':
  - Status code: 404 for https://mirrors.rpmfusion.org/metalink?repo=nonfree-fedora-nvidia-driver-39&arch=x86_64 (IP: 2607:5300:201:3100::9322)
2026-08-01T18:23:48+0530 WARNING Error: Failed to download metadata for repo 'rpmfusion-nonfree-nvidia-driver': Cannot prepare internal mirrorlist: Status code: 404 for https://mirrors.rpmfusion.org/metalink?repo=nonfree-fedora-nvidia-driver-39&arch=x86_64 (IP: 2607:5300:201:3100::9322)
2026-08-01T18:23:49+0530 DEBUG reviving: 'rpmfusion-nonfree-steam' can be revived - metalink checksums match.
2026-08-01T18:23:49+0530 DEBUG rpmfusion-nonfree-steam: using metadata from Sat 23 Nov 2024 06:58:50 PM IST.
2026-08-01T18:23:50+0530 DEBUG reviving: 'rpmfusion-nonfree-updates' can be revived - metalink checksums match.
2026-08-01T18:23:50+0530 DEBUG rpmfusion-nonfree-updates: using metadata from Sat 23 Nov 2024 06:41:49 PM IST.
2026-08-01T18:23:50+0530 DEBUG reviving: 'teams-for-linux' can be revived - repomd matches.
2026-08-01T18:23:50+0530 DEBUG teams-for-linux: using metadata from Tue 21 Jul 2026 04:43:12 PM IST.
2026-08-01T18:23:50+0530 WARNING Ignoring repositories: hashicorp, rpmfusion-nonfree-nvidia-driver
2026-08-01T18:23:50+0530 DDEBUG timer: sack setup: 35269 ms
2026-08-01T18:23:50+0530 DEBUG User-Agent: constructed: 'libdnf (Fedora Linux 39; workstation; Linux.x86_64)'
2026-08-01T18:23:50+0530 DEBUG Completion plugin: Generating completion cache...
2026-08-01T18:23:52+0530 INFO Metadata cache created.
2026-08-01T18:23:52+0530 DDEBUG Cleaning up.
2026-08-01T18:23:52+0530 DDEBUG Plugins were unloaded.
2026-08-01T19:44:11+0530 INFO --- logging initialized ---
2026-08-01T19:44:11+0530 DDEBUG timer: config: 81 ms
2026-08-01T19:44:11+0530 DEBUG Loaded plugins: builddep, changelog, config-manager, copr, debug, debuginfo-install, download, generate_completion_cache, groups-manager, needs-restarting, notify-packagekit, playground, repoclosure, repodiff, repograph, repomanage, reposync, system-upgrade
2026-08-01T19:44:11+0530 DEBUG DNF version: 4.21.1
2026-08-01T19:44:11+0530 DDEBUG Command: dnf makecache --timer 
2026-08-01T19:44:11+0530 DDEBUG Installroot: /
2026-08-01T19:44:11+0530 DDEBUG Releasever: 39
2026-08-01T19:44:11+0530 DEBUG cachedir: /var/cache/dnf
2026-08-01T19:44:11+0530 DDEBUG Base command: makecache
2026-08-01T19:44:11+0530 DDEBUG Extra commands: ['makecache', '--timer']
2026-08-01T19:44:11+0530 DEBUG Making cache files for all metadata files.
2026-08-01T19:44:11+0530 INFO Metadata cache refreshed recently.
2026-08-01T19:44:11+0530 DDEBUG Cleaning up.
2026-08-01T19:44:11+0530 DDEBUG Plugins were unloaded.
2026-08-03T13:24:45+0530 INFO --- logging initialized ---
2026-08-03T13:24:45+0530 DDEBUG timer: config: 130 ms
2026-08-03T13:24:45+0530 DEBUG Loaded plugins: builddep, changelog, config-manager, copr, debug, debuginfo-install, download, generate_completion_cache, groups-manager, needs-restarting, notify-packagekit, playground, repoclosure, repodiff, repograph, repomanage, reposync, system-upgrade
2026-08-03T13:24:45+0530 DEBUG DNF version: 4.21.1
2026-08-03T13:24:45+0530 DDEBUG Command: dnf makecache --timer 
2026-08-03T13:24:45+0530 DDEBUG Installroot: /
2026-08-03T13:24:45+0530 DDEBUG Releasever: 39
2026-08-03T13:24:45+0530 DEBUG cachedir: /var/cache/dnf
2026-08-03T13:24:45+0530 DDEBUG Base command: makecache
2026-08-03T13:24:45+0530 DDEBUG Extra commands: ['makecache', '--timer']
2026-08-03T13:24:45+0530 DEBUG Making cache files for all metadata files.
2026-08-03T13:24:45+0530 DEBUG bitrix24: has expired and will be refreshed.
2026-08-03T13:24:45+0530 DEBUG brave-browser: has expired and will be refreshed.
2026-08-03T13:24:45+0530 DEBUG docker-ce-stable: has expired and will be refreshed.
2026-08-03T13:24:48+0530 DEBUG fedora: has expired and will be refreshed.
2026-08-03T13:24:48+0530 DEBUG fedora-cisco-openh264: has expired and will be refreshed.
2026-08-03T13:24:48+0530 DEBUG updates: has expired and will be refreshed.
2026-08-03T13:24:48+0530 DEBUG google-chrome: has expired and will be refreshed.
2026-08-03T13:24:48+0530 DEBUG hashicorp: has expired and will be refreshed.
2026-08-03T13:24:48+0530 DEBUG jenkins: has expired and will be refreshed.
2026-08-03T13:24:48+0530 DEBUG packages-microsoft-com-prod: has expired and will be refreshed.
2026-08-03T13:24:48+0530 DEBUG rpmfusion-free: has expired and will be refreshed.
2026-08-03T13:24:48+0530 DEBUG rpmfusion-free-updates: has expired and will be refreshed.
2026-08-03T13:24:48+0530 DEBUG rpmfusion-nonfree: has expired and will be refreshed.
2026-08-03T13:24:48+0530 DEBUG rpmfusion-nonfree-nvidia-driver: has expired and will be refreshed.
2026-08-03T13:24:48+0530 DEBUG rpmfusion-nonfree-steam: has expired and will be refreshed.
2026-08-03T13:24:48+0530 DEBUG rpmfusion-nonfree-updates: has expired and will be refreshed.
2026-08-03T13:24:48+0530 DEBUG teams-for-linux: has expired and will be refreshed.
2026-08-03T13:24:48+0530 DEBUG reviving: 'bitrix24' can be revived - repomd matches.
2026-08-03T13:24:48+0530 DEBUG bitrix24: using metadata from Mon 20 Apr 2026 09:02:48 PM IST.
2026-08-03T13:24:48+0530 DEBUG reviving: 'brave-browser' can be revived - repomd matches.
2026-08-03T13:24:48+0530 DEBUG brave-browser: using metadata from Fri 31 Jul 2026 12:44:04 AM IST.
2026-08-03T13:24:49+0530 DEBUG reviving: 'docker-ce-stable' can be revived - repomd matches.
2026-08-03T13:24:49+0530 DEBUG docker-ce-stable: using metadata from Wed 13 Nov 2024 06:00:28 PM IST.
2026-08-03T13:24:49+0530 DEBUG countme: no event for fedora: window already counted
2026-08-03T13:24:49+0530 DEBUG reviving: 'fedora' can be revived - metalink checksums match.
2026-08-03T13:24:50+0530 DEBUG fedora: using metadata from Wed 01 Nov 2023 05:42:39 AM IST.
2026-08-03T13:24:50+0530 DEBUG reviving: 'fedora-cisco-openh264' can be revived - metalink checksums match.
2026-08-03T13:24:50+0530 DEBUG fedora-cisco-openh264: using metadata from Tue 12 Mar 2024 05:43:24 PM IST.
2026-08-03T13:24:50+0530 DEBUG countme: no event for updates: window already counted
2026-08-03T13:24:51+0530 DEBUG reviving: 'updates' can be revived - metalink checksums match.
2026-08-03T13:24:52+0530 DEBUG updates: using metadata from Tue 26 Nov 2024 10:05:09 PM IST.
2026-08-03T13:24:52+0530 DEBUG reviving: failed for 'google-chrome', mismatched repomd.
2026-08-03T13:24:52+0530 DEBUG repo: downloading from remote: google-chrome
2026-08-03T13:24:53+0530 DEBUG google-chrome: using metadata from Mon 03 Aug 2026 02:29:55 AM IST.
2026-08-03T13:24:53+0530 DEBUG repo: downloading from remote: hashicorp
2026-08-03T13:24:53+0530 DEBUG error: Status code: 404 for https://rpm.releases.hashicorp.com/fedora/39/x86_64/stable/repodata/repomd.xml (IP: 108.159.91.91) (https://rpm.releases.hashicorp.com/fedora/39/x86_64/stable/repodata/repomd.xml).
2026-08-03T13:24:53+0530 WARNING Errors during downloading metadata for repository 'hashicorp':
  - Status code: 404 for https://rpm.releases.hashicorp.com/fedora/39/x86_64/stable/repodata/repomd.xml (IP: 108.159.91.91)
2026-08-03T13:24:53+0530 WARNING Error: Failed to download metadata for repo 'hashicorp': Cannot download repomd.xml: Status code: 404 for https://rpm.releases.hashicorp.com/fedora/39/x86_64/stable/repodata/repomd.xml (IP: 108.159.91.91)
2026-08-03T13:24:54+0530 DEBUG reviving: 'jenkins' can be revived - repomd matches.
2026-08-03T13:24:54+0530 DEBUG jenkins: using metadata from Thu 09 Jul 2026 09:13:24 PM IST.
2026-08-03T13:24:56+0530 DEBUG reviving: 'packages-microsoft-com-prod' can be revived - repomd matches.
2026-08-03T13:24:56+0530 DEBUG packages-microsoft-com-prod: using metadata from Thu 30 Jul 2026 05:19:26 PM IST.
2026-08-03T13:24:57+0530 DEBUG reviving: 'rpmfusion-free' can be revived - metalink checksums match.
2026-08-03T13:24:57+0530 DEBUG rpmfusion-free: using metadata from Sat 04 Nov 2023 10:19:08 PM IST.
2026-08-03T13:24:58+0530 DEBUG reviving: 'rpmfusion-free-updates' can be revived - metalink checksums match.
2026-08-03T13:24:58+0530 DEBUG rpmfusion-free-updates: using metadata from Sat 23 Nov 2024 06:15:37 PM IST.
2026-08-03T13:24:58+0530 DEBUG reviving: 'rpmfusion-nonfree' can be revived - metalink checksums match.
2026-08-03T13:24:58+0530 DEBUG rpmfusion-nonfree: using metadata from Sat 04 Nov 2023 10:56:32 PM IST.
2026-08-03T13:25:00+0530 DEBUG error: Status code: 404 for https://mirrors.rpmfusion.org/metalink?repo=nonfree-fedora-nvidia-driver-39&arch=x86_64 (IP: 158.69.60.128) (https://mirrors.rpmfusion.org/metalink?repo=nonfree-fedora-nvidia-driver-39&arch=x86_64).
2026-08-03T13:25:01+0530 DEBUG error: Status code: 404 for https://mirrors.rpmfusion.org/metalink?repo=nonfree-fedora-nvidia-driver-39&arch=x86_64 (IP: 158.69.60.128) (https://mirrors.rpmfusion.org/metalink?repo=nonfree-fedora-nvidia-driver-39&arch=x86_64).
2026-08-03T13:25:03+0530 DEBUG error: Status code: 404 for https://mirrors.rpmfusion.org/metalink?repo=nonfree-fedora-nvidia-driver-39&arch=x86_64 (IP: 158.69.60.128) (https://mirrors.rpmfusion.org/metalink?repo=nonfree-fedora-nvidia-driver-39&arch=x86_64).
2026-08-03T13:25:04+0530 DEBUG error: Status code: 404 for https://mirrors.rpmfusion.org/metalink?repo=nonfree-fedora-nvidia-driver-39&arch=x86_64 (IP: 158.69.60.128) (https://mirrors.rpmfusion.org/metalink?repo=nonfree-fedora-nvidia-driver-39&arch=x86_64).
2026-08-03T13:25:05+0530 DEBUG error: Status code: 404 for https://mirrors.rpmfusion.org/metalink?repo=nonfree-fedora-nvidia-driver-39&arch=x86_64 (IP: 78.47.223.143) (https://mirrors.rpmfusion.org/metalink?repo=nonfree-fedora-nvidia-driver-39&arch=x86_64).
2026-08-03T13:25:06+0530 DEBUG error: Status code: 404 for https://mirrors.rpmfusion.org/metalink?repo=nonfree-fedora-nvidia-driver-39&arch=x86_64 (IP: 78.47.223.143) (https://mirrors.rpmfusion.org/metalink?repo=nonfree-fedora-nvidia-driver-39&arch=x86_64).
2026-08-03T13:25:06+0530 DEBUG error: Status code: 404 for https://mirrors.rpmfusion.org/metalink?repo=nonfree-fedora-nvidia-driver-39&arch=x86_64 (IP: 78.47.223.143) (https://mirrors.rpmfusion.org/metalink?repo=nonfree-fedora-nvidia-driver-39&arch=x86_64).
2026-08-03T13:25:06+0530 DEBUG error: Status code: 404 for https://mirrors.rpmfusion.org/metalink?repo=nonfree-fedora-nvidia-driver-39&arch=x86_64 (IP: 78.47.223.143) (https://mirrors.rpmfusion.org/metalink?repo=nonfree-fedora-nvidia-driver-39&arch=x86_64).
2026-08-03T13:25:08+0530 DEBUG error: Status code: 404 for https://mirrors.rpmfusion.org/metalink?repo=nonfree-fedora-nvidia-driver-39&arch=x86_64 (IP: 158.69.60.128) (https://mirrors.rpmfusion.org/metalink?repo=nonfree-fedora-nvidia-driver-39&arch=x86_64).
2026-08-03T13:25:09+0530 DEBUG error: Status code: 404 for https://mirrors.rpmfusion.org/metalink?repo=nonfree-fedora-nvidia-driver-39&arch=x86_64 (IP: 158.69.60.128) (https://mirrors.rpmfusion.org/metalink?repo=nonfree-fedora-nvidia-driver-39&arch=x86_64).
2026-08-03T13:25:10+0530 DEBUG error: Status code: 404 for https://mirrors.rpmfusion.org/metalink?repo=nonfree-fedora-nvidia-driver-39&arch=x86_64 (IP: 158.69.60.128) (https://mirrors.rpmfusion.org/metalink?repo=nonfree-fedora-nvidia-driver-39&arch=x86_64).
2026-08-03T13:25:10+0530 DEBUG error: Status code: 404 for https://mirrors.rpmfusion.org/metalink?repo=nonfree-fedora-nvidia-driver-39&arch=x86_64 (IP: 158.69.60.128) (https://mirrors.rpmfusion.org/metalink?repo=nonfree-fedora-nvidia-driver-39&arch=x86_64).
2026-08-03T13:25:10+0530 WARNING Errors during downloading metadata for repository 'rpmfusion-nonfree-nvidia-driver':
  - Status code: 404 for https://mirrors.rpmfusion.org/metalink?repo=nonfree-fedora-nvidia-driver-39&arch=x86_64 (IP: 78.47.223.143)
  - Status code: 404 for https://mirrors.rpmfusion.org/metalink?repo=nonfree-fedora-nvidia-driver-39&arch=x86_64 (IP: 158.69.60.128)
2026-08-03T13:25:10+0530 WARNING Error: Failed to download metadata for repo 'rpmfusion-nonfree-nvidia-driver': Cannot prepare internal mirrorlist: Status code: 404 for https://mirrors.rpmfusion.org/metalink?repo=nonfree-fedora-nvidia-driver-39&arch=x86_64 (IP: 158.69.60.128)
2026-08-03T13:25:11+0530 DEBUG reviving: 'rpmfusion-nonfree-steam' can be revived - metalink checksums match.
2026-08-03T13:25:11+0530 DEBUG rpmfusion-nonfree-steam: using metadata from Sat 23 Nov 2024 06:58:50 PM IST.
2026-08-03T13:25:12+0530 DEBUG reviving: 'rpmfusion-nonfree-updates' can be revived - metalink checksums match.
2026-08-03T13:25:12+0530 DEBUG rpmfusion-nonfree-updates: using metadata from Sat 23 Nov 2024 06:41:49 PM IST.
2026-08-03T13:25:12+0530 DEBUG reviving: failed for 'teams-for-linux', mismatched repomd.
2026-08-03T13:25:12+0530 DEBUG repo: downloading from remote: teams-for-linux
2026-08-03T13:25:14+0530 DEBUG teams-for-linux: using metadata from Sun 02 Aug 2026 02:43:13 PM IST.
2026-08-03T13:25:14+0530 WARNING Ignoring repositories: hashicorp, rpmfusion-nonfree-nvidia-driver
2026-08-03T13:25:14+0530 DDEBUG timer: sack setup: 25608 ms
2026-08-03T13:25:14+0530 DEBUG User-Agent: constructed: 'libdnf (Fedora Linux 39; workstation; Linux.x86_64)'
2026-08-03T13:25:14+0530 DEBUG Completion plugin: Generating completion cache...
2026-08-03T13:25:15+0530 INFO Metadata cache created.
2026-08-03T13:25:15+0530 DDEBUG Cleaning up.
2026-08-03T13:25:15+0530 DDEBUG Plugins were unloaded.
2026-08-03T15:17:58+0530 INFO --- logging initialized ---
2026-08-03T15:17:58+0530 DDEBUG timer: config: 100 ms
2026-08-03T15:17:58+0530 DEBUG Loaded plugins: builddep, changelog, config-manager, copr, debug, debuginfo-install, download, generate_completion_cache, groups-manager, needs-restarting, notify-packagekit, playground, repoclosure, repodiff, repograph, repomanage, reposync, system-upgrade
2026-08-03T15:17:58+0530 DEBUG DNF version: 4.21.1
2026-08-03T15:17:58+0530 DDEBUG Command: dnf makecache --timer 
2026-08-03T15:17:58+0530 DDEBUG Installroot: /
2026-08-03T15:17:58+0530 DDEBUG Releasever: 39
2026-08-03T15:17:58+0530 DEBUG cachedir: /var/cache/dnf
2026-08-03T15:17:58+0530 DDEBUG Base command: makecache
2026-08-03T15:17:58+0530 DDEBUG Extra commands: ['makecache', '--timer']
2026-08-03T15:17:58+0530 DEBUG Making cache files for all metadata files.
2026-08-03T15:17:58+0530 INFO Metadata cache refreshed recently.
2026-08-03T15:17:58+0530 DDEBUG Cleaning up.
2026-08-03T15:17:58+0530 DDEBUG Plugins were unloaded.
2026-08-03T17:00:56+0530 INFO --- logging initialized ---
2026-08-03T17:00:56+0530 DDEBUG timer: config: 5 ms
2026-08-03T17:00:56+0530 DEBUG Loaded plugins: builddep, changelog, config-manager, copr, debug, debuginfo-install, download, generate_completion_cache, groups-manager, needs-restarting, notify-packagekit, playground, repoclosure, repodiff, repograph, repomanage, reposync, system-upgrade
2026-08-03T17:00:56+0530 DEBUG DNF version: 4.21.1
2026-08-03T17:00:56+0530 DDEBUG Command: dnf makecache --timer 
2026-08-03T17:00:56+0530 DDEBUG Installroot: /
2026-08-03T17:00:56+0530 DDEBUG Releasever: 39
2026-08-03T17:00:56+0530 DEBUG cachedir: /var/cache/dnf
2026-08-03T17:00:56+0530 DDEBUG Base command: makecache
2026-08-03T17:00:56+0530 DDEBUG Extra commands: ['makecache', '--timer']
2026-08-03T17:00:56+0530 DEBUG Making cache files for all metadata files.
2026-08-03T17:00:56+0530 DEBUG bitrix24: has expired and will be refreshed.
2026-08-03T17:00:56+0530 DEBUG brave-browser: has expired and will be refreshed.
2026-08-03T17:00:56+0530 DEBUG docker-ce-stable: has expired and will be refreshed.
2026-08-03T17:01:00+0530 DEBUG fedora: has expired and will be refreshed.
2026-08-03T17:01:00+0530 DEBUG fedora-cisco-openh264: has expired and will be refreshed.
2026-08-03T17:01:01+0530 DEBUG updates: has expired and will be refreshed.
2026-08-03T17:01:01+0530 DEBUG google-chrome: has expired and will be refreshed.
2026-08-03T17:01:01+0530 DEBUG hashicorp: has expired and will be refreshed.
2026-08-03T17:01:01+0530 DEBUG jenkins: has expired and will be refreshed.
2026-08-03T17:01:01+0530 DEBUG packages-microsoft-com-prod: has expired and will be refreshed.
2026-08-03T17:01:01+0530 DEBUG rpmfusion-free: has expired and will be refreshed.
2026-08-03T17:01:01+0530 DEBUG rpmfusion-free-updates: has expired and will be refreshed.
2026-08-03T17:01:01+0530 DEBUG rpmfusion-nonfree: has expired and will be refreshed.
2026-08-03T17:01:01+0530 DEBUG rpmfusion-nonfree-nvidia-driver: has expired and will be refreshed.
2026-08-03T17:01:01+0530 DEBUG rpmfusion-nonfree-steam: has expired and will be refreshed.
2026-08-03T17:01:01+0530 DEBUG rpmfusion-nonfree-updates: has expired and will be refreshed.
2026-08-03T17:01:01+0530 DEBUG teams-for-linux: has expired and will be refreshed.
2026-08-03T17:01:01+0530 DEBUG reviving: 'bitrix24' can be revived - repomd matches.
2026-08-03T17:01:01+0530 DEBUG bitrix24: using metadata from Mon 20 Apr 2026 09:02:48 PM IST.
2026-08-03T17:01:01+0530 DEBUG reviving: 'brave-browser' can be revived - repomd matches.
2026-08-03T17:01:01+0530 DEBUG brave-browser: using metadata from Fri 31 Jul 2026 12:44:04 AM IST.
2026-08-03T17:01:01+0530 DEBUG reviving: 'docker-ce-stable' can be revived - repomd matches.
2026-08-03T17:01:01+0530 DEBUG docker-ce-stable: using metadata from Wed 13 Nov 2024 06:00:28 PM IST.
2026-08-03T17:01:01+0530 DEBUG countme: no event for fedora: window already counted
2026-08-03T17:01:01+0530 DEBUG reviving: 'fedora' can be revived - metalink checksums match.
2026-08-03T17:01:05+0530 DEBUG fedora: using metadata from Wed 01 Nov 2023 05:42:39 AM IST.
2026-08-03T17:01:05+0530 DEBUG reviving: 'fedora-cisco-openh264' can be revived - metalink checksums match.
2026-08-03T17:01:06+0530 DEBUG fedora-cisco-openh264: using metadata from Tue 12 Mar 2024 05:43:24 PM IST.
2026-08-03T17:01:06+0530 DEBUG countme: no event for updates: window already counted
2026-08-03T17:01:06+0530 DEBUG reviving: 'updates' can be revived - metalink checksums match.
2026-08-03T17:01:09+0530 DEBUG updates: using metadata from Tue 26 Nov 2024 10:05:09 PM IST.
2026-08-03T17:01:09+0530 DEBUG reviving: failed for 'google-chrome', mismatched repomd.
2026-08-03T17:01:09+0530 DEBUG repo: downloading from remote: google-chrome
2026-08-03T17:01:10+0530 DEBUG google-chrome: using metadata from Mon 03 Aug 2026 04:04:35 PM IST.
2026-08-03T17:01:10+0530 DEBUG repo: downloading from remote: hashicorp
2026-08-03T17:01:11+0530 DEBUG error: Status code: 404 for https://rpm.releases.hashicorp.com/fedora/39/x86_64/stable/repodata/repomd.xml (IP: 108.159.91.96) (https://rpm.releases.hashicorp.com/fedora/39/x86_64/stable/repodata/repomd.xml).
2026-08-03T17:01:11+0530 WARNING Errors during downloading metadata for repository 'hashicorp':
  - Status code: 404 for https://rpm.releases.hashicorp.com/fedora/39/x86_64/stable/repodata/repomd.xml (IP: 108.159.91.96)
2026-08-03T17:01:11+0530 WARNING Error: Failed to download metadata for repo 'hashicorp': Cannot download repomd.xml: Status code: 404 for https://rpm.releases.hashicorp.com/fedora/39/x86_64/stable/repodata/repomd.xml (IP: 108.159.91.96)
2026-08-03T17:01:12+0530 DEBUG reviving: 'jenkins' can be revived - repomd matches.
2026-08-03T17:01:12+0530 DEBUG jenkins: using metadata from Thu 09 Jul 2026 09:13:24 PM IST.
2026-08-03T17:01:13+0530 DEBUG reviving: 'packages-microsoft-com-prod' can be revived - repomd matches.
2026-08-03T17:01:14+0530 DEBUG packages-microsoft-com-prod: using metadata from Thu 30 Jul 2026 05:19:26 PM IST.
2026-08-03T17:01:14+0530 DEBUG reviving: 'rpmfusion-free' can be revived - metalink checksums match.
2026-08-03T17:01:15+0530 DEBUG rpmfusion-free: using metadata from Sat 04 Nov 2023 10:19:08 PM IST.
2026-08-03T17:01:15+0530 DEBUG reviving: 'rpmfusion-free-updates' can be revived - metalink checksums match.
2026-08-03T17:01:15+0530 DEBUG rpmfusion-free-updates: using metadata from Sat 23 Nov 2024 06:15:37 PM IST.
2026-08-03T17:01:16+0530 DEBUG reviving: 'rpmfusion-nonfree' can be revived - metalink checksums match.
2026-08-03T17:01:17+0530 DEBUG rpmfusion-nonfree: using metadata from Sat 04 Nov 2023 10:56:32 PM IST.
2026-08-03T17:01:18+0530 DEBUG error: Status code: 404 for https://mirrors.rpmfusion.org/metalink?repo=nonfree-fedora-nvidia-driver-39&arch=x86_64 (IP: 158.69.60.128) (https://mirrors.rpmfusion.org/metalink?repo=nonfree-fedora-nvidia-driver-39&arch=x86_64).
2026-08-03T17:01:19+0530 DEBUG error: Status code: 404 for https://mirrors.rpmfusion.org/metalink?repo=nonfree-fedora-nvidia-driver-39&arch=x86_64 (IP: 158.69.60.128) (https://mirrors.rpmfusion.org/metalink?repo=nonfree-fedora-nvidia-driver-39&arch=x86_64).
2026-08-03T17:01:19+0530 DEBUG error: Status code: 404 for https://mirrors.rpmfusion.org/metalink?repo=nonfree-fedora-nvidia-driver-39&arch=x86_64 (IP: 158.69.60.128) (https://mirrors.rpmfusion.org/metalink?repo=nonfree-fedora-nvidia-driver-39&arch=x86_64).
2026-08-03T17:01:20+0530 DEBUG error: Status code: 404 for https://mirrors.rpmfusion.org/metalink?repo=nonfree-fedora-nvidia-driver-39&arch=x86_64 (IP: 158.69.60.128) (https://mirrors.rpmfusion.org/metalink?repo=nonfree-fedora-nvidia-driver-39&arch=x86_64).
2026-08-03T17:01:22+0530 DEBUG error: Status code: 404 for https://mirrors.rpmfusion.org/metalink?repo=nonfree-fedora-nvidia-driver-39&arch=x86_64 (IP: 158.69.60.128) (https://mirrors.rpmfusion.org/metalink?repo=nonfree-fedora-nvidia-driver-39&arch=x86_64).
2026-08-03T17:01:22+0530 DEBUG error: Status code: 404 for https://mirrors.rpmfusion.org/metalink?repo=nonfree-fedora-nvidia-driver-39&arch=x86_64 (IP: 158.69.60.128) (https://mirrors.rpmfusion.org/metalink?repo=nonfree-fedora-nvidia-driver-39&arch=x86_64).
2026-08-03T17:01:23+0530 DEBUG error: Status code: 404 for https://mirrors.rpmfusion.org/metalink?repo=nonfree-fedora-nvidia-driver-39&arch=x86_64 (IP: 158.69.60.128) (https://mirrors.rpmfusion.org/metalink?repo=nonfree-fedora-nvidia-driver-39&arch=x86_64).
2026-08-03T17:01:24+0530 DEBUG error: Status code: 404 for https://mirrors.rpmfusion.org/metalink?repo=nonfree-fedora-nvidia-driver-39&arch=x86_64 (IP: 158.69.60.128) (https://mirrors.rpmfusion.org/metalink?repo=nonfree-fedora-nvidia-driver-39&arch=x86_64).
2026-08-03T17:01:25+0530 DEBUG error: Status code: 404 for https://mirrors.rpmfusion.org/metalink?repo=nonfree-fedora-nvidia-driver-39&arch=x86_64 (IP: 158.69.60.128) (https://mirrors.rpmfusion.org/metalink?repo=nonfree-fedora-nvidia-driver-39&arch=x86_64).
2026-08-03T17:01:26+0530 DEBUG error: Status code: 404 for https://mirrors.rpmfusion.org/metalink?repo=nonfree-fedora-nvidia-driver-39&arch=x86_64 (IP: 158.69.60.128) (https://mirrors.rpmfusion.org/metalink?repo=nonfree-fedora-nvidia-driver-39&arch=x86_64).
2026-08-03T17:01:27+0530 DEBUG error: Status code: 404 for https://mirrors.rpmfusion.org/metalink?repo=nonfree-fedora-nvidia-driver-39&arch=x86_64 (IP: 158.69.60.128) (https://mirrors.rpmfusion.org/metalink?repo=nonfree-fedora-nvidia-driver-39&arch=x86_64).
2026-08-03T17:01:27+0530 DEBUG error: Status code: 404 for https://mirrors.rpmfusion.org/metalink?repo=nonfree-fedora-nvidia-driver-39&arch=x86_64 (IP: 158.69.60.128) (https://mirrors.rpmfusion.org/metalink?repo=nonfree-fedora-nvidia-driver-39&arch=x86_64).
2026-08-03T17:01:27+0530 WARNING Errors during downloading metadata for repository 'rpmfusion-nonfree-nvidia-driver':
  - Status code: 404 for https://mirrors.rpmfusion.org/metalink?repo=nonfree-fedora-nvidia-driver-39&arch=x86_64 (IP: 158.69.60.128)
2026-08-03T17:01:27+0530 WARNING Error: Failed to download metadata for repo 'rpmfusion-nonfree-nvidia-driver': Cannot prepare internal mirrorlist: Status code: 404 for https://mirrors.rpmfusion.org/metalink?repo=nonfree-fedora-nvidia-driver-39&arch=x86_64 (IP: 158.69.60.128)
2026-08-03T17:01:28+0530 DEBUG reviving: 'rpmfusion-nonfree-steam' can be revived - metalink checksums match.
2026-08-03T17:01:28+0530 DEBUG rpmfusion-nonfree-steam: using metadata from Sat 23 Nov 2024 06:58:50 PM IST.
2026-08-03T17:01:29+0530 DEBUG reviving: 'rpmfusion-nonfree-updates' can be revived - metalink checksums match.
2026-08-03T17:01:29+0530 DEBUG rpmfusion-nonfree-updates: using metadata from Sat 23 Nov 2024 06:41:49 PM IST.
2026-08-03T17:01:29+0530 DEBUG reviving: 'teams-for-linux' can be revived - repomd matches.
2026-08-03T17:01:29+0530 DEBUG teams-for-linux: using metadata from Sun 02 Aug 2026 02:43:13 PM IST.
2026-08-03T17:01:29+0530 WARNING Ignoring repositories: hashicorp, rpmfusion-nonfree-nvidia-driver
2026-08-03T17:01:29+0530 DDEBUG timer: sack setup: 28487 ms
2026-08-03T17:01:29+0530 DEBUG User-Agent: constructed: 'libdnf (Fedora Linux 39; workstation; Linux.x86_64)'
2026-08-03T17:01:29+0530 DEBUG Completion plugin: Generating completion cache...
2026-08-03T17:01:30+0530 INFO Metadata cache created.
2026-08-03T17:01:30+0530 DDEBUG Cleaning up.
2026-08-03T17:01:30+0530 DDEBUG Plugins were unloaded.
2026-08-03T19:23:49+0530 INFO --- logging initialized ---
2026-08-03T19:23:49+0530 DDEBUG timer: config: 11 ms
2026-08-03T19:23:49+0530 DEBUG Loaded plugins: builddep, changelog, config-manager, copr, debug, debuginfo-install, download, generate_completion_cache, groups-manager, needs-restarting, notify-packagekit, playground, repoclosure, repodiff, repograph, repomanage, reposync, system-upgrade
2026-08-03T19:23:49+0530 DEBUG DNF version: 4.21.1
2026-08-03T19:23:49+0530 DDEBUG Command: dnf makecache --timer 
2026-08-03T19:23:49+0530 DDEBUG Installroot: /
2026-08-03T19:23:49+0530 DDEBUG Releasever: 39
2026-08-03T19:23:49+0530 DEBUG cachedir: /var/cache/dnf
2026-08-03T19:23:49+0530 DDEBUG Base command: makecache
2026-08-03T19:23:49+0530 DDEBUG Extra commands: ['makecache', '--timer']
2026-08-03T19:23:49+0530 DEBUG Making cache files for all metadata files.
2026-08-03T19:23:49+0530 INFO Metadata cache refreshed recently.
2026-08-03T19:23:49+0530 DDEBUG Cleaning up.
2026-08-03T19:23:49+0530 DDEBUG Plugins were unloaded.
2026-08-03T20:51:50+0530 INFO --- logging initialized ---
2026-08-03T20:51:50+0530 DDEBUG timer: config: 126 ms
2026-08-03T20:51:50+0530 DEBUG Loaded plugins: builddep, changelog, config-manager, copr, debug, debuginfo-install, download, generate_completion_cache, groups-manager, needs-restarting, notify-packagekit, playground, repoclosure, repodiff, repograph, repomanage, reposync, system-upgrade
2026-08-03T20:51:50+0530 DEBUG DNF version: 4.21.1
2026-08-03T20:51:50+0530 DDEBUG Command: dnf makecache --timer 
2026-08-03T20:51:50+0530 DDEBUG Installroot: /
2026-08-03T20:51:50+0530 DDEBUG Releasever: 39
2026-08-03T20:51:50+0530 DEBUG cachedir: /var/cache/dnf
2026-08-03T20:51:50+0530 DDEBUG Base command: makecache
2026-08-03T20:51:50+0530 DDEBUG Extra commands: ['makecache', '--timer']
2026-08-03T20:51:50+0530 DEBUG Making cache files for all metadata files.
2026-08-03T20:51:50+0530 DEBUG bitrix24: has expired and will be refreshed.
2026-08-03T20:51:50+0530 DEBUG brave-browser: has expired and will be refreshed.
2026-08-03T20:51:50+0530 DEBUG docker-ce-stable: has expired and will be refreshed.
2026-08-03T20:51:53+0530 DEBUG fedora: has expired and will be refreshed.
2026-08-03T20:51:53+0530 DEBUG fedora-cisco-openh264: has expired and will be refreshed.
2026-08-03T20:51:54+0530 DEBUG updates: has expired and will be refreshed.
2026-08-03T20:51:54+0530 DEBUG google-chrome: has expired and will be refreshed.
2026-08-03T20:51:54+0530 DEBUG hashicorp: has expired and will be refreshed.
2026-08-03T20:51:54+0530 DEBUG jenkins: has expired and will be refreshed.
2026-08-03T20:51:54+0530 DEBUG packages-microsoft-com-prod: has expired and will be refreshed.
2026-08-03T20:51:54+0530 DEBUG rpmfusion-free: has expired and will be refreshed.
2026-08-03T20:51:54+0530 DEBUG rpmfusion-free-updates: has expired and will be refreshed.
2026-08-03T20:51:54+0530 DEBUG rpmfusion-nonfree: has expired and will be refreshed.
2026-08-03T20:51:54+0530 DEBUG rpmfusion-nonfree-nvidia-driver: has expired and will be refreshed.
2026-08-03T20:51:54+0530 DEBUG rpmfusion-nonfree-steam: has expired and will be refreshed.
2026-08-03T20:51:54+0530 DEBUG rpmfusion-nonfree-updates: has expired and will be refreshed.
2026-08-03T20:51:54+0530 DEBUG teams-for-linux: has expired and will be refreshed.
2026-08-03T20:51:54+0530 DEBUG reviving: 'bitrix24' can be revived - repomd matches.
2026-08-03T20:51:54+0530 DEBUG bitrix24: using metadata from Mon 20 Apr 2026 09:02:48 PM IST.
2026-08-03T20:51:54+0530 DEBUG reviving: 'brave-browser' can be revived - repomd matches.
2026-08-03T20:51:54+0530 DEBUG brave-browser: using metadata from Fri 31 Jul 2026 12:44:04 AM IST.
2026-08-03T20:51:55+0530 DEBUG reviving: 'docker-ce-stable' can be revived - repomd matches.
2026-08-03T20:51:55+0530 DEBUG docker-ce-stable: using metadata from Wed 13 Nov 2024 06:00:28 PM IST.
2026-08-03T20:51:55+0530 DEBUG countme: no event for fedora: window already counted
2026-08-03T20:51:56+0530 DEBUG reviving: 'fedora' can be revived - metalink checksums match.
2026-08-03T20:51:59+0530 DEBUG fedora: using metadata from Wed 01 Nov 2023 05:42:39 AM IST.
2026-08-03T20:52:03+0530 DEBUG reviving: 'fedora-cisco-openh264' can be revived - metalink checksums match.
2026-08-03T20:52:03+0530 DEBUG fedora-cisco-openh264: using metadata from Tue 12 Mar 2024 05:43:24 PM IST.
2026-08-03T20:52:03+0530 DEBUG countme: no event for updates: window already counted
2026-08-03T20:52:03+0530 DEBUG reviving: 'updates' can be revived - metalink checksums match.
2026-08-03T20:52:06+0530 DEBUG updates: using metadata from Tue 26 Nov 2024 10:05:09 PM IST.
2026-08-03T20:52:06+0530 DEBUG reviving: 'google-chrome' can be revived - repomd matches.
2026-08-03T20:52:06+0530 DEBUG google-chrome: using metadata from Mon 03 Aug 2026 04:04:35 PM IST.
2026-08-03T20:52:06+0530 DEBUG repo: downloading from remote: hashicorp
2026-08-03T20:52:07+0530 DEBUG error: Status code: 404 for https://rpm.releases.hashicorp.com/fedora/39/x86_64/stable/repodata/repomd.xml (IP: 108.159.91.114) (https://rpm.releases.hashicorp.com/fedora/39/x86_64/stable/repodata/repomd.xml).
2026-08-03T20:52:07+0530 WARNING Errors during downloading metadata for repository 'hashicorp':
  - Status code: 404 for https://rpm.releases.hashicorp.com/fedora/39/x86_64/stable/repodata/repomd.xml (IP: 108.159.91.114)
2026-08-03T20:52:07+0530 WARNING Error: Failed to download metadata for repo 'hashicorp': Cannot download repomd.xml: Status code: 404 for https://rpm.releases.hashicorp.com/fedora/39/x86_64/stable/repodata/repomd.xml (IP: 108.159.91.114)
2026-08-03T20:52:07+0530 DEBUG reviving: 'jenkins' can be revived - repomd matches.
2026-08-03T20:52:07+0530 DEBUG jenkins: using metadata from Thu 09 Jul 2026 09:13:24 PM IST.
2026-08-03T20:52:07+0530 DEBUG reviving: 'packages-microsoft-com-prod' can be revived - repomd matches.
2026-08-03T20:52:07+0530 DEBUG packages-microsoft-com-prod: using metadata from Thu 30 Jul 2026 05:19:26 PM IST.
2026-08-03T20:52:08+0530 DEBUG reviving: 'rpmfusion-free' can be revived - metalink checksums match.
2026-08-03T20:52:08+0530 DEBUG rpmfusion-free: using metadata from Sat 04 Nov 2023 10:19:08 PM IST.
2026-08-03T20:52:08+0530 DEBUG reviving: 'rpmfusion-free-updates' can be revived - metalink checksums match.
2026-08-03T20:52:08+0530 DEBUG rpmfusion-free-updates: using metadata from Sat 23 Nov 2024 06:15:37 PM IST.
2026-08-03T20:52:09+0530 DEBUG reviving: 'rpmfusion-nonfree' can be revived - metalink checksums match.
2026-08-03T20:52:09+0530 DEBUG rpmfusion-nonfree: using metadata from Sat 04 Nov 2023 10:56:32 PM IST.
2026-08-03T20:52:10+0530 DEBUG error: Status code: 404 for https://mirrors.rpmfusion.org/metalink?repo=nonfree-fedora-nvidia-driver-39&arch=x86_64 (IP: 158.69.60.128) (https://mirrors.rpmfusion.org/metalink?repo=nonfree-fedora-nvidia-driver-39&arch=x86_64).
2026-08-03T20:52:10+0530 DEBUG error: Status code: 404 for https://mirrors.rpmfusion.org/metalink?repo=nonfree-fedora-nvidia-driver-39&arch=x86_64 (IP: 158.69.60.128) (https://mirrors.rpmfusion.org/metalink?repo=nonfree-fedora-nvidia-driver-39&arch=x86_64).
2026-08-03T20:52:11+0530 DEBUG error: Status code: 404 for https://mirrors.rpmfusion.org/metalink?repo=nonfree-fedora-nvidia-driver-39&arch=x86_64 (IP: 158.69.60.128) (https://mirrors.rpmfusion.org/metalink?repo=nonfree-fedora-nvidia-driver-39&arch=x86_64).
2026-08-03T20:52:11+0530 DEBUG error: Status code: 404 for https://mirrors.rpmfusion.org/metalink?repo=nonfree-fedora-nvidia-driver-39&arch=x86_64 (IP: 158.69.60.128) (https://mirrors.rpmfusion.org/metalink?repo=nonfree-fedora-nvidia-driver-39&arch=x86_64).
2026-08-03T20:52:12+0530 DEBUG error: Status code: 404 for https://mirrors.rpmfusion.org/metalink?repo=nonfree-fedora-nvidia-driver-39&arch=x86_64 (IP: 78.47.223.143) (https://mirrors.rpmfusion.org/metalink?repo=nonfree-fedora-nvidia-driver-39&arch=x86_64).
2026-08-03T20:52:12+0530 DEBUG error: Status code: 404 for https://mirrors.rpmfusion.org/metalink?repo=nonfree-fedora-nvidia-driver-39&arch=x86_64 (IP: 78.47.223.143) (https://mirrors.rpmfusion.org/metalink?repo=nonfree-fedora-nvidia-driver-39&arch=x86_64).
2026-08-03T20:52:12+0530 DEBUG error: Status code: 404 for https://mirrors.rpmfusion.org/metalink?repo=nonfree-fedora-nvidia-driver-39&arch=x86_64 (IP: 78.47.223.143) (https://mirrors.rpmfusion.org/metalink?repo=nonfree-fedora-nvidia-driver-39&arch=x86_64).
2026-08-03T20:52:12+0530 DEBUG error: Status code: 404 for https://mirrors.rpmfusion.org/metalink?repo=nonfree-fedora-nvidia-driver-39&arch=x86_64 (IP: 78.47.223.143) (https://mirrors.rpmfusion.org/metalink?repo=nonfree-fedora-nvidia-driver-39&arch=x86_64).
2026-08-03T20:52:14+0530 DEBUG error: Status code: 404 for https://mirrors.rpmfusion.org/metalink?repo=nonfree-fedora-nvidia-driver-39&arch=x86_64 (IP: 158.69.60.128) (https://mirrors.rpmfusion.org/metalink?repo=nonfree-fedora-nvidia-driver-39&arch=x86_64).
2026-08-03T20:52:14+0530 DEBUG error: Status code: 404 for https://mirrors.rpmfusion.org/metalink?repo=nonfree-fedora-nvidia-driver-39&arch=x86_64 (IP: 158.69.60.128) (https://mirrors.rpmfusion.org/metalink?repo=nonfree-fedora-nvidia-driver-39&arch=x86_64).
2026-08-03T20:52:14+0530 DEBUG error: Status code: 404 for https://mirrors.rpmfusion.org/metalink?repo=nonfree-fedora-nvidia-driver-39&arch=x86_64 (IP: 158.69.60.128) (https://mirrors.rpmfusion.org/metalink?repo=nonfree-fedora-nvidia-driver-39&arch=x86_64).
2026-08-03T20:52:14+0530 DEBUG error: Status code: 404 for https://mirrors.rpmfusion.org/metalink?repo=nonfree-fedora-nvidia-driver-39&arch=x86_64 (IP: 158.69.60.128) (https://mirrors.rpmfusion.org/metalink?repo=nonfree-fedora-nvidia-driver-39&arch=x86_64).
2026-08-03T20:52:14+0530 WARNING Errors during downloading metadata for repository 'rpmfusion-nonfree-nvidia-driver':
  - Status code: 404 for https://mirrors.rpmfusion.org/metalink?repo=nonfree-fedora-nvidia-driver-39&arch=x86_64 (IP: 158.69.60.128)
  - Status code: 404 for https://mirrors.rpmfusion.org/metalink?repo=nonfree-fedora-nvidia-driver-39&arch=x86_64 (IP: 78.47.223.143)
2026-08-03T20:52:14+0530 WARNING Error: Failed to download metadata for repo 'rpmfusion-nonfree-nvidia-driver': Cannot prepare internal mirrorlist: Status code: 404 for https://mirrors.rpmfusion.org/metalink?repo=nonfree-fedora-nvidia-driver-39&arch=x86_64 (IP: 158.69.60.128)
2026-08-03T20:52:15+0530 DEBUG reviving: 'rpmfusion-nonfree-steam' can be revived - metalink checksums match.
2026-08-03T20:52:15+0530 DEBUG rpmfusion-nonfree-steam: using metadata from Sat 23 Nov 2024 06:58:50 PM IST.
2026-08-03T20:52:15+0530 DEBUG reviving: 'rpmfusion-nonfree-updates' can be revived - metalink checksums match.
2026-08-03T20:52:15+0530 DEBUG rpmfusion-nonfree-updates: using metadata from Sat 23 Nov 2024 06:41:49 PM IST.
2026-08-03T20:52:16+0530 DEBUG reviving: 'teams-for-linux' can be revived - repomd matches.
2026-08-03T20:52:16+0530 DEBUG teams-for-linux: using metadata from Sun 02 Aug 2026 02:43:13 PM IST.
2026-08-03T20:52:16+0530 WARNING Ignoring repositories: hashicorp, rpmfusion-nonfree-nvidia-driver
2026-08-03T20:52:16+0530 DDEBUG timer: sack setup: 21960 ms
2026-08-03T20:52:16+0530 DEBUG User-Agent: constructed: 'libdnf (Fedora Linux 39; workstation; Linux.x86_64)'
2026-08-03T20:52:16+0530 INFO Metadata cache created.
2026-08-03T20:52:16+0530 DDEBUG Cleaning up.
2026-08-03T20:52:16+0530 DDEBUG Plugins were unloaded.
2026-08-04T10:17:56+0530 INFO --- logging initialized ---
2026-08-04T10:17:56+0530 DDEBUG timer: config: 88 ms
2026-08-04T10:17:56+0530 DEBUG Loaded plugins: builddep, changelog, config-manager, copr, debug, debuginfo-install, download, generate_completion_cache, groups-manager, needs-restarting, notify-packagekit, playground, repoclosure, repodiff, repograph, repomanage, reposync, system-upgrade
2026-08-04T10:17:56+0530 DEBUG DNF version: 4.21.1
2026-08-04T10:17:56+0530 DDEBUG Command: dnf makecache --timer 
2026-08-04T10:17:56+0530 DDEBUG Installroot: /
2026-08-04T10:17:56+0530 DDEBUG Releasever: 39
2026-08-04T10:17:56+0530 DEBUG cachedir: /var/cache/dnf
2026-08-04T10:17:56+0530 DDEBUG Base command: makecache
2026-08-04T10:17:56+0530 DDEBUG Extra commands: ['makecache', '--timer']
2026-08-04T10:17:56+0530 DEBUG Making cache files for all metadata files.
2026-08-04T10:17:56+0530 INFO Metadata timer caching disabled when running on a battery.
2026-08-04T10:17:56+0530 DDEBUG Cleaning up.
2026-08-04T10:17:56+0530 DDEBUG Plugins were unloaded.
2026-08-04T11:18:59+0530 INFO --- logging initialized ---
2026-08-04T11:18:59+0530 DDEBUG timer: config: 7 ms
2026-08-04T11:18:59+0530 DEBUG Loaded plugins: builddep, changelog, config-manager, copr, debug, debuginfo-install, download, generate_completion_cache, groups-manager, needs-restarting, notify-packagekit, playground, repoclosure, repodiff, repograph, repomanage, reposync, system-upgrade
2026-08-04T11:18:59+0530 DEBUG DNF version: 4.21.1
2026-08-04T11:18:59+0530 DDEBUG Command: dnf makecache --timer 
2026-08-04T11:18:59+0530 DDEBUG Installroot: /
2026-08-04T11:18:59+0530 DDEBUG Releasever: 39
2026-08-04T11:18:59+0530 DEBUG cachedir: /var/cache/dnf
2026-08-04T11:18:59+0530 DDEBUG Base command: makecache
2026-08-04T11:18:59+0530 DDEBUG Extra commands: ['makecache', '--timer']
2026-08-04T11:18:59+0530 DEBUG Making cache files for all metadata files.
2026-08-04T11:18:59+0530 INFO Metadata timer caching disabled when running on a battery.
2026-08-04T11:18:59+0530 DDEBUG Cleaning up.
2026-08-04T11:18:59+0530 DDEBUG Plugins were unloaded.
2026-08-04T13:04:02+0530 INFO --- logging initialized ---
2026-08-04T13:04:02+0530 DDEBUG timer: config: 64 ms
2026-08-04T13:04:02+0530 DEBUG Loaded plugins: builddep, changelog, config-manager, copr, debug, debuginfo-install, download, generate_completion_cache, groups-manager, needs-restarting, notify-packagekit, playground, repoclosure, repodiff, repograph, repomanage, reposync, system-upgrade
2026-08-04T13:04:02+0530 DEBUG DNF version: 4.21.1
2026-08-04T13:04:02+0530 DDEBUG Command: dnf makecache --timer 
2026-08-04T13:04:02+0530 DDEBUG Installroot: /
2026-08-04T13:04:02+0530 DDEBUG Releasever: 39
2026-08-04T13:04:02+0530 DEBUG cachedir: /var/cache/dnf
2026-08-04T13:04:02+0530 DDEBUG Base command: makecache
2026-08-04T13:04:02+0530 DDEBUG Extra commands: ['makecache', '--timer']
2026-08-04T13:04:02+0530 DEBUG Making cache files for all metadata files.
2026-08-04T13:04:02+0530 DEBUG bitrix24: has expired and will be refreshed.
2026-08-04T13:04:02+0530 DEBUG brave-browser: has expired and will be refreshed.
2026-08-04T13:04:02+0530 DEBUG docker-ce-stable: has expired and will be refreshed.
2026-08-04T13:04:04+0530 DEBUG fedora: has expired and will be refreshed.
2026-08-04T13:04:04+0530 DEBUG fedora-cisco-openh264: has expired and will be refreshed.
2026-08-04T13:04:05+0530 DEBUG updates: has expired and will be refreshed.
2026-08-04T13:04:05+0530 DEBUG google-chrome: has expired and will be refreshed.
2026-08-04T13:04:05+0530 DEBUG hashicorp: has expired and will be refreshed.
2026-08-04T13:04:05+0530 DEBUG jenkins: has expired and will be refreshed.
2026-08-04T13:04:05+0530 DEBUG packages-microsoft-com-prod: has expired and will be refreshed.
2026-08-04T13:04:05+0530 DEBUG rpmfusion-free: has expired and will be refreshed.
2026-08-04T13:04:05+0530 DEBUG rpmfusion-free-updates: has expired and will be refreshed.
2026-08-04T13:04:05+0530 DEBUG rpmfusion-nonfree: has expired and will be refreshed.
2026-08-04T13:04:05+0530 DEBUG rpmfusion-nonfree-nvidia-driver: has expired and will be refreshed.
2026-08-04T13:04:05+0530 DEBUG rpmfusion-nonfree-steam: has expired and will be refreshed.
2026-08-04T13:04:05+0530 DEBUG rpmfusion-nonfree-updates: has expired and will be refreshed.
2026-08-04T13:04:05+0530 DEBUG teams-for-linux: has expired and will be refreshed.
2026-08-04T13:04:06+0530 DEBUG reviving: 'bitrix24' can be revived - repomd matches.
2026-08-04T13:04:06+0530 DEBUG bitrix24: using metadata from Mon 20 Apr 2026 09:02:48 PM IST.
2026-08-04T13:04:06+0530 DEBUG reviving: 'brave-browser' can be revived - repomd matches.
2026-08-04T13:04:06+0530 DEBUG brave-browser: using metadata from Fri 31 Jul 2026 12:44:04 AM IST.
2026-08-04T13:04:06+0530 DEBUG reviving: 'docker-ce-stable' can be revived - repomd matches.
2026-08-04T13:04:06+0530 DEBUG docker-ce-stable: using metadata from Wed 13 Nov 2024 06:00:28 PM IST.
2026-08-04T13:04:06+0530 DEBUG countme: no event for fedora: window already counted
2026-08-04T13:04:10+0530 DEBUG reviving: 'fedora' can be revived - metalink checksums match.
2026-08-04T13:04:12+0530 DEBUG fedora: using metadata from Wed 01 Nov 2023 05:42:39 AM IST.
2026-08-04T13:04:13+0530 DEBUG reviving: 'fedora-cisco-openh264' can be revived - metalink checksums match.
2026-08-04T13:04:13+0530 DEBUG fedora-cisco-openh264: using metadata from Tue 12 Mar 2024 05:43:24 PM IST.
2026-08-04T13:04:13+0530 DEBUG countme: no event for updates: window already counted
2026-08-04T13:04:14+0530 DEBUG reviving: 'updates' can be revived - metalink checksums match.
2026-08-04T13:04:15+0530 DEBUG updates: using metadata from Tue 26 Nov 2024 10:05:09 PM IST.
2026-08-04T13:04:15+0530 DEBUG reviving: failed for 'google-chrome', mismatched repomd.
2026-08-04T13:04:15+0530 DEBUG repo: downloading from remote: google-chrome
2026-08-04T13:04:16+0530 DEBUG google-chrome: using metadata from Tue 04 Aug 2026 09:05:13 AM IST.
2026-08-04T13:04:16+0530 DEBUG repo: downloading from remote: hashicorp
2026-08-04T13:04:17+0530 DEBUG error: Status code: 404 for https://rpm.releases.hashicorp.com/fedora/39/x86_64/stable/repodata/repomd.xml (IP: 108.159.91.96) (https://rpm.releases.hashicorp.com/fedora/39/x86_64/stable/repodata/repomd.xml).
2026-08-04T13:04:17+0530 WARNING Errors during downloading metadata for repository 'hashicorp':
  - Status code: 404 for https://rpm.releases.hashicorp.com/fedora/39/x86_64/stable/repodata/repomd.xml (IP: 108.159.91.96)
2026-08-04T13:04:17+0530 WARNING Error: Failed to download metadata for repo 'hashicorp': Cannot download repomd.xml: Status code: 404 for https://rpm.releases.hashicorp.com/fedora/39/x86_64/stable/repodata/repomd.xml (IP: 108.159.91.96)
2026-08-04T13:04:17+0530 DEBUG reviving: 'jenkins' can be revived - repomd matches.
2026-08-04T13:04:18+0530 DEBUG jenkins: using metadata from Thu 09 Jul 2026 09:13:24 PM IST.
2026-08-04T13:04:20+0530 DEBUG reviving: failed for 'packages-microsoft-com-prod', mismatched repomd.
2026-08-04T13:04:20+0530 DEBUG repo: downloading from remote: packages-microsoft-com-prod
2026-08-04T13:04:23+0530 DEBUG packages-microsoft-com-prod: using metadata from Tue 04 Aug 2026 08:49:34 AM IST.
2026-08-04T13:04:24+0530 DEBUG reviving: 'rpmfusion-free' can be revived - metalink checksums match.
2026-08-04T13:04:24+0530 DEBUG rpmfusion-free: using metadata from Sat 04 Nov 2023 10:19:08 PM IST.
2026-08-04T13:04:24+0530 DEBUG reviving: 'rpmfusion-free-updates' can be revived - metalink checksums match.
2026-08-04T13:04:24+0530 DEBUG rpmfusion-free-updates: using metadata from Sat 23 Nov 2024 06:15:37 PM IST.
2026-08-04T13:04:25+0530 DEBUG reviving: 'rpmfusion-nonfree' can be revived - metalink checksums match.
2026-08-04T13:04:25+0530 DEBUG rpmfusion-nonfree: using metadata from Sat 04 Nov 2023 10:56:32 PM IST.
2026-08-04T13:04:27+0530 DEBUG error: Status code: 404 for https://mirrors.rpmfusion.org/metalink?repo=nonfree-fedora-nvidia-driver-39&arch=x86_64 (IP: 78.47.223.143) (https://mirrors.rpmfusion.org/metalink?repo=nonfree-fedora-nvidia-driver-39&arch=x86_64).
2026-08-04T13:04:27+0530 DEBUG error: Status code: 404 for https://mirrors.rpmfusion.org/metalink?repo=nonfree-fedora-nvidia-driver-39&arch=x86_64 (IP: 78.47.223.143) (https://mirrors.rpmfusion.org/metalink?repo=nonfree-fedora-nvidia-driver-39&arch=x86_64).
2026-08-04T13:04:27+0530 DEBUG error: Status code: 404 for https://mirrors.rpmfusion.org/metalink?repo=nonfree-fedora-nvidia-driver-39&arch=x86_64 (IP: 78.47.223.143) (https://mirrors.rpmfusion.org/metalink?repo=nonfree-fedora-nvidia-driver-39&arch=x86_64).
2026-08-04T13:04:27+0530 DEBUG error: Status code: 404 for https://mirrors.rpmfusion.org/metalink?repo=nonfree-fedora-nvidia-driver-39&arch=x86_64 (IP: 78.47.223.143) (https://mirrors.rpmfusion.org/metalink?repo=nonfree-fedora-nvidia-driver-39&arch=x86_64).
2026-08-04T13:04:29+0530 DEBUG error: Status code: 404 for https://mirrors.rpmfusion.org/metalink?repo=nonfree-fedora-nvidia-driver-39&arch=x86_64 (IP: 158.69.60.128) (https://mirrors.rpmfusion.org/metalink?repo=nonfree-fedora-nvidia-driver-39&arch=x86_64).
2026-08-04T13:04:30+0530 DEBUG error: Status code: 404 for https://mirrors.rpmfusion.org/metalink?repo=nonfree-fedora-nvidia-driver-39&arch=x86_64 (IP: 158.69.60.128) (https://mirrors.rpmfusion.org/metalink?repo=nonfree-fedora-nvidia-driver-39&arch=x86_64).
2026-08-04T13:04:31+0530 DEBUG error: Status code: 404 for https://mirrors.rpmfusion.org/metalink?repo=nonfree-fedora-nvidia-driver-39&arch=x86_64 (IP: 158.69.60.128) (https://mirrors.rpmfusion.org/metalink?repo=nonfree-fedora-nvidia-driver-39&arch=x86_64).
2026-08-04T13:04:31+0530 DEBUG error: Status code: 404 for https://mirrors.rpmfusion.org/metalink?repo=nonfree-fedora-nvidia-driver-39&arch=x86_64 (IP: 158.69.60.128) (https://mirrors.rpmfusion.org/metalink?repo=nonfree-fedora-nvidia-driver-39&arch=x86_64).
2026-08-04T13:04:33+0530 DEBUG error: Status code: 404 for https://mirrors.rpmfusion.org/metalink?repo=nonfree-fedora-nvidia-driver-39&arch=x86_64 (IP: 78.47.223.143) (https://mirrors.rpmfusion.org/metalink?repo=nonfree-fedora-nvidia-driver-39&arch=x86_64).
2026-08-04T13:04:33+0530 DEBUG error: Status code: 404 for https://mirrors.rpmfusion.org/metalink?repo=nonfree-fedora-nvidia-driver-39&arch=x86_64 (IP: 78.47.223.143) (https://mirrors.rpmfusion.org/metalink?repo=nonfree-fedora-nvidia-driver-39&arch=x86_64).
2026-08-04T13:04:33+0530 DEBUG error: Status code: 404 for https://mirrors.rpmfusion.org/metalink?repo=nonfree-fedora-nvidia-driver-39&arch=x86_64 (IP: 78.47.223.143) (https://mirrors.rpmfusion.org/metalink?repo=nonfree-fedora-nvidia-driver-39&arch=x86_64).
2026-08-04T13:04:33+0530 DEBUG error: Status code: 404 for https://mirrors.rpmfusion.org/metalink?repo=nonfree-fedora-nvidia-driver-39&arch=x86_64 (IP: 78.47.223.143) (https://mirrors.rpmfusion.org/metalink?repo=nonfree-fedora-nvidia-driver-39&arch=x86_64).
2026-08-04T13:04:33+0530 WARNING Errors during downloading metadata for repository 'rpmfusion-nonfree-nvidia-driver':
  - Status code: 404 for https://mirrors.rpmfusion.org/metalink?repo=nonfree-fedora-nvidia-driver-39&arch=x86_64 (IP: 158.69.60.128)
  - Status code: 404 for https://mirrors.rpmfusion.org/metalink?repo=nonfree-fedora-nvidia-driver-39&arch=x86_64 (IP: 78.47.223.143)
2026-08-04T13:04:33+0530 WARNING Error: Failed to download metadata for repo 'rpmfusion-nonfree-nvidia-driver': Cannot prepare internal mirrorlist: Status code: 404 for https://mirrors.rpmfusion.org/metalink?repo=nonfree-fedora-nvidia-driver-39&arch=x86_64 (IP: 78.47.223.143)
2026-08-04T13:04:34+0530 DEBUG reviving: 'rpmfusion-nonfree-steam' can be revived - metalink checksums match.
2026-08-04T13:04:34+0530 DEBUG rpmfusion-nonfree-steam: using metadata from Sat 23 Nov 2024 06:58:50 PM IST.
2026-08-04T13:04:35+0530 DEBUG reviving: 'rpmfusion-nonfree-updates' can be revived - metalink checksums match.
2026-08-04T13:04:35+0530 DEBUG rpmfusion-nonfree-updates: using metadata from Sat 23 Nov 2024 06:41:49 PM IST.
2026-08-04T13:04:36+0530 DEBUG reviving: 'teams-for-linux' can be revived - repomd matches.
2026-08-04T13:04:36+0530 DEBUG teams-for-linux: using metadata from Sun 02 Aug 2026 02:43:13 PM IST.
2026-08-04T13:04:36+0530 WARNING Ignoring repositories: hashicorp, rpmfusion-nonfree-nvidia-driver
2026-08-04T13:04:36+0530 DDEBUG timer: sack setup: 31020 ms
2026-08-04T13:04:36+0530 DEBUG User-Agent: constructed: 'libdnf (Fedora Linux 39; workstation; Linux.x86_64)'
2026-08-04T13:04:36+0530 DEBUG Completion plugin: Generating completion cache...
2026-08-04T13:04:37+0530 INFO Metadata cache created.
2026-08-04T13:04:37+0530 DDEBUG Cleaning up.
2026-08-04T13:04:37+0530 DDEBUG Plugins were unloaded.
2026-08-04T14:34:02+0530 INFO --- logging initialized ---
2026-08-04T14:34:02+0530 DDEBUG timer: config: 70 ms
2026-08-04T14:34:02+0530 DEBUG Loaded plugins: builddep, changelog, config-manager, copr, debug, debuginfo-install, download, generate_completion_cache, groups-manager, needs-restarting, notify-packagekit, playground, repoclosure, repodiff, repograph, repomanage, reposync, system-upgrade
2026-08-04T14:34:02+0530 DEBUG DNF version: 4.21.1
2026-08-04T14:34:02+0530 DDEBUG Command: dnf makecache --timer 
2026-08-04T14:34:02+0530 DDEBUG Installroot: /
2026-08-04T14:34:02+0530 DDEBUG Releasever: 39
2026-08-04T14:34:02+0530 DEBUG cachedir: /var/cache/dnf
2026-08-04T14:34:02+0530 DDEBUG Base command: makecache
2026-08-04T14:34:02+0530 DDEBUG Extra commands: ['makecache', '--timer']
2026-08-04T14:34:02+0530 DEBUG Making cache files for all metadata files.
2026-08-04T14:34:02+0530 INFO Metadata cache refreshed recently.
2026-08-04T14:34:02+0530 DDEBUG Cleaning up.
2026-08-04T14:34:02+0530 DDEBUG Plugins were unloaded.
2026-08-04T20:38:27+0530 INFO --- logging initialized ---
2026-08-04T20:38:27+0530 DDEBUG timer: config: 19 ms
2026-08-04T20:38:27+0530 DEBUG Loaded plugins: builddep, changelog, config-manager, copr, debug, debuginfo-install, download, generate_completion_cache, groups-manager, needs-restarting, notify-packagekit, playground, repoclosure, repodiff, repograph, repomanage, reposync, system-upgrade
2026-08-04T20:38:27+0530 DEBUG DNF version: 4.21.1
2026-08-04T20:38:27+0530 DDEBUG Command: dnf makecache --timer 
2026-08-04T20:38:27+0530 DDEBUG Installroot: /
2026-08-04T20:38:27+0530 DDEBUG Releasever: 39
2026-08-04T20:38:27+0530 DEBUG cachedir: /var/cache/dnf
2026-08-04T20:38:27+0530 DDEBUG Base command: makecache
2026-08-04T20:38:27+0530 DDEBUG Extra commands: ['makecache', '--timer']
2026-08-04T20:38:27+0530 DEBUG Making cache files for all metadata files.
2026-08-04T20:38:27+0530 INFO Metadata timer caching disabled when running on a battery.
2026-08-04T20:38:27+0530 DDEBUG Cleaning up.
2026-08-04T20:38:27+0530 DDEBUG Plugins were unloaded.
2026-08-05T13:26:40+0530 INFO --- logging initialized ---
2026-08-05T13:26:40+0530 DDEBUG timer: config: 9 ms
2026-08-05T13:26:40+0530 DEBUG Loaded plugins: builddep, changelog, config-manager, copr, debug, debuginfo-install, download, generate_completion_cache, groups-manager, needs-restarting, notify-packagekit, playground, repoclosure, repodiff, repograph, repomanage, reposync, system-upgrade
2026-08-05T13:26:40+0530 DEBUG DNF version: 4.21.1
2026-08-05T13:26:40+0530 DDEBUG Command: dnf makecache --timer 
2026-08-05T13:26:40+0530 DDEBUG Installroot: /
2026-08-05T13:26:40+0530 DDEBUG Releasever: 39
2026-08-05T13:26:40+0530 DEBUG cachedir: /var/cache/dnf
2026-08-05T13:26:40+0530 DDEBUG Base command: makecache
2026-08-05T13:26:40+0530 DDEBUG Extra commands: ['makecache', '--timer']
2026-08-05T13:26:40+0530 DEBUG Making cache files for all metadata files.
2026-08-05T13:26:40+0530 DEBUG bitrix24: has expired and will be refreshed.
2026-08-05T13:26:40+0530 DEBUG brave-browser: has expired and will be refreshed.
2026-08-05T13:26:40+0530 DEBUG docker-ce-stable: has expired and will be refreshed.
2026-08-05T13:26:43+0530 DEBUG fedora: has expired and will be refreshed.
2026-08-05T13:26:43+0530 DEBUG fedora-cisco-openh264: has expired and will be refreshed.
2026-08-05T13:26:44+0530 DEBUG updates: has expired and will be refreshed.
2026-08-05T13:26:44+0530 DEBUG google-chrome: has expired and will be refreshed.
2026-08-05T13:26:44+0530 DEBUG hashicorp: has expired and will be refreshed.
2026-08-05T13:26:44+0530 DEBUG jenkins: has expired and will be refreshed.
2026-08-05T13:26:44+0530 DEBUG packages-microsoft-com-prod: has expired and will be refreshed.
2026-08-05T13:26:44+0530 DEBUG rpmfusion-free: has expired and will be refreshed.
2026-08-05T13:26:44+0530 DEBUG rpmfusion-free-updates: has expired and will be refreshed.
2026-08-05T13:26:44+0530 DEBUG rpmfusion-nonfree: has expired and will be refreshed.
2026-08-05T13:26:44+0530 DEBUG rpmfusion-nonfree-nvidia-driver: has expired and will be refreshed.
2026-08-05T13:26:44+0530 DEBUG rpmfusion-nonfree-steam: has expired and will be refreshed.
2026-08-05T13:26:44+0530 DEBUG rpmfusion-nonfree-updates: has expired and will be refreshed.
2026-08-05T13:26:44+0530 DEBUG teams-for-linux: has expired and will be refreshed.
2026-08-05T13:26:44+0530 DEBUG reviving: 'bitrix24' can be revived - repomd matches.
2026-08-05T13:26:45+0530 DEBUG bitrix24: using metadata from Mon 20 Apr 2026 09:02:48 PM IST.
2026-08-05T13:26:45+0530 DEBUG reviving: 'brave-browser' can be revived - repomd matches.
2026-08-05T13:26:45+0530 DEBUG brave-browser: using metadata from Fri 31 Jul 2026 12:44:04 AM IST.
2026-08-05T13:26:45+0530 DEBUG reviving: 'docker-ce-stable' can be revived - repomd matches.
2026-08-05T13:26:45+0530 DEBUG docker-ce-stable: using metadata from Wed 13 Nov 2024 06:00:28 PM IST.
2026-08-05T13:26:45+0530 DEBUG countme: no event for fedora: window already counted
2026-08-05T13:26:45+0530 DEBUG reviving: 'fedora' can be revived - metalink checksums match.
2026-08-05T13:26:48+0530 DEBUG fedora: using metadata from Wed 01 Nov 2023 05:42:39 AM IST.
2026-08-05T13:26:48+0530 DEBUG reviving: 'fedora-cisco-openh264' can be revived - metalink checksums match.
2026-08-05T13:26:48+0530 DEBUG fedora-cisco-openh264: using metadata from Tue 12 Mar 2024 05:43:24 PM IST.
2026-08-05T13:26:48+0530 DEBUG countme: no event for updates: window already counted
2026-08-05T13:26:48+0530 DEBUG reviving: 'updates' can be revived - metalink checksums match.
2026-08-05T13:26:50+0530 DEBUG updates: using metadata from Tue 26 Nov 2024 10:05:09 PM IST.
2026-08-05T13:26:50+0530 DEBUG reviving: failed for 'google-chrome', mismatched repomd.
2026-08-05T13:26:50+0530 DEBUG repo: downloading from remote: google-chrome
2026-08-05T13:26:51+0530 DEBUG google-chrome: using metadata from Wed 05 Aug 2026 02:12:46 AM IST.
2026-08-05T13:26:51+0530 DEBUG repo: downloading from remote: hashicorp
2026-08-05T13:26:51+0530 DEBUG error: Status code: 404 for https://rpm.releases.hashicorp.com/fedora/39/x86_64/stable/repodata/repomd.xml (IP: 2600:9000:21b4:8200:18:566b:ecc0:93a1) (https://rpm.releases.hashicorp.com/fedora/39/x86_64/stable/repodata/repomd.xml).
2026-08-05T13:26:51+0530 WARNING Errors during downloading metadata for repository 'hashicorp':
  - Status code: 404 for https://rpm.releases.hashicorp.com/fedora/39/x86_64/stable/repodata/repomd.xml (IP: 2600:9000:21b4:8200:18:566b:ecc0:93a1)
2026-08-05T13:26:51+0530 WARNING Error: Failed to download metadata for repo 'hashicorp': Cannot download repomd.xml: Status code: 404 for https://rpm.releases.hashicorp.com/fedora/39/x86_64/stable/repodata/repomd.xml (IP: 2600:9000:21b4:8200:18:566b:ecc0:93a1)
2026-08-05T13:26:54+0530 DEBUG reviving: 'jenkins' can be revived - repomd matches.
2026-08-05T13:26:54+0530 DEBUG jenkins: using metadata from Thu 09 Jul 2026 09:13:24 PM IST.
2026-08-05T13:26:56+0530 DEBUG reviving: 'packages-microsoft-com-prod' can be revived - repomd matches.
2026-08-05T13:26:56+0530 DEBUG packages-microsoft-com-prod: using metadata from Tue 04 Aug 2026 08:49:34 AM IST.
2026-08-05T13:26:57+0530 DEBUG reviving: 'rpmfusion-free' can be revived - metalink checksums match.
2026-08-05T13:26:57+0530 DEBUG rpmfusion-free: using metadata from Sat 04 Nov 2023 10:19:08 PM IST.
2026-08-05T13:26:57+0530 DEBUG reviving: 'rpmfusion-free-updates' can be revived - metalink checksums match.
2026-08-05T13:26:58+0530 DEBUG rpmfusion-free-updates: using metadata from Sat 23 Nov 2024 06:15:37 PM IST.
2026-08-05T13:26:58+0530 DEBUG reviving: 'rpmfusion-nonfree' can be revived - metalink checksums match.
2026-08-05T13:26:58+0530 DEBUG rpmfusion-nonfree: using metadata from Sat 04 Nov 2023 10:56:32 PM IST.
2026-08-05T13:26:59+0530 DEBUG error: Status code: 404 for https://mirrors.rpmfusion.org/metalink?repo=nonfree-fedora-nvidia-driver-39&arch=x86_64 (IP: 2607:5300:201:3100::9322) (https://mirrors.rpmfusion.org/metalink?repo=nonfree-fedora-nvidia-driver-39&arch=x86_64).
2026-08-05T13:27:00+0530 DEBUG error: Status code: 404 for https://mirrors.rpmfusion.org/metalink?repo=nonfree-fedora-nvidia-driver-39&arch=x86_64 (IP: 2607:5300:201:3100::9322) (https://mirrors.rpmfusion.org/metalink?repo=nonfree-fedora-nvidia-driver-39&arch=x86_64).
2026-08-05T13:27:00+0530 DEBUG error: Status code: 404 for https://mirrors.rpmfusion.org/metalink?repo=nonfree-fedora-nvidia-driver-39&arch=x86_64 (IP: 2607:5300:201:3100::9322) (https://mirrors.rpmfusion.org/metalink?repo=nonfree-fedora-nvidia-driver-39&arch=x86_64).
2026-08-05T13:27:00+0530 DEBUG error: Status code: 404 for https://mirrors.rpmfusion.org/metalink?repo=nonfree-fedora-nvidia-driver-39&arch=x86_64 (IP: 2607:5300:201:3100::9322) (https://mirrors.rpmfusion.org/metalink?repo=nonfree-fedora-nvidia-driver-39&arch=x86_64).
2026-08-05T13:27:01+0530 DEBUG error: Status code: 404 for https://mirrors.rpmfusion.org/metalink?repo=nonfree-fedora-nvidia-driver-39&arch=x86_64 (IP: 2607:5300:201:3100::9322) (https://mirrors.rpmfusion.org/metalink?repo=nonfree-fedora-nvidia-driver-39&arch=x86_64).
2026-08-05T13:27:02+0530 DEBUG error: Status code: 404 for https://mirrors.rpmfusion.org/metalink?repo=nonfree-fedora-nvidia-driver-39&arch=x86_64 (IP: 2607:5300:201:3100::9322) (https://mirrors.rpmfusion.org/metalink?repo=nonfree-fedora-nvidia-driver-39&arch=x86_64).
2026-08-05T13:27:02+0530 DEBUG error: Status code: 404 for https://mirrors.rpmfusion.org/metalink?repo=nonfree-fedora-nvidia-driver-39&arch=x86_64 (IP: 2607:5300:201:3100::9322) (https://mirrors.rpmfusion.org/metalink?repo=nonfree-fedora-nvidia-driver-39&arch=x86_64).
2026-08-05T13:27:02+0530 DEBUG error: Status code: 404 for https://mirrors.rpmfusion.org/metalink?repo=nonfree-fedora-nvidia-driver-39&arch=x86_64 (IP: 2607:5300:201:3100::9322) (https://mirrors.rpmfusion.org/metalink?repo=nonfree-fedora-nvidia-driver-39&arch=x86_64).
2026-08-05T13:27:03+0530 DEBUG error: Status code: 404 for https://mirrors.rpmfusion.org/metalink?repo=nonfree-fedora-nvidia-driver-39&arch=x86_64 (IP: 2607:5300:201:3100::9322) (https://mirrors.rpmfusion.org/metalink?repo=nonfree-fedora-nvidia-driver-39&arch=x86_64).
2026-08-05T13:27:04+0530 DEBUG error: Status code: 404 for https://mirrors.rpmfusion.org/metalink?repo=nonfree-fedora-nvidia-driver-39&arch=x86_64 (IP: 2607:5300:201:3100::9322) (https://mirrors.rpmfusion.org/metalink?repo=nonfree-fedora-nvidia-driver-39&arch=x86_64).
2026-08-05T13:27:04+0530 DEBUG error: Status code: 404 for https://mirrors.rpmfusion.org/metalink?repo=nonfree-fedora-nvidia-driver-39&arch=x86_64 (IP: 2607:5300:201:3100::9322) (https://mirrors.rpmfusion.org/metalink?repo=nonfree-fedora-nvidia-driver-39&arch=x86_64).
2026-08-05T13:27:04+0530 DEBUG error: Status code: 404 for https://mirrors.rpmfusion.org/metalink?repo=nonfree-fedora-nvidia-driver-39&arch=x86_64 (IP: 2607:5300:201:3100::9322) (https://mirrors.rpmfusion.org/metalink?repo=nonfree-fedora-nvidia-driver-39&arch=x86_64).
2026-08-05T13:27:04+0530 WARNING Errors during downloading metadata for repository 'rpmfusion-nonfree-nvidia-driver':
  - Status code: 404 for https://mirrors.rpmfusion.org/metalink?repo=nonfree-fedora-nvidia-driver-39&arch=x86_64 (IP: 2607:5300:201:3100::9322)
2026-08-05T13:27:04+0530 WARNING Error: Failed to download metadata for repo 'rpmfusion-nonfree-nvidia-driver': Cannot prepare internal mirrorlist: Status code: 404 for https://mirrors.rpmfusion.org/metalink?repo=nonfree-fedora-nvidia-driver-39&arch=x86_64 (IP: 2607:5300:201:3100::9322)
2026-08-05T13:27:05+0530 DEBUG reviving: 'rpmfusion-nonfree-steam' can be revived - metalink checksums match.
2026-08-05T13:27:05+0530 DEBUG rpmfusion-nonfree-steam: using metadata from Sat 23 Nov 2024 06:58:50 PM IST.
2026-08-05T13:27:05+0530 DEBUG reviving: 'rpmfusion-nonfree-updates' can be revived - metalink checksums match.
2026-08-05T13:27:05+0530 DEBUG rpmfusion-nonfree-updates: using metadata from Sat 23 Nov 2024 06:41:49 PM IST.
2026-08-05T13:27:07+0530 DEBUG reviving: 'teams-for-linux' can be revived - repomd matches.
2026-08-05T13:27:07+0530 DEBUG teams-for-linux: using metadata from Sun 02 Aug 2026 02:43:13 PM IST.
2026-08-05T13:27:07+0530 WARNING Ignoring repositories: hashicorp, rpmfusion-nonfree-nvidia-driver
2026-08-05T13:27:07+0530 DDEBUG timer: sack setup: 23668 ms
2026-08-05T13:27:07+0530 DEBUG User-Agent: constructed: 'libdnf (Fedora Linux 39; workstation; Linux.x86_64)'
2026-08-05T13:27:07+0530 DEBUG Completion plugin: Generating completion cache...
2026-08-05T13:27:09+0530 INFO Metadata cache created.
2026-08-05T13:27:09+0530 DDEBUG Cleaning up.
2026-08-05T13:27:09+0530 DDEBUG Plugins were unloaded.
2026-08-05T14:32:40+0530 INFO --- logging initialized ---
2026-08-05T14:32:40+0530 DDEBUG timer: config: 50 ms
2026-08-05T14:32:40+0530 DEBUG Loaded plugins: builddep, changelog, config-manager, copr, debug, debuginfo-install, download, generate_completion_cache, groups-manager, needs-restarting, notify-packagekit, playground, repoclosure, repodiff, repograph, repomanage, reposync, system-upgrade
2026-08-05T14:32:40+0530 DEBUG DNF version: 4.21.1
2026-08-05T14:32:40+0530 DDEBUG Command: dnf makecache --timer 
2026-08-05T14:32:40+0530 DDEBUG Installroot: /
2026-08-05T14:32:40+0530 DDEBUG Releasever: 39
2026-08-05T14:32:40+0530 DEBUG cachedir: /var/cache/dnf
2026-08-05T14:32:40+0530 DDEBUG Base command: makecache
2026-08-05T14:32:40+0530 DDEBUG Extra commands: ['makecache', '--timer']
2026-08-05T14:32:40+0530 DEBUG Making cache files for all metadata files.
2026-08-05T14:32:40+0530 INFO Metadata cache refreshed recently.
2026-08-05T14:32:40+0530 DDEBUG Cleaning up.
2026-08-05T14:32:40+0530 DDEBUG Plugins were unloaded.
2026-08-05T20:10:34+0530 INFO --- logging initialized ---
2026-08-05T20:10:34+0530 DDEBUG timer: config: 132 ms
2026-08-05T20:10:35+0530 DEBUG Loaded plugins: builddep, changelog, config-manager, copr, debug, debuginfo-install, download, generate_completion_cache, groups-manager, needs-restarting, notify-packagekit, playground, repoclosure, repodiff, repograph, repomanage, reposync, system-upgrade
2026-08-05T20:10:35+0530 DEBUG DNF version: 4.21.1
2026-08-05T20:10:35+0530 DDEBUG Command: dnf makecache --timer 
2026-08-05T20:10:35+0530 DDEBUG Installroot: /
2026-08-05T20:10:35+0530 DDEBUG Releasever: 39
2026-08-05T20:10:35+0530 DEBUG cachedir: /var/cache/dnf
2026-08-05T20:10:35+0530 DDEBUG Base command: makecache
2026-08-05T20:10:35+0530 DDEBUG Extra commands: ['makecache', '--timer']
2026-08-05T20:10:35+0530 DEBUG Making cache files for all metadata files.
2026-08-05T20:10:35+0530 INFO Metadata timer caching disabled when running on a battery.
2026-08-05T20:10:35+0530 DDEBUG Cleaning up.
2026-08-05T20:10:35+0530 DDEBUG Plugins were unloaded.
2026-08-06T13:14:08+0530 INFO --- logging initialized ---
2026-08-06T13:14:08+0530 DDEBUG timer: config: 45 ms
2026-08-06T13:14:09+0530 DEBUG Loaded plugins: builddep, changelog, config-manager, copr, debug, debuginfo-install, download, generate_completion_cache, groups-manager, needs-restarting, notify-packagekit, playground, repoclosure, repodiff, repograph, repomanage, reposync, system-upgrade
2026-08-06T13:14:09+0530 DEBUG DNF version: 4.21.1
2026-08-06T13:14:09+0530 DDEBUG Command: dnf makecache --timer 
2026-08-06T13:14:09+0530 DDEBUG Installroot: /
2026-08-06T13:14:09+0530 DDEBUG Releasever: 39
2026-08-06T13:14:09+0530 DEBUG cachedir: /var/cache/dnf
2026-08-06T13:14:09+0530 DDEBUG Base command: makecache
2026-08-06T13:14:09+0530 DDEBUG Extra commands: ['makecache', '--timer']
2026-08-06T13:14:09+0530 DEBUG Making cache files for all metadata files.
2026-08-06T13:14:09+0530 DEBUG bitrix24: has expired and will be refreshed.
2026-08-06T13:14:09+0530 DEBUG brave-browser: has expired and will be refreshed.
2026-08-06T13:14:09+0530 DEBUG docker-ce-stable: has expired and will be refreshed.
2026-08-06T13:14:09+0530 DEBUG fedora: has expired and will be refreshed.
2026-08-06T13:14:09+0530 DEBUG fedora-cisco-openh264: has expired and will be refreshed.
2026-08-06T13:14:10+0530 DEBUG updates: has expired and will be refreshed.
2026-08-06T13:14:10+0530 DEBUG google-chrome: has expired and will be refreshed.
2026-08-06T13:14:10+0530 DEBUG hashicorp: has expired and will be refreshed.
2026-08-06T13:14:10+0530 DEBUG jenkins: has expired and will be refreshed.
2026-08-06T13:14:10+0530 DEBUG packages-microsoft-com-prod: has expired and will be refreshed.
2026-08-06T13:14:10+0530 DEBUG rpmfusion-free: has expired and will be refreshed.
2026-08-06T13:14:10+0530 DEBUG rpmfusion-free-updates: has expired and will be refreshed.
2026-08-06T13:14:10+0530 DEBUG rpmfusion-nonfree: has expired and will be refreshed.
2026-08-06T13:14:10+0530 DEBUG rpmfusion-nonfree-nvidia-driver: has expired and will be refreshed.
2026-08-06T13:14:10+0530 DEBUG rpmfusion-nonfree-steam: has expired and will be refreshed.
2026-08-06T13:14:10+0530 DEBUG rpmfusion-nonfree-updates: has expired and will be refreshed.
2026-08-06T13:14:10+0530 DEBUG teams-for-linux: has expired and will be refreshed.
2026-08-06T13:14:10+0530 DEBUG reviving: 'bitrix24' can be revived - repomd matches.
2026-08-06T13:14:10+0530 DEBUG bitrix24: using metadata from Mon 20 Apr 2026 09:02:48 PM IST.
2026-08-06T13:14:10+0530 DEBUG reviving: failed for 'brave-browser', mismatched repomd.
2026-08-06T13:14:10+0530 DEBUG repo: downloading from remote: brave-browser
2026-08-06T13:14:10+0530 DEBUG brave-browser: using metadata from Thu 06 Aug 2026 12:34:46 AM IST.
2026-08-06T13:14:11+0530 DEBUG reviving: 'docker-ce-stable' can be revived - repomd matches.
2026-08-06T13:14:11+0530 DEBUG docker-ce-stable: using metadata from Wed 13 Nov 2024 06:00:28 PM IST.
2026-08-06T13:14:11+0530 DEBUG countme: no event for fedora: window already counted
2026-08-06T13:14:12+0530 DEBUG reviving: 'fedora' can be revived - metalink checksums match.
2026-08-06T13:14:13+0530 DEBUG fedora: using metadata from Wed 01 Nov 2023 05:42:39 AM IST.
2026-08-06T13:14:13+0530 DEBUG reviving: 'fedora-cisco-openh264' can be revived - metalink checksums match.
2026-08-06T13:14:13+0530 DEBUG fedora-cisco-openh264: using metadata from Tue 12 Mar 2024 05:43:24 PM IST.
2026-08-06T13:14:13+0530 DEBUG countme: no event for updates: window already counted
2026-08-06T13:14:14+0530 DEBUG reviving: 'updates' can be revived - metalink checksums match.
2026-08-06T13:14:15+0530 DEBUG updates: using metadata from Tue 26 Nov 2024 10:05:09 PM IST.
2026-08-06T13:14:15+0530 DEBUG reviving: failed for 'google-chrome', mismatched repomd.
2026-08-06T13:14:15+0530 DEBUG repo: downloading from remote: google-chrome
2026-08-06T13:14:16+0530 DEBUG google-chrome: using metadata from Wed 05 Aug 2026 09:46:43 PM IST.
2026-08-06T13:14:16+0530 DEBUG repo: downloading from remote: hashicorp
2026-08-06T13:14:17+0530 DEBUG error: Status code: 404 for https://rpm.releases.hashicorp.com/fedora/39/x86_64/stable/repodata/repomd.xml (IP: 108.159.91.91) (https://rpm.releases.hashicorp.com/fedora/39/x86_64/stable/repodata/repomd.xml).
2026-08-06T13:14:17+0530 WARNING Errors during downloading metadata for repository 'hashicorp':
  - Status code: 404 for https://rpm.releases.hashicorp.com/fedora/39/x86_64/stable/repodata/repomd.xml (IP: 108.159.91.91)
2026-08-06T13:14:17+0530 WARNING Error: Failed to download metadata for repo 'hashicorp': Cannot download repomd.xml: Status code: 404 for https://rpm.releases.hashicorp.com/fedora/39/x86_64/stable/repodata/repomd.xml (IP: 108.159.91.91)
2026-08-06T13:14:18+0530 DEBUG reviving: failed for 'jenkins', mismatched repomd.
2026-08-06T13:14:18+0530 DEBUG repo: downloading from remote: jenkins
2026-08-06T13:14:20+0530 DEBUG jenkins: using metadata from Tue 04 Aug 2026 02:34:50 PM IST.
2026-08-06T13:14:20+0530 DEBUG reviving: failed for 'packages-microsoft-com-prod', mismatched repomd.
2026-08-06T13:14:20+0530 DEBUG repo: downloading from remote: packages-microsoft-com-prod
2026-08-06T13:14:23+0530 DEBUG packages-microsoft-com-prod: using metadata from Thu 06 Aug 2026 01:17:17 AM IST.
2026-08-06T13:14:24+0530 DEBUG reviving: 'rpmfusion-free' can be revived - metalink checksums match.
2026-08-06T13:14:24+0530 DEBUG rpmfusion-free: using metadata from Sat 04 Nov 2023 10:19:08 PM IST.
2026-08-06T13:14:25+0530 DEBUG reviving: 'rpmfusion-free-updates' can be revived - metalink checksums match.
2026-08-06T13:14:25+0530 DEBUG rpmfusion-free-updates: using metadata from Sat 23 Nov 2024 06:15:37 PM IST.
2026-08-06T13:14:25+0530 DEBUG reviving: 'rpmfusion-nonfree' can be revived - metalink checksums match.
2026-08-06T13:14:25+0530 DEBUG rpmfusion-nonfree: using metadata from Sat 04 Nov 2023 10:56:32 PM IST.
2026-08-06T13:14:26+0530 DEBUG error: Status code: 404 for https://mirrors.rpmfusion.org/metalink?repo=nonfree-fedora-nvidia-driver-39&arch=x86_64 (IP: 78.47.223.143) (https://mirrors.rpmfusion.org/metalink?repo=nonfree-fedora-nvidia-driver-39&arch=x86_64).
2026-08-06T13:14:27+0530 DEBUG error: Status code: 404 for https://mirrors.rpmfusion.org/metalink?repo=nonfree-fedora-nvidia-driver-39&arch=x86_64 (IP: 78.47.223.143) (https://mirrors.rpmfusion.org/metalink?repo=nonfree-fedora-nvidia-driver-39&arch=x86_64).
2026-08-06T13:14:27+0530 DEBUG error: Status code: 404 for https://mirrors.rpmfusion.org/metalink?repo=nonfree-fedora-nvidia-driver-39&arch=x86_64 (IP: 78.47.223.143) (https://mirrors.rpmfusion.org/metalink?repo=nonfree-fedora-nvidia-driver-39&arch=x86_64).
2026-08-06T13:14:28+0530 DEBUG error: Status code: 404 for https://mirrors.rpmfusion.org/metalink?repo=nonfree-fedora-nvidia-driver-39&arch=x86_64 (IP: 78.47.223.143) (https://mirrors.rpmfusion.org/metalink?repo=nonfree-fedora-nvidia-driver-39&arch=x86_64).
2026-08-06T13:14:29+0530 DEBUG error: Status code: 404 for https://mirrors.rpmfusion.org/metalink?repo=nonfree-fedora-nvidia-driver-39&arch=x86_64 (IP: 158.69.60.128) (https://mirrors.rpmfusion.org/metalink?repo=nonfree-fedora-nvidia-driver-39&arch=x86_64).
2026-08-06T13:14:29+0530 DEBUG error: Status code: 404 for https://mirrors.rpmfusion.org/metalink?repo=nonfree-fedora-nvidia-driver-39&arch=x86_64 (IP: 158.69.60.128) (https://mirrors.rpmfusion.org/metalink?repo=nonfree-fedora-nvidia-driver-39&arch=x86_64).
2026-08-06T13:14:30+0530 DEBUG error: Status code: 404 for https://mirrors.rpmfusion.org/metalink?repo=nonfree-fedora-nvidia-driver-39&arch=x86_64 (IP: 158.69.60.128) (https://mirrors.rpmfusion.org/metalink?repo=nonfree-fedora-nvidia-driver-39&arch=x86_64).
2026-08-06T13:14:30+0530 DEBUG error: Status code: 404 for https://mirrors.rpmfusion.org/metalink?repo=nonfree-fedora-nvidia-driver-39&arch=x86_64 (IP: 158.69.60.128) (https://mirrors.rpmfusion.org/metalink?repo=nonfree-fedora-nvidia-driver-39&arch=x86_64).
2026-08-06T13:14:32+0530 DEBUG error: Status code: 404 for https://mirrors.rpmfusion.org/metalink?repo=nonfree-fedora-nvidia-driver-39&arch=x86_64 (IP: 158.69.60.128) (https://mirrors.rpmfusion.org/metalink?repo=nonfree-fedora-nvidia-driver-39&arch=x86_64).
2026-08-06T13:14:32+0530 DEBUG error: Status code: 404 for https://mirrors.rpmfusion.org/metalink?repo=nonfree-fedora-nvidia-driver-39&arch=x86_64 (IP: 158.69.60.128) (https://mirrors.rpmfusion.org/metalink?repo=nonfree-fedora-nvidia-driver-39&arch=x86_64).
2026-08-06T13:14:33+0530 DEBUG error: Status code: 404 for https://mirrors.rpmfusion.org/metalink?repo=nonfree-fedora-nvidia-driver-39&arch=x86_64 (IP: 158.69.60.128) (https://mirrors.rpmfusion.org/metalink?repo=nonfree-fedora-nvidia-driver-39&arch=x86_64).
2026-08-06T13:14:33+0530 DEBUG error: Status code: 404 for https://mirrors.rpmfusion.org/metalink?repo=nonfree-fedora-nvidia-driver-39&arch=x86_64 (IP: 158.69.60.128) (https://mirrors.rpmfusion.org/metalink?repo=nonfree-fedora-nvidia-driver-39&arch=x86_64).
2026-08-06T13:14:33+0530 WARNING Errors during downloading metadata for repository 'rpmfusion-nonfree-nvidia-driver':
  - Status code: 404 for https://mirrors.rpmfusion.org/metalink?repo=nonfree-fedora-nvidia-driver-39&arch=x86_64 (IP: 78.47.223.143)
  - Status code: 404 for https://mirrors.rpmfusion.org/metalink?repo=nonfree-fedora-nvidia-driver-39&arch=x86_64 (IP: 158.69.60.128)
2026-08-06T13:14:33+0530 WARNING Error: Failed to download metadata for repo 'rpmfusion-nonfree-nvidia-driver': Cannot prepare internal mirrorlist: Status code: 404 for https://mirrors.rpmfusion.org/metalink?repo=nonfree-fedora-nvidia-driver-39&arch=x86_64 (IP: 158.69.60.128)
2026-08-06T13:14:34+0530 DEBUG reviving: 'rpmfusion-nonfree-steam' can be revived - metalink checksums match.
2026-08-06T13:14:34+0530 DEBUG rpmfusion-nonfree-steam: using metadata from Sat 23 Nov 2024 06:58:50 PM IST.
2026-08-06T13:14:35+0530 DEBUG reviving: 'rpmfusion-nonfree-updates' can be revived - metalink checksums match.
2026-08-06T13:14:35+0530 DEBUG rpmfusion-nonfree-updates: using metadata from Sat 23 Nov 2024 06:41:49 PM IST.
2026-08-06T13:14:35+0530 DEBUG reviving: 'teams-for-linux' can be revived - repomd matches.
2026-08-06T13:14:35+0530 DEBUG teams-for-linux: using metadata from Sun 02 Aug 2026 02:43:13 PM IST.
2026-08-06T13:14:35+0530 WARNING Ignoring repositories: hashicorp, rpmfusion-nonfree-nvidia-driver
2026-08-06T13:14:35+0530 DDEBUG timer: sack setup: 25393 ms
2026-08-06T13:14:35+0530 DEBUG User-Agent: constructed: 'libdnf (Fedora Linux 39; workstation; Linux.x86_64)'
2026-08-06T13:14:35+0530 DEBUG Completion plugin: Generating completion cache...
2026-08-06T13:14:37+0530 INFO Metadata cache created.
2026-08-06T13:14:37+0530 DDEBUG Cleaning up.
2026-08-06T13:14:37+0530 DDEBUG Plugins were unloaded.
2026-08-06T14:32:09+0530 INFO --- logging initialized ---
2026-08-06T14:32:09+0530 DDEBUG timer: config: 44 ms
2026-08-06T14:32:09+0530 DEBUG Loaded plugins: builddep, changelog, config-manager, copr, debug, debuginfo-install, download, generate_completion_cache, groups-manager, needs-restarting, notify-packagekit, playground, repoclosure, repodiff, repograph, repomanage, reposync, system-upgrade
2026-08-06T14:32:09+0530 DEBUG DNF version: 4.21.1
2026-08-06T14:32:09+0530 DDEBUG Command: dnf makecache --timer 
2026-08-06T14:32:09+0530 DDEBUG Installroot: /
2026-08-06T14:32:09+0530 DDEBUG Releasever: 39
2026-08-06T14:32:09+0530 DEBUG cachedir: /var/cache/dnf
2026-08-06T14:32:09+0530 DDEBUG Base command: makecache
2026-08-06T14:32:09+0530 DDEBUG Extra commands: ['makecache', '--timer']
2026-08-06T14:32:09+0530 DEBUG Making cache files for all metadata files.
2026-08-06T14:32:09+0530 INFO Metadata cache refreshed recently.
2026-08-06T14:32:09+0530 DDEBUG Cleaning up.
2026-08-06T14:32:09+0530 DDEBUG Plugins were unloaded.
2026-08-06T21:14:08+0530 INFO --- logging initialized ---
2026-08-06T21:14:08+0530 DDEBUG timer: config: 75 ms
2026-08-06T21:14:08+0530 DEBUG Loaded plugins: builddep, changelog, config-manager, copr, debug, debuginfo-install, download, generate_completion_cache, groups-manager, needs-restarting, notify-packagekit, playground, repoclosure, repodiff, repograph, repomanage, reposync, system-upgrade
2026-08-06T21:14:08+0530 DEBUG DNF version: 4.21.1
2026-08-06T21:14:08+0530 DDEBUG Command: dnf makecache --timer 
2026-08-06T21:14:08+0530 DDEBUG Installroot: /
2026-08-06T21:14:08+0530 DDEBUG Releasever: 39
2026-08-06T21:14:08+0530 DEBUG cachedir: /var/cache/dnf
2026-08-06T21:14:08+0530 DDEBUG Base command: makecache
2026-08-06T21:14:08+0530 DDEBUG Extra commands: ['makecache', '--timer']
2026-08-06T21:14:08+0530 DEBUG Making cache files for all metadata files.
2026-08-06T21:14:08+0530 INFO Metadata timer caching disabled when running on a battery.
2026-08-06T21:14:08+0530 DDEBUG Cleaning up.
2026-08-06T21:14:08+0530 DDEBUG Plugins were unloaded.
2026-08-07T11:48:20+0530 INFO --- logging initialized ---
2026-08-07T11:48:20+0530 DDEBUG timer: config: 36 ms
2026-08-07T11:48:20+0530 DEBUG Loaded plugins: builddep, changelog, config-manager, copr, debug, debuginfo-install, download, generate_completion_cache, groups-manager, needs-restarting, notify-packagekit, playground, repoclosure, repodiff, repograph, repomanage, reposync, system-upgrade
2026-08-07T11:48:20+0530 DEBUG DNF version: 4.21.1
2026-08-07T11:48:20+0530 DDEBUG Command: dnf makecache --timer 
2026-08-07T11:48:20+0530 DDEBUG Installroot: /
2026-08-07T11:48:20+0530 DDEBUG Releasever: 39
2026-08-07T11:48:20+0530 DEBUG cachedir: /var/cache/dnf
2026-08-07T11:48:20+0530 DDEBUG Base command: makecache
2026-08-07T11:48:20+0530 DDEBUG Extra commands: ['makecache', '--timer']
2026-08-07T11:48:20+0530 DEBUG Making cache files for all metadata files.
2026-08-07T11:48:20+0530 DEBUG bitrix24: has expired and will be refreshed.
2026-08-07T11:48:20+0530 DEBUG brave-browser: has expired and will be refreshed.
2026-08-07T11:48:20+0530 DEBUG docker-ce-stable: has expired and will be refreshed.
2026-08-07T11:48:21+0530 DEBUG fedora: has expired and will be refreshed.
2026-08-07T11:48:21+0530 DEBUG fedora-cisco-openh264: has expired and will be refreshed.
2026-08-07T11:48:21+0530 DEBUG updates: has expired and will be refreshed.
2026-08-07T11:48:21+0530 DEBUG google-chrome: has expired and will be refreshed.
2026-08-07T11:48:21+0530 DEBUG hashicorp: has expired and will be refreshed.
2026-08-07T11:48:21+0530 DEBUG jenkins: has expired and will be refreshed.
2026-08-07T11:48:21+0530 DEBUG packages-microsoft-com-prod: has expired and will be refreshed.
2026-08-07T11:48:21+0530 DEBUG rpmfusion-free: has expired and will be refreshed.
2026-08-07T11:48:21+0530 DEBUG rpmfusion-free-updates: has expired and will be refreshed.
2026-08-07T11:48:21+0530 DEBUG rpmfusion-nonfree: has expired and will be refreshed.
2026-08-07T11:48:21+0530 DEBUG rpmfusion-nonfree-nvidia-driver: has expired and will be refreshed.
2026-08-07T11:48:21+0530 DEBUG rpmfusion-nonfree-steam: has expired and will be refreshed.
2026-08-07T11:48:21+0530 DEBUG rpmfusion-nonfree-updates: has expired and will be refreshed.
2026-08-07T11:48:21+0530 DEBUG teams-for-linux: has expired and will be refreshed.
2026-08-07T11:48:21+0530 DEBUG reviving: 'bitrix24' can be revived - repomd matches.
2026-08-07T11:48:21+0530 DEBUG bitrix24: using metadata from Mon 20 Apr 2026 09:02:48 PM IST.
2026-08-07T11:48:21+0530 DEBUG reviving: 'brave-browser' can be revived - repomd matches.
2026-08-07T11:48:21+0530 DEBUG brave-browser: using metadata from Thu 06 Aug 2026 12:34:46 AM IST.
2026-08-07T11:48:22+0530 DEBUG reviving: 'docker-ce-stable' can be revived - repomd matches.
2026-08-07T11:48:22+0530 DEBUG docker-ce-stable: using metadata from Wed 13 Nov 2024 06:00:28 PM IST.
2026-08-07T11:48:22+0530 DEBUG countme: no event for fedora: window already counted
2026-08-07T11:48:23+0530 DEBUG reviving: 'fedora' can be revived - metalink checksums match.
2026-08-07T11:48:24+0530 DEBUG fedora: using metadata from Wed 01 Nov 2023 05:42:39 AM IST.
2026-08-07T11:48:25+0530 DEBUG reviving: 'fedora-cisco-openh264' can be revived - metalink checksums match.
2026-08-07T11:48:25+0530 DEBUG fedora-cisco-openh264: using metadata from Tue 12 Mar 2024 05:43:24 PM IST.
2026-08-07T11:48:25+0530 DEBUG countme: no event for updates: window already counted
2026-08-07T11:48:26+0530 DEBUG reviving: 'updates' can be revived - metalink checksums match.
2026-08-07T11:48:27+0530 DEBUG updates: using metadata from Tue 26 Nov 2024 10:05:09 PM IST.
2026-08-07T11:48:27+0530 DEBUG reviving: failed for 'google-chrome', mismatched repomd.
2026-08-07T11:48:27+0530 DEBUG repo: downloading from remote: google-chrome
2026-08-07T11:48:27+0530 DEBUG google-chrome: using metadata from Fri 07 Aug 2026 02:18:45 AM IST.
2026-08-07T11:48:27+0530 DEBUG repo: downloading from remote: hashicorp
2026-08-07T11:48:29+0530 DEBUG error: Status code: 404 for https://rpm.releases.hashicorp.com/fedora/39/x86_64/stable/repodata/repomd.xml (IP: 13.225.5.7) (https://rpm.releases.hashicorp.com/fedora/39/x86_64/stable/repodata/repomd.xml).
2026-08-07T11:48:29+0530 WARNING Errors during downloading metadata for repository 'hashicorp':
  - Status code: 404 for https://rpm.releases.hashicorp.com/fedora/39/x86_64/stable/repodata/repomd.xml (IP: 13.225.5.7)
2026-08-07T11:48:29+0530 WARNING Error: Failed to download metadata for repo 'hashicorp': Cannot download repomd.xml: Status code: 404 for https://rpm.releases.hashicorp.com/fedora/39/x86_64/stable/repodata/repomd.xml (IP: 13.225.5.7)
2026-08-07T11:48:29+0530 DEBUG reviving: 'jenkins' can be revived - repomd matches.
2026-08-07T11:48:29+0530 DEBUG jenkins: using metadata from Tue 04 Aug 2026 02:34:50 PM IST.
2026-08-07T11:48:29+0530 DEBUG reviving: 'packages-microsoft-com-prod' can be revived - repomd matches.
2026-08-07T11:48:29+0530 DEBUG packages-microsoft-com-prod: using metadata from Thu 06 Aug 2026 01:17:17 AM IST.
2026-08-07T11:48:31+0530 DEBUG reviving: 'rpmfusion-free' can be revived - metalink checksums match.
2026-08-07T11:48:31+0530 DEBUG rpmfusion-free: using metadata from Sat 04 Nov 2023 10:19:08 PM IST.
2026-08-07T11:48:32+0530 DEBUG reviving: 'rpmfusion-free-updates' can be revived - metalink checksums match.
2026-08-07T11:48:32+0530 DEBUG rpmfusion-free-updates: using metadata from Sat 23 Nov 2024 06:15:37 PM IST.
2026-08-07T11:48:33+0530 DEBUG reviving: 'rpmfusion-nonfree' can be revived - metalink checksums match.
2026-08-07T11:48:33+0530 DEBUG rpmfusion-nonfree: using metadata from Sat 04 Nov 2023 10:56:32 PM IST.
2026-08-07T11:48:34+0530 DEBUG error: Status code: 404 for https://mirrors.rpmfusion.org/metalink?repo=nonfree-fedora-nvidia-driver-39&arch=x86_64 (IP: 78.47.223.143) (https://mirrors.rpmfusion.org/metalink?repo=nonfree-fedora-nvidia-driver-39&arch=x86_64).
2026-08-07T11:48:35+0530 DEBUG error: Status code: 404 for https://mirrors.rpmfusion.org/metalink?repo=nonfree-fedora-nvidia-driver-39&arch=x86_64 (IP: 78.47.223.143) (https://mirrors.rpmfusion.org/metalink?repo=nonfree-fedora-nvidia-driver-39&arch=x86_64).
2026-08-07T11:48:35+0530 DEBUG error: Status code: 404 for https://mirrors.rpmfusion.org/metalink?repo=nonfree-fedora-nvidia-driver-39&arch=x86_64 (IP: 78.47.223.143) (https://mirrors.rpmfusion.org/metalink?repo=nonfree-fedora-nvidia-driver-39&arch=x86_64).
2026-08-07T11:48:36+0530 DEBUG error: Status code: 404 for https://mirrors.rpmfusion.org/metalink?repo=nonfree-fedora-nvidia-driver-39&arch=x86_64 (IP: 78.47.223.143) (https://mirrors.rpmfusion.org/metalink?repo=nonfree-fedora-nvidia-driver-39&arch=x86_64).
2026-08-07T11:48:37+0530 DEBUG error: Status code: 404 for https://mirrors.rpmfusion.org/metalink?repo=nonfree-fedora-nvidia-driver-39&arch=x86_64 (IP: 158.69.60.128) (https://mirrors.rpmfusion.org/metalink?repo=nonfree-fedora-nvidia-driver-39&arch=x86_64).
2026-08-07T11:48:38+0530 DEBUG error: Status code: 404 for https://mirrors.rpmfusion.org/metalink?repo=nonfree-fedora-nvidia-driver-39&arch=x86_64 (IP: 158.69.60.128) (https://mirrors.rpmfusion.org/metalink?repo=nonfree-fedora-nvidia-driver-39&arch=x86_64).
2026-08-07T11:48:39+0530 DEBUG error: Status code: 404 for https://mirrors.rpmfusion.org/metalink?repo=nonfree-fedora-nvidia-driver-39&arch=x86_64 (IP: 158.69.60.128) (https://mirrors.rpmfusion.org/metalink?repo=nonfree-fedora-nvidia-driver-39&arch=x86_64).
2026-08-07T11:48:40+0530 DEBUG error: Status code: 404 for https://mirrors.rpmfusion.org/metalink?repo=nonfree-fedora-nvidia-driver-39&arch=x86_64 (IP: 158.69.60.128) (https://mirrors.rpmfusion.org/metalink?repo=nonfree-fedora-nvidia-driver-39&arch=x86_64).
2026-08-07T11:48:42+0530 DEBUG error: Status code: 404 for https://mirrors.rpmfusion.org/metalink?repo=nonfree-fedora-nvidia-driver-39&arch=x86_64 (IP: 158.69.60.128) (https://mirrors.rpmfusion.org/metalink?repo=nonfree-fedora-nvidia-driver-39&arch=x86_64).
2026-08-07T11:48:43+0530 DEBUG error: Status code: 404 for https://mirrors.rpmfusion.org/metalink?repo=nonfree-fedora-nvidia-driver-39&arch=x86_64 (IP: 158.69.60.128) (https://mirrors.rpmfusion.org/metalink?repo=nonfree-fedora-nvidia-driver-39&arch=x86_64).
2026-08-07T11:48:44+0530 DEBUG error: Status code: 404 for https://mirrors.rpmfusion.org/metalink?repo=nonfree-fedora-nvidia-driver-39&arch=x86_64 (IP: 158.69.60.128) (https://mirrors.rpmfusion.org/metalink?repo=nonfree-fedora-nvidia-driver-39&arch=x86_64).
2026-08-07T11:48:44+0530 DEBUG error: Status code: 404 for https://mirrors.rpmfusion.org/metalink?repo=nonfree-fedora-nvidia-driver-39&arch=x86_64 (IP: 158.69.60.128) (https://mirrors.rpmfusion.org/metalink?repo=nonfree-fedora-nvidia-driver-39&arch=x86_64).
2026-08-07T11:48:44+0530 WARNING Errors during downloading metadata for repository 'rpmfusion-nonfree-nvidia-driver':
  - Status code: 404 for https://mirrors.rpmfusion.org/metalink?repo=nonfree-fedora-nvidia-driver-39&arch=x86_64 (IP: 78.47.223.143)
  - Status code: 404 for https://mirrors.rpmfusion.org/metalink?repo=nonfree-fedora-nvidia-driver-39&arch=x86_64 (IP: 158.69.60.128)
2026-08-07T11:48:44+0530 WARNING Error: Failed to download metadata for repo 'rpmfusion-nonfree-nvidia-driver': Cannot prepare internal mirrorlist: Status code: 404 for https://mirrors.rpmfusion.org/metalink?repo=nonfree-fedora-nvidia-driver-39&arch=x86_64 (IP: 158.69.60.128)
2026-08-07T11:48:45+0530 DEBUG reviving: 'rpmfusion-nonfree-steam' can be revived - metalink checksums match.
2026-08-07T11:48:45+0530 DEBUG rpmfusion-nonfree-steam: using metadata from Sat 23 Nov 2024 06:58:50 PM IST.
2026-08-07T11:48:46+0530 DEBUG reviving: 'rpmfusion-nonfree-updates' can be revived - metalink checksums match.
2026-08-07T11:48:46+0530 DEBUG rpmfusion-nonfree-updates: using metadata from Sat 23 Nov 2024 06:41:49 PM IST.
2026-08-07T11:48:47+0530 DEBUG reviving: 'teams-for-linux' can be revived - repomd matches.
2026-08-07T11:48:47+0530 DEBUG teams-for-linux: using metadata from Sun 02 Aug 2026 02:43:13 PM IST.
2026-08-07T11:48:47+0530 WARNING Ignoring repositories: hashicorp, rpmfusion-nonfree-nvidia-driver
2026-08-07T11:48:47+0530 DDEBUG timer: sack setup: 25326 ms
2026-08-07T11:48:47+0530 DEBUG User-Agent: constructed: 'libdnf (Fedora Linux 39; workstation; Linux.x86_64)'
2026-08-07T11:48:47+0530 DEBUG Completion plugin: Generating completion cache...
2026-08-07T11:48:48+0530 INFO Metadata cache created.
2026-08-07T11:48:48+0530 DDEBUG Cleaning up.
2026-08-07T11:48:48+0530 DDEBUG Plugins were unloaded.
2026-08-07T15:13:43+0530 INFO --- logging initialized ---
2026-08-07T15:13:43+0530 DDEBUG timer: config: 67 ms
2026-08-07T15:13:44+0530 DEBUG Loaded plugins: builddep, changelog, config-manager, copr, debug, debuginfo-install, download, generate_completion_cache, groups-manager, needs-restarting, notify-packagekit, playground, repoclosure, repodiff, repograph, repomanage, reposync, system-upgrade
2026-08-07T15:13:44+0530 DEBUG DNF version: 4.21.1
2026-08-07T15:13:44+0530 DDEBUG Command: dnf makecache --timer 
2026-08-07T15:13:44+0530 DDEBUG Installroot: /
2026-08-07T15:13:44+0530 DDEBUG Releasever: 39
2026-08-07T15:13:44+0530 DEBUG cachedir: /var/cache/dnf
2026-08-07T15:13:44+0530 DDEBUG Base command: makecache
2026-08-07T15:13:44+0530 DDEBUG Extra commands: ['makecache', '--timer']
2026-08-07T15:13:44+0530 DEBUG Making cache files for all metadata files.
2026-08-07T15:13:44+0530 DEBUG bitrix24: has expired and will be refreshed.
2026-08-07T15:13:44+0530 DEBUG brave-browser: has expired and will be refreshed.
2026-08-07T15:13:44+0530 DEBUG docker-ce-stable: has expired and will be refreshed.
2026-08-07T15:13:46+0530 DEBUG fedora: has expired and will be refreshed.
2026-08-07T15:13:46+0530 DEBUG fedora-cisco-openh264: has expired and will be refreshed.
2026-08-07T15:13:47+0530 DEBUG updates: has expired and will be refreshed.
2026-08-07T15:13:47+0530 DEBUG google-chrome: has expired and will be refreshed.
2026-08-07T15:13:47+0530 DEBUG hashicorp: has expired and will be refreshed.
2026-08-07T15:13:47+0530 DEBUG jenkins: has expired and will be refreshed.
2026-08-07T15:13:47+0530 DEBUG packages-microsoft-com-prod: has expired and will be refreshed.
2026-08-07T15:13:47+0530 DEBUG rpmfusion-free: has expired and will be refreshed.
2026-08-07T15:13:47+0530 DEBUG rpmfusion-free-updates: has expired and will be refreshed.
2026-08-07T15:13:47+0530 DEBUG rpmfusion-nonfree: has expired and will be refreshed.
2026-08-07T15:13:47+0530 DEBUG rpmfusion-nonfree-nvidia-driver: has expired and will be refreshed.
2026-08-07T15:13:47+0530 DEBUG rpmfusion-nonfree-steam: has expired and will be refreshed.
2026-08-07T15:13:47+0530 DEBUG rpmfusion-nonfree-updates: has expired and will be refreshed.
2026-08-07T15:13:47+0530 DEBUG teams-for-linux: has expired and will be refreshed.
2026-08-07T15:13:52+0530 DEBUG reviving: 'bitrix24' can be revived - repomd matches.
2026-08-07T15:13:52+0530 DEBUG bitrix24: using metadata from Mon 20 Apr 2026 09:02:48 PM IST.
2026-08-07T15:13:53+0530 DEBUG reviving: 'brave-browser' can be revived - repomd matches.
2026-08-07T15:13:53+0530 DEBUG brave-browser: using metadata from Thu 06 Aug 2026 12:34:46 AM IST.
2026-08-07T15:13:53+0530 DEBUG reviving: 'docker-ce-stable' can be revived - repomd matches.
2026-08-07T15:13:53+0530 DEBUG docker-ce-stable: using metadata from Wed 13 Nov 2024 06:00:28 PM IST.
2026-08-07T15:13:53+0530 DEBUG countme: no event for fedora: window already counted
2026-08-07T15:13:53+0530 DEBUG reviving: 'fedora' can be revived - metalink checksums match.
2026-08-07T15:13:56+0530 DEBUG fedora: using metadata from Wed 01 Nov 2023 05:42:39 AM IST.
2026-08-07T15:13:57+0530 DEBUG reviving: 'fedora-cisco-openh264' can be revived - metalink checksums match.
2026-08-07T15:13:57+0530 DEBUG fedora-cisco-openh264: using metadata from Tue 12 Mar 2024 05:43:24 PM IST.
2026-08-07T15:13:57+0530 DEBUG countme: no event for updates: window already counted
2026-08-07T15:13:57+0530 DEBUG reviving: 'updates' can be revived - metalink checksums match.
2026-08-07T15:13:59+0530 DEBUG updates: using metadata from Tue 26 Nov 2024 10:05:09 PM IST.
2026-08-07T15:14:00+0530 DEBUG reviving: 'google-chrome' can be revived - repomd matches.
2026-08-07T15:14:00+0530 DEBUG google-chrome: using metadata from Fri 07 Aug 2026 02:18:45 AM IST.
2026-08-07T15:14:00+0530 DEBUG repo: downloading from remote: hashicorp
2026-08-07T15:14:01+0530 DEBUG error: Status code: 404 for https://rpm.releases.hashicorp.com/fedora/39/x86_64/stable/repodata/repomd.xml (IP: 108.159.91.105) (https://rpm.releases.hashicorp.com/fedora/39/x86_64/stable/repodata/repomd.xml).
2026-08-07T15:14:01+0530 WARNING Errors during downloading metadata for repository 'hashicorp':
  - Status code: 404 for https://rpm.releases.hashicorp.com/fedora/39/x86_64/stable/repodata/repomd.xml (IP: 108.159.91.105)
2026-08-07T15:14:01+0530 WARNING Error: Failed to download metadata for repo 'hashicorp': Cannot download repomd.xml: Status code: 404 for https://rpm.releases.hashicorp.com/fedora/39/x86_64/stable/repodata/repomd.xml (IP: 108.159.91.105)
2026-08-07T15:14:01+0530 DEBUG reviving: 'jenkins' can be revived - repomd matches.
2026-08-07T15:14:01+0530 DEBUG jenkins: using metadata from Tue 04 Aug 2026 02:34:50 PM IST.
2026-08-07T15:14:01+0530 DEBUG reviving: 'packages-microsoft-com-prod' can be revived - repomd matches.
2026-08-07T15:14:01+0530 DEBUG packages-microsoft-com-prod: using metadata from Thu 06 Aug 2026 01:17:17 AM IST.
2026-08-07T15:14:02+0530 DEBUG reviving: 'rpmfusion-free' can be revived - metalink checksums match.
2026-08-07T15:14:02+0530 DEBUG rpmfusion-free: using metadata from Sat 04 Nov 2023 10:19:08 PM IST.
2026-08-07T15:14:02+0530 DEBUG reviving: 'rpmfusion-free-updates' can be revived - metalink checksums match.
2026-08-07T15:14:02+0530 DEBUG rpmfusion-free-updates: using metadata from Sat 23 Nov 2024 06:15:37 PM IST.
2026-08-07T15:14:03+0530 DEBUG reviving: 'rpmfusion-nonfree' can be revived - metalink checksums match.
2026-08-07T15:14:03+0530 DEBUG rpmfusion-nonfree: using metadata from Sat 04 Nov 2023 10:56:32 PM IST.
2026-08-07T15:14:04+0530 DEBUG error: Status code: 404 for https://mirrors.rpmfusion.org/metalink?repo=nonfree-fedora-nvidia-driver-39&arch=x86_64 (IP: 158.69.60.128) (https://mirrors.rpmfusion.org/metalink?repo=nonfree-fedora-nvidia-driver-39&arch=x86_64).
2026-08-07T15:14:04+0530 DEBUG error: Status code: 404 for https://mirrors.rpmfusion.org/metalink?repo=nonfree-fedora-nvidia-driver-39&arch=x86_64 (IP: 158.69.60.128) (https://mirrors.rpmfusion.org/metalink?repo=nonfree-fedora-nvidia-driver-39&arch=x86_64).
2026-08-07T15:14:04+0530 DEBUG error: Status code: 404 for https://mirrors.rpmfusion.org/metalink?repo=nonfree-fedora-nvidia-driver-39&arch=x86_64 (IP: 158.69.60.128) (https://mirrors.rpmfusion.org/metalink?repo=nonfree-fedora-nvidia-driver-39&arch=x86_64).
2026-08-07T15:14:05+0530 DEBUG error: Status code: 404 for https://mirrors.rpmfusion.org/metalink?repo=nonfree-fedora-nvidia-driver-39&arch=x86_64 (IP: 158.69.60.128) (https://mirrors.rpmfusion.org/metalink?repo=nonfree-fedora-nvidia-driver-39&arch=x86_64).
2026-08-07T15:14:05+0530 DEBUG error: Status code: 404 for https://mirrors.rpmfusion.org/metalink?repo=nonfree-fedora-nvidia-driver-39&arch=x86_64 (IP: 78.47.223.143) (https://mirrors.rpmfusion.org/metalink?repo=nonfree-fedora-nvidia-driver-39&arch=x86_64).
2026-08-07T15:14:06+0530 DEBUG error: Status code: 404 for https://mirrors.rpmfusion.org/metalink?repo=nonfree-fedora-nvidia-driver-39&arch=x86_64 (IP: 78.47.223.143) (https://mirrors.rpmfusion.org/metalink?repo=nonfree-fedora-nvidia-driver-39&arch=x86_64).
2026-08-07T15:14:06+0530 DEBUG error: Status code: 404 for https://mirrors.rpmfusion.org/metalink?repo=nonfree-fedora-nvidia-driver-39&arch=x86_64 (IP: 78.47.223.143) (https://mirrors.rpmfusion.org/metalink?repo=nonfree-fedora-nvidia-driver-39&arch=x86_64).
2026-08-07T15:14:06+0530 DEBUG error: Status code: 404 for https://mirrors.rpmfusion.org/metalink?repo=nonfree-fedora-nvidia-driver-39&arch=x86_64 (IP: 78.47.223.143) (https://mirrors.rpmfusion.org/metalink?repo=nonfree-fedora-nvidia-driver-39&arch=x86_64).
2026-08-07T15:14:07+0530 DEBUG error: Status code: 404 for https://mirrors.rpmfusion.org/metalink?repo=nonfree-fedora-nvidia-driver-39&arch=x86_64 (IP: 78.47.223.143) (https://mirrors.rpmfusion.org/metalink?repo=nonfree-fedora-nvidia-driver-39&arch=x86_64).
2026-08-07T15:14:07+0530 DEBUG error: Status code: 404 for https://mirrors.rpmfusion.org/metalink?repo=nonfree-fedora-nvidia-driver-39&arch=x86_64 (IP: 78.47.223.143) (https://mirrors.rpmfusion.org/metalink?repo=nonfree-fedora-nvidia-driver-39&arch=x86_64).
2026-08-07T15:14:07+0530 DEBUG error: Status code: 404 for https://mirrors.rpmfusion.org/metalink?repo=nonfree-fedora-nvidia-driver-39&arch=x86_64 (IP: 78.47.223.143) (https://mirrors.rpmfusion.org/metalink?repo=nonfree-fedora-nvidia-driver-39&arch=x86_64).
2026-08-07T15:14:08+0530 DEBUG error: Status code: 404 for https://mirrors.rpmfusion.org/metalink?repo=nonfree-fedora-nvidia-driver-39&arch=x86_64 (IP: 78.47.223.143) (https://mirrors.rpmfusion.org/metalink?repo=nonfree-fedora-nvidia-driver-39&arch=x86_64).
2026-08-07T15:14:08+0530 WARNING Errors during downloading metadata for repository 'rpmfusion-nonfree-nvidia-driver':
  - Status code: 404 for https://mirrors.rpmfusion.org/metalink?repo=nonfree-fedora-nvidia-driver-39&arch=x86_64 (IP: 78.47.223.143)
  - Status code: 404 for https://mirrors.rpmfusion.org/metalink?repo=nonfree-fedora-nvidia-driver-39&arch=x86_64 (IP: 158.69.60.128)
2026-08-07T15:14:08+0530 WARNING Error: Failed to download metadata for repo 'rpmfusion-nonfree-nvidia-driver': Cannot prepare internal mirrorlist: Status code: 404 for https://mirrors.rpmfusion.org/metalink?repo=nonfree-fedora-nvidia-driver-39&arch=x86_64 (IP: 78.47.223.143)
2026-08-07T15:14:08+0530 DEBUG reviving: 'rpmfusion-nonfree-steam' can be revived - metalink checksums match.
2026-08-07T15:14:08+0530 DEBUG rpmfusion-nonfree-steam: using metadata from Sat 23 Nov 2024 06:58:50 PM IST.
2026-08-07T15:14:09+0530 DEBUG reviving: 'rpmfusion-nonfree-updates' can be revived - metalink checksums match.
2026-08-07T15:14:09+0530 DEBUG rpmfusion-nonfree-updates: using metadata from Sat 23 Nov 2024 06:41:49 PM IST.
2026-08-07T15:14:09+0530 DEBUG reviving: 'teams-for-linux' can be revived - repomd matches.
2026-08-07T15:14:09+0530 DEBUG teams-for-linux: using metadata from Sun 02 Aug 2026 02:43:13 PM IST.
2026-08-07T15:14:09+0530 WARNING Ignoring repositories: hashicorp, rpmfusion-nonfree-nvidia-driver
2026-08-07T15:14:09+0530 DDEBUG timer: sack setup: 22262 ms
2026-08-07T15:14:09+0530 DEBUG User-Agent: constructed: 'libdnf (Fedora Linux 39; workstation; Linux.x86_64)'
2026-08-07T15:14:09+0530 INFO Metadata cache created.
2026-08-07T15:14:09+0530 DDEBUG Cleaning up.
2026-08-07T15:14:09+0530 DDEBUG Plugins were unloaded.
2026-08-07T20:13:59+0530 INFO --- logging initialized ---
2026-08-07T20:13:59+0530 DDEBUG timer: config: 61 ms
2026-08-07T20:13:59+0530 DEBUG Loaded plugins: builddep, changelog, config-manager, copr, debug, debuginfo-install, download, generate_completion_cache, groups-manager, needs-restarting, notify-packagekit, playground, repoclosure, repodiff, repograph, repomanage, reposync, system-upgrade
2026-08-07T20:13:59+0530 DEBUG DNF version: 4.21.1
2026-08-07T20:13:59+0530 DDEBUG Command: dnf makecache --timer 
2026-08-07T20:13:59+0530 DDEBUG Installroot: /
2026-08-07T20:13:59+0530 DDEBUG Releasever: 39
2026-08-07T20:13:59+0530 DEBUG cachedir: /var/cache/dnf
2026-08-07T20:13:59+0530 DDEBUG Base command: makecache
2026-08-07T20:13:59+0530 DDEBUG Extra commands: ['makecache', '--timer']
2026-08-07T20:13:59+0530 DEBUG Making cache files for all metadata files.
2026-08-07T20:13:59+0530 DEBUG bitrix24: has expired and will be refreshed.
2026-08-07T20:13:59+0530 DEBUG brave-browser: has expired and will be refreshed.
2026-08-07T20:13:59+0530 DEBUG docker-ce-stable: has expired and will be refreshed.
2026-08-07T20:14:00+0530 DEBUG fedora: has expired and will be refreshed.
2026-08-07T20:14:00+0530 DEBUG fedora-cisco-openh264: has expired and will be refreshed.
2026-08-07T20:14:01+0530 DEBUG updates: has expired and will be refreshed.
2026-08-07T20:14:01+0530 DEBUG google-chrome: has expired and will be refreshed.
2026-08-07T20:14:01+0530 DEBUG hashicorp: has expired and will be refreshed.
2026-08-07T20:14:01+0530 DEBUG jenkins: has expired and will be refreshed.
2026-08-07T20:14:01+0530 DEBUG packages-microsoft-com-prod: has expired and will be refreshed.
2026-08-07T20:14:01+0530 DEBUG rpmfusion-free: has expired and will be refreshed.
2026-08-07T20:14:01+0530 DEBUG rpmfusion-free-updates: has expired and will be refreshed.
2026-08-07T20:14:01+0530 DEBUG rpmfusion-nonfree: has expired and will be refreshed.
2026-08-07T20:14:01+0530 DEBUG rpmfusion-nonfree-nvidia-driver: has expired and will be refreshed.
2026-08-07T20:14:01+0530 DEBUG rpmfusion-nonfree-steam: has expired and will be refreshed.
2026-08-07T20:14:01+0530 DEBUG rpmfusion-nonfree-updates: has expired and will be refreshed.
2026-08-07T20:14:01+0530 DEBUG teams-for-linux: has expired and will be refreshed.
2026-08-07T20:14:01+0530 DEBUG reviving: 'bitrix24' can be revived - repomd matches.
2026-08-07T20:14:01+0530 DEBUG bitrix24: using metadata from Mon 20 Apr 2026 09:02:48 PM IST.
2026-08-07T20:14:01+0530 DEBUG reviving: 'brave-browser' can be revived - repomd matches.
2026-08-07T20:14:01+0530 DEBUG brave-browser: using metadata from Thu 06 Aug 2026 12:34:46 AM IST.
2026-08-07T20:14:01+0530 DEBUG reviving: 'docker-ce-stable' can be revived - repomd matches.
2026-08-07T20:14:01+0530 DEBUG docker-ce-stable: using metadata from Wed 13 Nov 2024 06:00:28 PM IST.
2026-08-07T20:14:01+0530 DEBUG countme: no event for fedora: window already counted
2026-08-07T20:14:01+0530 DEBUG reviving: 'fedora' can be revived - metalink checksums match.
2026-08-07T20:14:02+0530 DEBUG fedora: using metadata from Wed 01 Nov 2023 05:42:39 AM IST.
2026-08-07T20:14:02+0530 DEBUG reviving: 'fedora-cisco-openh264' can be revived - metalink checksums match.
2026-08-07T20:14:02+0530 DEBUG fedora-cisco-openh264: using metadata from Tue 12 Mar 2024 05:43:24 PM IST.
2026-08-07T20:14:02+0530 DEBUG countme: no event for updates: window already counted
2026-08-07T20:14:03+0530 DEBUG reviving: 'updates' can be revived - metalink checksums match.
2026-08-07T20:14:04+0530 DEBUG updates: using metadata from Tue 26 Nov 2024 10:05:09 PM IST.
2026-08-07T20:14:04+0530 DEBUG reviving: failed for 'google-chrome', mismatched repomd.
2026-08-07T20:14:04+0530 DEBUG repo: downloading from remote: google-chrome
2026-08-07T20:14:05+0530 DEBUG google-chrome: using metadata from Fri 07 Aug 2026 03:17:59 PM IST.
2026-08-07T20:14:05+0530 DEBUG repo: downloading from remote: hashicorp
2026-08-07T20:14:06+0530 DEBUG error: Status code: 404 for https://rpm.releases.hashicorp.com/fedora/39/x86_64/stable/repodata/repomd.xml (IP: 2600:9000:21b4:ec00:18:566b:ecc0:93a1) (https://rpm.releases.hashicorp.com/fedora/39/x86_64/stable/repodata/repomd.xml).
2026-08-07T20:14:06+0530 WARNING Errors during downloading metadata for repository 'hashicorp':
  - Status code: 404 for https://rpm.releases.hashicorp.com/fedora/39/x86_64/stable/repodata/repomd.xml (IP: 2600:9000:21b4:ec00:18:566b:ecc0:93a1)
2026-08-07T20:14:06+0530 WARNING Error: Failed to download metadata for repo 'hashicorp': Cannot download repomd.xml: Status code: 404 for https://rpm.releases.hashicorp.com/fedora/39/x86_64/stable/repodata/repomd.xml (IP: 2600:9000:21b4:ec00:18:566b:ecc0:93a1)
2026-08-07T20:14:09+0530 DEBUG reviving: 'jenkins' can be revived - repomd matches.
2026-08-07T20:14:09+0530 DEBUG jenkins: using metadata from Tue 04 Aug 2026 02:34:50 PM IST.
2026-08-07T20:14:11+0530 DEBUG reviving: failed for 'packages-microsoft-com-prod', mismatched repomd.
2026-08-07T20:14:11+0530 DEBUG repo: downloading from remote: packages-microsoft-com-prod
2026-08-07T20:14:14+0530 DEBUG packages-microsoft-com-prod: using metadata from Fri 07 Aug 2026 04:02:41 PM IST.
2026-08-07T20:14:14+0530 DEBUG reviving: 'rpmfusion-free' can be revived - metalink checksums match.
2026-08-07T20:14:14+0530 DEBUG rpmfusion-free: using metadata from Sat 04 Nov 2023 10:19:08 PM IST.
2026-08-07T20:14:15+0530 DEBUG reviving: 'rpmfusion-free-updates' can be revived - metalink checksums match.
2026-08-07T20:14:15+0530 DEBUG rpmfusion-free-updates: using metadata from Sat 23 Nov 2024 06:15:37 PM IST.
2026-08-07T20:14:16+0530 DEBUG reviving: 'rpmfusion-nonfree' can be revived - metalink checksums match.
2026-08-07T20:14:16+0530 DEBUG rpmfusion-nonfree: using metadata from Sat 04 Nov 2023 10:56:32 PM IST.
2026-08-07T20:14:17+0530 DEBUG error: Status code: 404 for https://mirrors.rpmfusion.org/metalink?repo=nonfree-fedora-nvidia-driver-39&arch=x86_64 (IP: 2607:5300:201:3100::9322) (https://mirrors.rpmfusion.org/metalink?repo=nonfree-fedora-nvidia-driver-39&arch=x86_64).
2026-08-07T20:14:17+0530 DEBUG error: Status code: 404 for https://mirrors.rpmfusion.org/metalink?repo=nonfree-fedora-nvidia-driver-39&arch=x86_64 (IP: 2607:5300:201:3100::9322) (https://mirrors.rpmfusion.org/metalink?repo=nonfree-fedora-nvidia-driver-39&arch=x86_64).
2026-08-07T20:14:18+0530 DEBUG error: Status code: 404 for https://mirrors.rpmfusion.org/metalink?repo=nonfree-fedora-nvidia-driver-39&arch=x86_64 (IP: 2607:5300:201:3100::9322) (https://mirrors.rpmfusion.org/metalink?repo=nonfree-fedora-nvidia-driver-39&arch=x86_64).
2026-08-07T20:14:19+0530 DEBUG error: Status code: 404 for https://mirrors.rpmfusion.org/metalink?repo=nonfree-fedora-nvidia-driver-39&arch=x86_64 (IP: 2607:5300:201:3100::9322) (https://mirrors.rpmfusion.org/metalink?repo=nonfree-fedora-nvidia-driver-39&arch=x86_64).
2026-08-07T20:14:20+0530 DEBUG error: Status code: 404 for https://mirrors.rpmfusion.org/metalink?repo=nonfree-fedora-nvidia-driver-39&arch=x86_64 (IP: 2607:5300:201:3100::9322) (https://mirrors.rpmfusion.org/metalink?repo=nonfree-fedora-nvidia-driver-39&arch=x86_64).
2026-08-07T20:14:20+0530 DEBUG error: Status code: 404 for https://mirrors.rpmfusion.org/metalink?repo=nonfree-fedora-nvidia-driver-39&arch=x86_64 (IP: 2607:5300:201:3100::9322) (https://mirrors.rpmfusion.org/metalink?repo=nonfree-fedora-nvidia-driver-39&arch=x86_64).
2026-08-07T20:14:20+0530 DEBUG error: Status code: 404 for https://mirrors.rpmfusion.org/metalink?repo=nonfree-fedora-nvidia-driver-39&arch=x86_64 (IP: 2607:5300:201:3100::9322) (https://mirrors.rpmfusion.org/metalink?repo=nonfree-fedora-nvidia-driver-39&arch=x86_64).
2026-08-07T20:14:20+0530 DEBUG error: Status code: 404 for https://mirrors.rpmfusion.org/metalink?repo=nonfree-fedora-nvidia-driver-39&arch=x86_64 (IP: 2607:5300:201:3100::9322) (https://mirrors.rpmfusion.org/metalink?repo=nonfree-fedora-nvidia-driver-39&arch=x86_64).
2026-08-07T20:14:22+0530 DEBUG error: Status code: 404 for https://mirrors.rpmfusion.org/metalink?repo=nonfree-fedora-nvidia-driver-39&arch=x86_64 (IP: 2607:5300:201:3100::9322) (https://mirrors.rpmfusion.org/metalink?repo=nonfree-fedora-nvidia-driver-39&arch=x86_64).
2026-08-07T20:14:25+0530 DEBUG error: Status code: 404 for https://mirrors.rpmfusion.org/metalink?repo=nonfree-fedora-nvidia-driver-39&arch=x86_64 (IP: 2607:5300:201:3100::9322) (https://mirrors.rpmfusion.org/metalink?repo=nonfree-fedora-nvidia-driver-39&arch=x86_64).
2026-08-07T20:14:25+0530 DEBUG error: Status code: 404 for https://mirrors.rpmfusion.org/metalink?repo=nonfree-fedora-nvidia-driver-39&arch=x86_64 (IP: 2607:5300:201:3100::9322) (https://mirrors.rpmfusion.org/metalink?repo=nonfree-fedora-nvidia-driver-39&arch=x86_64).
2026-08-07T20:14:26+0530 DEBUG error: Status code: 404 for https://mirrors.rpmfusion.org/metalink?repo=nonfree-fedora-nvidia-driver-39&arch=x86_64 (IP: 2607:5300:201:3100::9322) (https://mirrors.rpmfusion.org/metalink?repo=nonfree-fedora-nvidia-driver-39&arch=x86_64).
2026-08-07T20:14:26+0530 WARNING Errors during downloading metadata for repository 'rpmfusion-nonfree-nvidia-driver':
  - Status code: 404 for https://mirrors.rpmfusion.org/metalink?repo=nonfree-fedora-nvidia-driver-39&arch=x86_64 (IP: 2607:5300:201:3100::9322)
2026-08-07T20:14:26+0530 WARNING Error: Failed to download metadata for repo 'rpmfusion-nonfree-nvidia-driver': Cannot prepare internal mirrorlist: Status code: 404 for https://mirrors.rpmfusion.org/metalink?repo=nonfree-fedora-nvidia-driver-39&arch=x86_64 (IP: 2607:5300:201:3100::9322)
2026-08-07T20:14:26+0530 DEBUG reviving: 'rpmfusion-nonfree-steam' can be revived - metalink checksums match.
2026-08-07T20:14:26+0530 DEBUG rpmfusion-nonfree-steam: using metadata from Sat 23 Nov 2024 06:58:50 PM IST.
2026-08-07T20:14:27+0530 DEBUG reviving: 'rpmfusion-nonfree-updates' can be revived - metalink checksums match.
2026-08-07T20:14:27+0530 DEBUG rpmfusion-nonfree-updates: using metadata from Sat 23 Nov 2024 06:41:49 PM IST.
2026-08-07T20:14:28+0530 DEBUG reviving: 'teams-for-linux' can be revived - repomd matches.
2026-08-07T20:14:28+0530 DEBUG teams-for-linux: using metadata from Sun 02 Aug 2026 02:43:13 PM IST.
2026-08-07T20:14:28+0530 WARNING Ignoring repositories: hashicorp, rpmfusion-nonfree-nvidia-driver
2026-08-07T20:14:28+0530 DDEBUG timer: sack setup: 27195 ms
2026-08-07T20:14:28+0530 DEBUG User-Agent: constructed: 'libdnf (Fedora Linux 39; workstation; Linux.x86_64)'
2026-08-07T20:14:28+0530 DEBUG Completion plugin: Generating completion cache...
2026-08-07T20:14:29+0530 INFO Metadata cache created.
2026-08-07T20:14:29+0530 DDEBUG Cleaning up.
2026-08-07T20:14:29+0530 DDEBUG Plugins were unloaded.
2026-08-10T14:28:34+0530 INFO --- logging initialized ---
2026-08-10T14:28:34+0530 DDEBUG timer: config: 256 ms
2026-08-10T14:28:34+0530 DEBUG Loaded plugins: builddep, changelog, config-manager, copr, debug, debuginfo-install, download, generate_completion_cache, groups-manager, needs-restarting, notify-packagekit, playground, repoclosure, repodiff, repograph, repomanage, reposync, system-upgrade
2026-08-10T14:28:34+0530 DEBUG DNF version: 4.21.1
2026-08-10T14:28:34+0530 DDEBUG Command: dnf makecache --timer 
2026-08-10T14:28:34+0530 DDEBUG Installroot: /
2026-08-10T14:28:34+0530 DDEBUG Releasever: 39
2026-08-10T14:28:34+0530 DEBUG cachedir: /var/cache/dnf
2026-08-10T14:28:34+0530 DDEBUG Base command: makecache
2026-08-10T14:28:34+0530 DDEBUG Extra commands: ['makecache', '--timer']
2026-08-10T14:28:34+0530 DEBUG Making cache files for all metadata files.
2026-08-10T14:28:34+0530 INFO Metadata timer caching disabled when running on a battery.
2026-08-10T14:28:34+0530 DDEBUG Cleaning up.
2026-08-10T14:28:35+0530 DDEBUG Plugins were unloaded.
2026-08-10T19:02:59+0530 INFO --- logging initialized ---
2026-08-10T19:02:59+0530 DDEBUG timer: config: 133 ms
2026-08-10T19:02:59+0530 DEBUG Loaded plugins: builddep, changelog, config-manager, copr, debug, debuginfo-install, download, generate_completion_cache, groups-manager, needs-restarting, notify-packagekit, playground, repoclosure, repodiff, repograph, repomanage, reposync, system-upgrade
2026-08-10T19:02:59+0530 DEBUG DNF version: 4.21.1
2026-08-10T19:02:59+0530 DDEBUG Command: dnf makecache --timer 
2026-08-10T19:02:59+0530 DDEBUG Installroot: /
2026-08-10T19:02:59+0530 DDEBUG Releasever: 39
2026-08-10T19:02:59+0530 DEBUG cachedir: /var/cache/dnf
2026-08-10T19:02:59+0530 DDEBUG Base command: makecache
2026-08-10T19:02:59+0530 DDEBUG Extra commands: ['makecache', '--timer']
2026-08-10T19:02:59+0530 DEBUG Making cache files for all metadata files.
2026-08-10T19:02:59+0530 DEBUG bitrix24: has expired and will be refreshed.
2026-08-10T19:02:59+0530 DEBUG brave-browser: has expired and will be refreshed.
2026-08-10T19:02:59+0530 DEBUG docker-ce-stable: has expired and will be refreshed.
2026-08-10T19:03:02+0530 DEBUG fedora: has expired and will be refreshed.
2026-08-10T19:03:02+0530 DEBUG fedora-cisco-openh264: has expired and will be refreshed.
2026-08-10T19:03:03+0530 DEBUG updates: has expired and will be refreshed.
2026-08-10T19:03:03+0530 DEBUG google-chrome: has expired and will be refreshed.
2026-08-10T19:03:03+0530 DEBUG hashicorp: has expired and will be refreshed.
2026-08-10T19:03:03+0530 DEBUG jenkins: has expired and will be refreshed.
2026-08-10T19:03:03+0530 DEBUG packages-microsoft-com-prod: has expired and will be refreshed.
2026-08-10T19:03:03+0530 DEBUG rpmfusion-free: has expired and will be refreshed.
2026-08-10T19:03:03+0530 DEBUG rpmfusion-free-updates: has expired and will be refreshed.
2026-08-10T19:03:03+0530 DEBUG rpmfusion-nonfree: has expired and will be refreshed.
2026-08-10T19:03:03+0530 DEBUG rpmfusion-nonfree-nvidia-driver: has expired and will be refreshed.
2026-08-10T19:03:03+0530 DEBUG rpmfusion-nonfree-steam: has expired and will be refreshed.
2026-08-10T19:03:03+0530 DEBUG rpmfusion-nonfree-updates: has expired and will be refreshed.
2026-08-10T19:03:03+0530 DEBUG teams-for-linux: has expired and will be refreshed.
2026-08-10T19:03:04+0530 DEBUG reviving: 'bitrix24' can be revived - repomd matches.
2026-08-10T19:03:04+0530 DEBUG bitrix24: using metadata from Mon 20 Apr 2026 09:02:48 PM IST.
2026-08-10T19:03:04+0530 DEBUG reviving: failed for 'brave-browser', mismatched repomd.
2026-08-10T19:03:04+0530 DEBUG repo: downloading from remote: brave-browser
2026-08-10T19:03:05+0530 DEBUG brave-browser: using metadata from Fri 07 Aug 2026 09:04:30 PM IST.
2026-08-10T19:03:05+0530 DEBUG reviving: 'docker-ce-stable' can be revived - repomd matches.
2026-08-10T19:03:05+0530 DEBUG docker-ce-stable: using metadata from Wed 13 Nov 2024 06:00:28 PM IST.
2026-08-10T19:03:05+0530 DEBUG countme: no event for fedora: window already counted
2026-08-10T19:03:06+0530 DEBUG reviving: 'fedora' can be revived - metalink checksums match.
2026-08-10T19:03:17+0530 DEBUG fedora: using metadata from Wed 01 Nov 2023 05:42:39 AM IST.
2026-08-10T19:03:18+0530 DEBUG reviving: 'fedora-cisco-openh264' can be revived - metalink checksums match.
2026-08-10T19:03:18+0530 DEBUG fedora-cisco-openh264: using metadata from Tue 12 Mar 2024 05:43:24 PM IST.
2026-08-10T19:03:18+0530 DEBUG countme: no event for updates: window already counted
2026-08-10T19:03:18+0530 DEBUG reviving: 'updates' can be revived - metalink checksums match.
2026-08-10T19:03:20+0530 DEBUG updates: using metadata from Tue 26 Nov 2024 10:05:09 PM IST.
2026-08-10T19:03:20+0530 DEBUG reviving: failed for 'google-chrome', mismatched repomd.
2026-08-10T19:03:20+0530 DEBUG repo: downloading from remote: google-chrome
2026-08-10T19:03:21+0530 DEBUG google-chrome: using metadata from Mon 10 Aug 2026 02:47:55 PM IST.
2026-08-10T19:03:21+0530 DEBUG repo: downloading from remote: hashicorp
2026-08-10T19:03:22+0530 DEBUG error: Status code: 404 for https://rpm.releases.hashicorp.com/fedora/39/x86_64/stable/repodata/repomd.xml (IP: 2600:9000:21b4:ea00:18:566b:ecc0:93a1) (https://rpm.releases.hashicorp.com/fedora/39/x86_64/stable/repodata/repomd.xml).
2026-08-10T19:03:22+0530 WARNING Errors during downloading metadata for repository 'hashicorp':
  - Status code: 404 for https://rpm.releases.hashicorp.com/fedora/39/x86_64/stable/repodata/repomd.xml (IP: 2600:9000:21b4:ea00:18:566b:ecc0:93a1)
2026-08-10T19:03:22+0530 WARNING Error: Failed to download metadata for repo 'hashicorp': Cannot download repomd.xml: Status code: 404 for https://rpm.releases.hashicorp.com/fedora/39/x86_64/stable/repodata/repomd.xml (IP: 2600:9000:21b4:ea00:18:566b:ecc0:93a1)
2026-08-10T19:03:26+0530 DEBUG reviving: 'jenkins' can be revived - repomd matches.
2026-08-10T19:03:26+0530 DEBUG jenkins: using metadata from Tue 04 Aug 2026 02:34:50 PM IST.
2026-08-10T19:03:26+0530 DEBUG reviving: 'packages-microsoft-com-prod' can be revived - repomd matches.
2026-08-10T19:03:26+0530 DEBUG packages-microsoft-com-prod: using metadata from Fri 07 Aug 2026 04:02:41 PM IST.
2026-08-10T19:03:27+0530 DEBUG reviving: 'rpmfusion-free' can be revived - metalink checksums match.
2026-08-10T19:03:27+0530 DEBUG rpmfusion-free: using metadata from Sat 04 Nov 2023 10:19:08 PM IST.
2026-08-10T19:03:28+0530 DEBUG reviving: 'rpmfusion-free-updates' can be revived - metalink checksums match.
2026-08-10T19:03:28+0530 DEBUG rpmfusion-free-updates: using metadata from Sat 23 Nov 2024 06:15:37 PM IST.
2026-08-10T19:03:29+0530 DEBUG reviving: 'rpmfusion-nonfree' can be revived - metalink checksums match.
2026-08-10T19:03:29+0530 DEBUG rpmfusion-nonfree: using metadata from Sat 04 Nov 2023 10:56:32 PM IST.
2026-08-10T19:03:31+0530 DEBUG error: Status code: 404 for https://mirrors.rpmfusion.org/metalink?repo=nonfree-fedora-nvidia-driver-39&arch=x86_64 (IP: 2607:5300:201:3100::9322) (https://mirrors.rpmfusion.org/metalink?repo=nonfree-fedora-nvidia-driver-39&arch=x86_64).
2026-08-10T19:03:32+0530 DEBUG error: Status code: 404 for https://mirrors.rpmfusion.org/metalink?repo=nonfree-fedora-nvidia-driver-39&arch=x86_64 (IP: 2607:5300:201:3100::9322) (https://mirrors.rpmfusion.org/metalink?repo=nonfree-fedora-nvidia-driver-39&arch=x86_64).
2026-08-10T19:03:32+0530 DEBUG error: Status code: 404 for https://mirrors.rpmfusion.org/metalink?repo=nonfree-fedora-nvidia-driver-39&arch=x86_64 (IP: 2607:5300:201:3100::9322) (https://mirrors.rpmfusion.org/metalink?repo=nonfree-fedora-nvidia-driver-39&arch=x86_64).
2026-08-10T19:03:33+0530 DEBUG error: Status code: 404 for https://mirrors.rpmfusion.org/metalink?repo=nonfree-fedora-nvidia-driver-39&arch=x86_64 (IP: 2607:5300:201:3100::9322) (https://mirrors.rpmfusion.org/metalink?repo=nonfree-fedora-nvidia-driver-39&arch=x86_64).
2026-08-10T19:03:35+0530 DEBUG error: Status code: 404 for https://mirrors.rpmfusion.org/metalink?repo=nonfree-fedora-nvidia-driver-39&arch=x86_64 (IP: 2607:5300:201:3100::9322) (https://mirrors.rpmfusion.org/metalink?repo=nonfree-fedora-nvidia-driver-39&arch=x86_64).
2026-08-10T19:03:36+0530 DEBUG error: Status code: 404 for https://mirrors.rpmfusion.org/metalink?repo=nonfree-fedora-nvidia-driver-39&arch=x86_64 (IP: 2607:5300:201:3100::9322) (https://mirrors.rpmfusion.org/metalink?repo=nonfree-fedora-nvidia-driver-39&arch=x86_64).
2026-08-10T19:03:37+0530 DEBUG error: Status code: 404 for https://mirrors.rpmfusion.org/metalink?repo=nonfree-fedora-nvidia-driver-39&arch=x86_64 (IP: 2607:5300:201:3100::9322) (https://mirrors.rpmfusion.org/metalink?repo=nonfree-fedora-nvidia-driver-39&arch=x86_64).
2026-08-10T19:03:37+0530 DEBUG error: Status code: 404 for https://mirrors.rpmfusion.org/metalink?repo=nonfree-fedora-nvidia-driver-39&arch=x86_64 (IP: 2607:5300:201:3100::9322) (https://mirrors.rpmfusion.org/metalink?repo=nonfree-fedora-nvidia-driver-39&arch=x86_64).
2026-08-10T19:03:39+0530 DEBUG error: Status code: 404 for https://mirrors.rpmfusion.org/metalink?repo=nonfree-fedora-nvidia-driver-39&arch=x86_64 (IP: 2607:5300:201:3100::9322) (https://mirrors.rpmfusion.org/metalink?repo=nonfree-fedora-nvidia-driver-39&arch=x86_64).
2026-08-10T19:03:43+0530 DEBUG error: Status code: 404 for https://mirrors.rpmfusion.org/metalink?repo=nonfree-fedora-nvidia-driver-39&arch=x86_64 (IP: 2607:5300:201:3100::9322) (https://mirrors.rpmfusion.org/metalink?repo=nonfree-fedora-nvidia-driver-39&arch=x86_64).
2026-08-10T19:03:43+0530 DEBUG error: Status code: 404 for https://mirrors.rpmfusion.org/metalink?repo=nonfree-fedora-nvidia-driver-39&arch=x86_64 (IP: 2607:5300:201:3100::9322) (https://mirrors.rpmfusion.org/metalink?repo=nonfree-fedora-nvidia-driver-39&arch=x86_64).
2026-08-10T19:03:46+0530 DEBUG error: Status code: 404 for https://mirrors.rpmfusion.org/metalink?repo=nonfree-fedora-nvidia-driver-39&arch=x86_64 (IP: 2607:5300:201:3100::9322) (https://mirrors.rpmfusion.org/metalink?repo=nonfree-fedora-nvidia-driver-39&arch=x86_64).
2026-08-10T19:03:46+0530 WARNING Errors during downloading metadata for repository 'rpmfusion-nonfree-nvidia-driver':
  - Status code: 404 for https://mirrors.rpmfusion.org/metalink?repo=nonfree-fedora-nvidia-driver-39&arch=x86_64 (IP: 2607:5300:201:3100::9322)
2026-08-10T19:03:46+0530 WARNING Error: Failed to download metadata for repo 'rpmfusion-nonfree-nvidia-driver': Cannot prepare internal mirrorlist: Status code: 404 for https://mirrors.rpmfusion.org/metalink?repo=nonfree-fedora-nvidia-driver-39&arch=x86_64 (IP: 2607:5300:201:3100::9322)
2026-08-10T19:03:47+0530 DEBUG reviving: 'rpmfusion-nonfree-steam' can be revived - metalink checksums match.
2026-08-10T19:03:47+0530 DEBUG rpmfusion-nonfree-steam: using metadata from Sat 23 Nov 2024 06:58:50 PM IST.
2026-08-10T19:03:48+0530 DEBUG reviving: 'rpmfusion-nonfree-updates' can be revived - metalink checksums match.
2026-08-10T19:03:48+0530 DEBUG rpmfusion-nonfree-updates: using metadata from Sat 23 Nov 2024 06:41:49 PM IST.
2026-08-10T19:03:48+0530 DEBUG reviving: 'teams-for-linux' can be revived - repomd matches.
2026-08-10T19:03:48+0530 DEBUG teams-for-linux: using metadata from Sun 02 Aug 2026 02:43:13 PM IST.
2026-08-10T19:03:48+0530 WARNING Ignoring repositories: hashicorp, rpmfusion-nonfree-nvidia-driver
2026-08-10T19:03:48+0530 DDEBUG timer: sack setup: 45203 ms
2026-08-10T19:03:48+0530 DEBUG User-Agent: constructed: 'libdnf (Fedora Linux 39; workstation; Linux.x86_64)'
2026-08-10T19:03:48+0530 DEBUG Completion plugin: Generating completion cache...
2026-08-10T19:03:50+0530 INFO Metadata cache created.
2026-08-10T19:03:50+0530 DDEBUG Cleaning up.
2026-08-10T19:03:50+0530 DDEBUG Plugins were unloaded.
2026-08-10T20:50:59+0530 INFO --- logging initialized ---
2026-08-10T20:50:59+0530 DDEBUG timer: config: 105 ms
2026-08-10T20:51:00+0530 DEBUG Loaded plugins: builddep, changelog, config-manager, copr, debug, debuginfo-install, download, generate_completion_cache, groups-manager, needs-restarting, notify-packagekit, playground, repoclosure, repodiff, repograph, repomanage, reposync, system-upgrade
2026-08-10T20:51:00+0530 DEBUG DNF version: 4.21.1
2026-08-10T20:51:00+0530 DDEBUG Command: dnf makecache --timer 
2026-08-10T20:51:00+0530 DDEBUG Installroot: /
2026-08-10T20:51:00+0530 DDEBUG Releasever: 39
2026-08-10T20:51:00+0530 DEBUG cachedir: /var/cache/dnf
2026-08-10T20:51:00+0530 DDEBUG Base command: makecache
2026-08-10T20:51:00+0530 DDEBUG Extra commands: ['makecache', '--timer']
2026-08-10T20:51:00+0530 DEBUG Making cache files for all metadata files.
2026-08-10T20:51:00+0530 INFO Metadata cache refreshed recently.
2026-08-10T20:51:00+0530 DDEBUG Cleaning up.
2026-08-10T20:51:00+0530 DDEBUG Plugins were unloaded.
2026-08-11T12:43:02+0530 INFO --- logging initialized ---
2026-08-11T12:43:02+0530 DDEBUG timer: config: 103 ms
2026-08-11T12:43:02+0530 DEBUG Loaded plugins: builddep, changelog, config-manager, copr, debug, debuginfo-install, download, generate_completion_cache, groups-manager, needs-restarting, notify-packagekit, playground, repoclosure, repodiff, repograph, repomanage, reposync, system-upgrade
2026-08-11T12:43:02+0530 DEBUG DNF version: 4.21.1
2026-08-11T12:43:02+0530 DDEBUG Command: dnf makecache --timer 
2026-08-11T12:43:02+0530 DDEBUG Installroot: /
2026-08-11T12:43:02+0530 DDEBUG Releasever: 39
2026-08-11T12:43:02+0530 DEBUG cachedir: /var/cache/dnf
2026-08-11T12:43:02+0530 DDEBUG Base command: makecache
2026-08-11T12:43:02+0530 DDEBUG Extra commands: ['makecache', '--timer']
2026-08-11T12:43:02+0530 DEBUG Making cache files for all metadata files.
2026-08-11T12:43:02+0530 DEBUG bitrix24: has expired and will be refreshed.
2026-08-11T12:43:02+0530 DEBUG brave-browser: has expired and will be refreshed.
2026-08-11T12:43:02+0530 DEBUG docker-ce-stable: has expired and will be refreshed.
2026-08-11T12:43:04+0530 DEBUG fedora: has expired and will be refreshed.
2026-08-11T12:43:04+0530 DEBUG fedora-cisco-openh264: has expired and will be refreshed.
2026-08-11T12:43:05+0530 DEBUG updates: has expired and will be refreshed.
2026-08-11T12:43:05+0530 DEBUG google-chrome: has expired and will be refreshed.
2026-08-11T12:43:05+0530 DEBUG hashicorp: has expired and will be refreshed.
2026-08-11T12:43:05+0530 DEBUG jenkins: has expired and will be refreshed.
2026-08-11T12:43:05+0530 DEBUG packages-microsoft-com-prod: has expired and will be refreshed.
2026-08-11T12:43:05+0530 DEBUG rpmfusion-free: has expired and will be refreshed.
2026-08-11T12:43:05+0530 DEBUG rpmfusion-free-updates: has expired and will be refreshed.
2026-08-11T12:43:05+0530 DEBUG rpmfusion-nonfree: has expired and will be refreshed.
2026-08-11T12:43:05+0530 DEBUG rpmfusion-nonfree-nvidia-driver: has expired and will be refreshed.
2026-08-11T12:43:05+0530 DEBUG rpmfusion-nonfree-steam: has expired and will be refreshed.
2026-08-11T12:43:05+0530 DEBUG rpmfusion-nonfree-updates: has expired and will be refreshed.
2026-08-11T12:43:05+0530 DEBUG teams-for-linux: has expired and will be refreshed.
2026-08-11T12:43:06+0530 DEBUG reviving: 'bitrix24' can be revived - repomd matches.
2026-08-11T12:43:06+0530 DEBUG bitrix24: using metadata from Mon 20 Apr 2026 09:02:48 PM IST.
2026-08-11T12:43:06+0530 DEBUG reviving: 'brave-browser' can be revived - repomd matches.
2026-08-11T12:43:06+0530 DEBUG brave-browser: using metadata from Fri 07 Aug 2026 09:04:30 PM IST.
2026-08-11T12:43:06+0530 DEBUG reviving: 'docker-ce-stable' can be revived - repomd matches.
2026-08-11T12:43:06+0530 DEBUG docker-ce-stable: using metadata from Wed 13 Nov 2024 06:00:28 PM IST.
2026-08-11T12:43:06+0530 DEBUG countme: no event for fedora: window already counted
2026-08-11T12:43:07+0530 DEBUG reviving: 'fedora' can be revived - metalink checksums match.
2026-08-11T12:43:09+0530 DEBUG fedora: using metadata from Wed 01 Nov 2023 05:42:39 AM IST.
2026-08-11T12:43:10+0530 DEBUG reviving: 'fedora-cisco-openh264' can be revived - metalink checksums match.
2026-08-11T12:43:10+0530 DEBUG fedora-cisco-openh264: using metadata from Tue 12 Mar 2024 05:43:24 PM IST.
2026-08-11T12:43:10+0530 DEBUG countme: no event for updates: window already counted
2026-08-11T12:43:11+0530 DEBUG reviving: 'updates' can be revived - metalink checksums match.
2026-08-11T12:43:13+0530 DEBUG updates: using metadata from Tue 26 Nov 2024 10:05:09 PM IST.
2026-08-11T12:43:13+0530 DEBUG reviving: failed for 'google-chrome', mismatched repomd.
2026-08-11T12:43:13+0530 DEBUG repo: downloading from remote: google-chrome
2026-08-11T12:43:14+0530 DEBUG google-chrome: using metadata from Tue 11 Aug 2026 02:49:48 AM IST.
2026-08-11T12:43:14+0530 DEBUG repo: downloading from remote: hashicorp
2026-08-11T12:43:16+0530 DEBUG error: Status code: 404 for https://rpm.releases.hashicorp.com/fedora/39/x86_64/stable/repodata/repomd.xml (IP: 13.225.5.117) (https://rpm.releases.hashicorp.com/fedora/39/x86_64/stable/repodata/repomd.xml).
2026-08-11T12:43:16+0530 WARNING Errors during downloading metadata for repository 'hashicorp':
  - Status code: 404 for https://rpm.releases.hashicorp.com/fedora/39/x86_64/stable/repodata/repomd.xml (IP: 13.225.5.117)
2026-08-11T12:43:16+0530 WARNING Error: Failed to download metadata for repo 'hashicorp': Cannot download repomd.xml: Status code: 404 for https://rpm.releases.hashicorp.com/fedora/39/x86_64/stable/repodata/repomd.xml (IP: 13.225.5.117)
2026-08-11T12:43:16+0530 DEBUG reviving: 'jenkins' can be revived - repomd matches.
2026-08-11T12:43:16+0530 DEBUG jenkins: using metadata from Tue 04 Aug 2026 02:34:50 PM IST.
2026-08-11T12:43:16+0530 DEBUG reviving: failed for 'packages-microsoft-com-prod', mismatched repomd.
2026-08-11T12:43:16+0530 DEBUG repo: downloading from remote: packages-microsoft-com-prod
2026-08-11T12:43:21+0530 DEBUG packages-microsoft-com-prod: using metadata from Tue 11 Aug 2026 01:42:59 AM IST.
2026-08-11T12:43:22+0530 DEBUG reviving: 'rpmfusion-free' can be revived - metalink checksums match.
2026-08-11T12:43:22+0530 DEBUG rpmfusion-free: using metadata from Sat 04 Nov 2023 10:19:08 PM IST.
2026-08-11T12:43:22+0530 DEBUG reviving: 'rpmfusion-free-updates' can be revived - metalink checksums match.
2026-08-11T12:43:23+0530 DEBUG rpmfusion-free-updates: using metadata from Sat 23 Nov 2024 06:15:37 PM IST.
2026-08-11T12:43:23+0530 DEBUG reviving: 'rpmfusion-nonfree' can be revived - metalink checksums match.
2026-08-11T12:43:23+0530 DEBUG rpmfusion-nonfree: using metadata from Sat 04 Nov 2023 10:56:32 PM IST.
2026-08-11T12:43:24+0530 DEBUG error: Status code: 404 for https://mirrors.rpmfusion.org/metalink?repo=nonfree-fedora-nvidia-driver-39&arch=x86_64 (IP: 78.47.223.143) (https://mirrors.rpmfusion.org/metalink?repo=nonfree-fedora-nvidia-driver-39&arch=x86_64).
2026-08-11T12:43:24+0530 DEBUG error: Status code: 404 for https://mirrors.rpmfusion.org/metalink?repo=nonfree-fedora-nvidia-driver-39&arch=x86_64 (IP: 78.47.223.143) (https://mirrors.rpmfusion.org/metalink?repo=nonfree-fedora-nvidia-driver-39&arch=x86_64).
2026-08-11T12:43:25+0530 DEBUG error: Status code: 404 for https://mirrors.rpmfusion.org/metalink?repo=nonfree-fedora-nvidia-driver-39&arch=x86_64 (IP: 78.47.223.143) (https://mirrors.rpmfusion.org/metalink?repo=nonfree-fedora-nvidia-driver-39&arch=x86_64).
2026-08-11T12:43:25+0530 DEBUG error: Status code: 404 for https://mirrors.rpmfusion.org/metalink?repo=nonfree-fedora-nvidia-driver-39&arch=x86_64 (IP: 78.47.223.143) (https://mirrors.rpmfusion.org/metalink?repo=nonfree-fedora-nvidia-driver-39&arch=x86_64).
2026-08-11T12:43:26+0530 DEBUG error: Status code: 404 for https://mirrors.rpmfusion.org/metalink?repo=nonfree-fedora-nvidia-driver-39&arch=x86_64 (IP: 78.47.223.143) (https://mirrors.rpmfusion.org/metalink?repo=nonfree-fedora-nvidia-driver-39&arch=x86_64).
2026-08-11T12:43:27+0530 DEBUG error: Status code: 404 for https://mirrors.rpmfusion.org/metalink?repo=nonfree-fedora-nvidia-driver-39&arch=x86_64 (IP: 78.47.223.143) (https://mirrors.rpmfusion.org/metalink?repo=nonfree-fedora-nvidia-driver-39&arch=x86_64).
2026-08-11T12:43:27+0530 DEBUG error: Status code: 404 for https://mirrors.rpmfusion.org/metalink?repo=nonfree-fedora-nvidia-driver-39&arch=x86_64 (IP: 78.47.223.143) (https://mirrors.rpmfusion.org/metalink?repo=nonfree-fedora-nvidia-driver-39&arch=x86_64).
2026-08-11T12:43:28+0530 DEBUG error: Status code: 404 for https://mirrors.rpmfusion.org/metalink?repo=nonfree-fedora-nvidia-driver-39&arch=x86_64 (IP: 78.47.223.143) (https://mirrors.rpmfusion.org/metalink?repo=nonfree-fedora-nvidia-driver-39&arch=x86_64).
2026-08-11T12:43:29+0530 DEBUG error: Status code: 404 for https://mirrors.rpmfusion.org/metalink?repo=nonfree-fedora-nvidia-driver-39&arch=x86_64 (IP: 78.47.223.143) (https://mirrors.rpmfusion.org/metalink?repo=nonfree-fedora-nvidia-driver-39&arch=x86_64).
2026-08-11T12:43:29+0530 DEBUG error: Status code: 404 for https://mirrors.rpmfusion.org/metalink?repo=nonfree-fedora-nvidia-driver-39&arch=x86_64 (IP: 78.47.223.143) (https://mirrors.rpmfusion.org/metalink?repo=nonfree-fedora-nvidia-driver-39&arch=x86_64).
2026-08-11T12:43:30+0530 DEBUG error: Status code: 404 for https://mirrors.rpmfusion.org/metalink?repo=nonfree-fedora-nvidia-driver-39&arch=x86_64 (IP: 78.47.223.143) (https://mirrors.rpmfusion.org/metalink?repo=nonfree-fedora-nvidia-driver-39&arch=x86_64).
2026-08-11T12:43:30+0530 DEBUG error: Status code: 404 for https://mirrors.rpmfusion.org/metalink?repo=nonfree-fedora-nvidia-driver-39&arch=x86_64 (IP: 78.47.223.143) (https://mirrors.rpmfusion.org/metalink?repo=nonfree-fedora-nvidia-driver-39&arch=x86_64).
2026-08-11T12:43:30+0530 WARNING Errors during downloading metadata for repository 'rpmfusion-nonfree-nvidia-driver':
  - Status code: 404 for https://mirrors.rpmfusion.org/metalink?repo=nonfree-fedora-nvidia-driver-39&arch=x86_64 (IP: 78.47.223.143)
2026-08-11T12:43:30+0530 WARNING Error: Failed to download metadata for repo 'rpmfusion-nonfree-nvidia-driver': Cannot prepare internal mirrorlist: Status code: 404 for https://mirrors.rpmfusion.org/metalink?repo=nonfree-fedora-nvidia-driver-39&arch=x86_64 (IP: 78.47.223.143)
2026-08-11T12:43:31+0530 DEBUG reviving: 'rpmfusion-nonfree-steam' can be revived - metalink checksums match.
2026-08-11T12:43:31+0530 DEBUG rpmfusion-nonfree-steam: using metadata from Sat 23 Nov 2024 06:58:50 PM IST.
2026-08-11T12:43:32+0530 DEBUG reviving: 'rpmfusion-nonfree-updates' can be revived - metalink checksums match.
2026-08-11T12:43:32+0530 DEBUG rpmfusion-nonfree-updates: using metadata from Sat 23 Nov 2024 06:41:49 PM IST.
2026-08-11T12:43:32+0530 DEBUG reviving: 'teams-for-linux' can be revived - repomd matches.
2026-08-11T12:43:32+0530 DEBUG teams-for-linux: using metadata from Sun 02 Aug 2026 02:43:13 PM IST.
2026-08-11T12:43:32+0530 WARNING Ignoring repositories: hashicorp, rpmfusion-nonfree-nvidia-driver
2026-08-11T12:43:32+0530 DDEBUG timer: sack setup: 27058 ms
2026-08-11T12:43:32+0530 DEBUG User-Agent: constructed: 'libdnf (Fedora Linux 39; workstation; Linux.x86_64)'
2026-08-11T12:43:32+0530 DEBUG Completion plugin: Generating completion cache...
2026-08-11T12:43:34+0530 INFO Metadata cache created.
2026-08-11T12:43:34+0530 DDEBUG Cleaning up.
2026-08-11T12:43:34+0530 DDEBUG Plugins were unloaded.
2026-08-11T13:55:38+0530 INFO --- logging initialized ---
2026-08-11T13:55:38+0530 DDEBUG timer: config: 161 ms
2026-08-11T13:55:39+0530 DEBUG Loaded plugins: builddep, changelog, config-manager, copr, debug, debuginfo-install, download, generate_completion_cache, groups-manager, needs-restarting, notify-packagekit, playground, repoclosure, repodiff, repograph, repomanage, reposync, system-upgrade
2026-08-11T13:55:39+0530 DEBUG DNF version: 4.21.1
2026-08-11T13:55:39+0530 DDEBUG Command: dnf makecache --timer 
2026-08-11T13:55:39+0530 DDEBUG Installroot: /
2026-08-11T13:55:39+0530 DDEBUG Releasever: 39
2026-08-11T13:55:39+0530 DEBUG cachedir: /var/cache/dnf
2026-08-11T13:55:39+0530 DDEBUG Base command: makecache
2026-08-11T13:55:39+0530 DDEBUG Extra commands: ['makecache', '--timer']
2026-08-11T13:55:39+0530 DEBUG Making cache files for all metadata files.
2026-08-11T13:55:39+0530 INFO Metadata cache refreshed recently.
2026-08-11T13:55:39+0530 DDEBUG Cleaning up.
2026-08-11T13:55:39+0530 DDEBUG Plugins were unloaded.
2026-08-11T15:50:09+0530 INFO --- logging initialized ---
2026-08-11T15:50:09+0530 DDEBUG timer: config: 45 ms
2026-08-11T15:50:10+0530 DEBUG Loaded plugins: builddep, changelog, config-manager, copr, debug, debuginfo-install, download, generate_completion_cache, groups-manager, needs-restarting, notify-packagekit, playground, repoclosure, repodiff, repograph, repomanage, reposync, system-upgrade
2026-08-11T15:50:10+0530 DEBUG DNF version: 4.21.1
2026-08-11T15:50:10+0530 DDEBUG Command: dnf makecache --timer 
2026-08-11T15:50:10+0530 DDEBUG Installroot: /
2026-08-11T15:50:10+0530 DDEBUG Releasever: 39
2026-08-11T15:50:10+0530 DEBUG cachedir: /var/cache/dnf
2026-08-11T15:50:10+0530 DDEBUG Base command: makecache
2026-08-11T15:50:10+0530 DDEBUG Extra commands: ['makecache', '--timer']
2026-08-11T15:50:10+0530 DEBUG Making cache files for all metadata files.
2026-08-11T15:50:10+0530 DEBUG bitrix24: has expired and will be refreshed.
2026-08-11T15:50:10+0530 DEBUG brave-browser: has expired and will be refreshed.
2026-08-11T15:50:10+0530 DEBUG docker-ce-stable: has expired and will be refreshed.
2026-08-11T15:50:10+0530 DEBUG fedora: has expired and will be refreshed.
2026-08-11T15:50:10+0530 DEBUG fedora-cisco-openh264: has expired and will be refreshed.
2026-08-11T15:50:11+0530 DEBUG updates: has expired and will be refreshed.
2026-08-11T15:50:11+0530 DEBUG google-chrome: has expired and will be refreshed.
2026-08-11T15:50:11+0530 DEBUG hashicorp: has expired and will be refreshed.
2026-08-11T15:50:11+0530 DEBUG jenkins: has expired and will be refreshed.
2026-08-11T15:50:11+0530 DEBUG packages-microsoft-com-prod: has expired and will be refreshed.
2026-08-11T15:50:11+0530 DEBUG rpmfusion-free: has expired and will be refreshed.
2026-08-11T15:50:11+0530 DEBUG rpmfusion-free-updates: has expired and will be refreshed.
2026-08-11T15:50:11+0530 DEBUG rpmfusion-nonfree: has expired and will be refreshed.
2026-08-11T15:50:11+0530 DEBUG rpmfusion-nonfree-nvidia-driver: has expired and will be refreshed.
2026-08-11T15:50:11+0530 DEBUG rpmfusion-nonfree-steam: has expired and will be refreshed.
2026-08-11T15:50:11+0530 DEBUG rpmfusion-nonfree-updates: has expired and will be refreshed.
2026-08-11T15:50:11+0530 DEBUG teams-for-linux: has expired and will be refreshed.
2026-08-11T15:50:11+0530 DEBUG reviving: 'bitrix24' can be revived - repomd matches.
2026-08-11T15:50:11+0530 DEBUG bitrix24: using metadata from Mon 20 Apr 2026 09:02:48 PM IST.
2026-08-11T15:50:11+0530 DEBUG reviving: 'brave-browser' can be revived - repomd matches.
2026-08-11T15:50:11+0530 DEBUG brave-browser: using metadata from Fri 07 Aug 2026 09:04:30 PM IST.
2026-08-11T15:50:11+0530 DEBUG reviving: 'docker-ce-stable' can be revived - repomd matches.
2026-08-11T15:50:11+0530 DEBUG docker-ce-stable: using metadata from Wed 13 Nov 2024 06:00:28 PM IST.
2026-08-11T15:50:11+0530 DEBUG countme: no event for fedora: window already counted
2026-08-11T15:50:13+0530 DEBUG reviving: 'fedora' can be revived - metalink checksums match.
2026-08-11T15:50:14+0530 DEBUG fedora: using metadata from Wed 01 Nov 2023 05:42:39 AM IST.
2026-08-11T15:50:14+0530 DEBUG reviving: 'fedora-cisco-openh264' can be revived - metalink checksums match.
2026-08-11T15:50:14+0530 DEBUG fedora-cisco-openh264: using metadata from Tue 12 Mar 2024 05:43:24 PM IST.
2026-08-11T15:50:14+0530 DEBUG countme: no event for updates: window already counted
2026-08-11T15:50:15+0530 DEBUG reviving: 'updates' can be revived - metalink checksums match.
2026-08-11T15:50:16+0530 DEBUG updates: using metadata from Tue 26 Nov 2024 10:05:09 PM IST.
2026-08-11T15:50:17+0530 DEBUG reviving: failed for 'google-chrome', mismatched repomd.
2026-08-11T15:50:17+0530 DEBUG repo: downloading from remote: google-chrome
2026-08-11T15:50:18+0530 DEBUG google-chrome: using metadata from Tue 11 Aug 2026 02:52:22 PM IST.
2026-08-11T15:50:18+0530 DEBUG repo: downloading from remote: hashicorp
2026-08-11T15:50:19+0530 DEBUG error: Status code: 404 for https://rpm.releases.hashicorp.com/fedora/39/x86_64/stable/repodata/repomd.xml (IP: 13.225.5.32) (https://rpm.releases.hashicorp.com/fedora/39/x86_64/stable/repodata/repomd.xml).
2026-08-11T15:50:19+0530 WARNING Errors during downloading metadata for repository 'hashicorp':
  - Status code: 404 for https://rpm.releases.hashicorp.com/fedora/39/x86_64/stable/repodata/repomd.xml (IP: 13.225.5.32)
2026-08-11T15:50:19+0530 WARNING Error: Failed to download metadata for repo 'hashicorp': Cannot download repomd.xml: Status code: 404 for https://rpm.releases.hashicorp.com/fedora/39/x86_64/stable/repodata/repomd.xml (IP: 13.225.5.32)
2026-08-11T15:50:19+0530 DEBUG reviving: 'jenkins' can be revived - repomd matches.
2026-08-11T15:50:19+0530 DEBUG jenkins: using metadata from Tue 04 Aug 2026 02:34:50 PM IST.
2026-08-11T15:50:21+0530 DEBUG reviving: 'packages-microsoft-com-prod' can be revived - repomd matches.
2026-08-11T15:50:21+0530 DEBUG packages-microsoft-com-prod: using metadata from Tue 11 Aug 2026 01:42:59 AM IST.
2026-08-11T15:50:22+0530 DEBUG reviving: 'rpmfusion-free' can be revived - metalink checksums match.
2026-08-11T15:50:22+0530 DEBUG rpmfusion-free: using metadata from Sat 04 Nov 2023 10:19:08 PM IST.
2026-08-11T15:50:23+0530 DEBUG reviving: 'rpmfusion-free-updates' can be revived - metalink checksums match.
2026-08-11T15:50:23+0530 DEBUG rpmfusion-free-updates: using metadata from Sat 23 Nov 2024 06:15:37 PM IST.
2026-08-11T15:50:24+0530 DEBUG reviving: 'rpmfusion-nonfree' can be revived - metalink checksums match.
2026-08-11T15:50:24+0530 DEBUG rpmfusion-nonfree: using metadata from Sat 04 Nov 2023 10:56:32 PM IST.
2026-08-11T15:50:25+0530 DEBUG error: Status code: 404 for https://mirrors.rpmfusion.org/metalink?repo=nonfree-fedora-nvidia-driver-39&arch=x86_64 (IP: 158.69.60.128) (https://mirrors.rpmfusion.org/metalink?repo=nonfree-fedora-nvidia-driver-39&arch=x86_64).
2026-08-11T15:50:26+0530 DEBUG error: Status code: 404 for https://mirrors.rpmfusion.org/metalink?repo=nonfree-fedora-nvidia-driver-39&arch=x86_64 (IP: 158.69.60.128) (https://mirrors.rpmfusion.org/metalink?repo=nonfree-fedora-nvidia-driver-39&arch=x86_64).
2026-08-11T15:50:26+0530 DEBUG error: Status code: 404 for https://mirrors.rpmfusion.org/metalink?repo=nonfree-fedora-nvidia-driver-39&arch=x86_64 (IP: 158.69.60.128) (https://mirrors.rpmfusion.org/metalink?repo=nonfree-fedora-nvidia-driver-39&arch=x86_64).
2026-08-11T15:50:27+0530 DEBUG error: Status code: 404 for https://mirrors.rpmfusion.org/metalink?repo=nonfree-fedora-nvidia-driver-39&arch=x86_64 (IP: 158.69.60.128) (https://mirrors.rpmfusion.org/metalink?repo=nonfree-fedora-nvidia-driver-39&arch=x86_64).
2026-08-11T15:50:28+0530 DEBUG error: Status code: 404 for https://mirrors.rpmfusion.org/metalink?repo=nonfree-fedora-nvidia-driver-39&arch=x86_64 (IP: 158.69.60.128) (https://mirrors.rpmfusion.org/metalink?repo=nonfree-fedora-nvidia-driver-39&arch=x86_64).
2026-08-11T15:50:29+0530 DEBUG error: Status code: 404 for https://mirrors.rpmfusion.org/metalink?repo=nonfree-fedora-nvidia-driver-39&arch=x86_64 (IP: 158.69.60.128) (https://mirrors.rpmfusion.org/metalink?repo=nonfree-fedora-nvidia-driver-39&arch=x86_64).
2026-08-11T15:50:29+0530 DEBUG error: Status code: 404 for https://mirrors.rpmfusion.org/metalink?repo=nonfree-fedora-nvidia-driver-39&arch=x86_64 (IP: 158.69.60.128) (https://mirrors.rpmfusion.org/metalink?repo=nonfree-fedora-nvidia-driver-39&arch=x86_64).
2026-08-11T15:50:30+0530 DEBUG error: Status code: 404 for https://mirrors.rpmfusion.org/metalink?repo=nonfree-fedora-nvidia-driver-39&arch=x86_64 (IP: 158.69.60.128) (https://mirrors.rpmfusion.org/metalink?repo=nonfree-fedora-nvidia-driver-39&arch=x86_64).
2026-08-11T15:50:31+0530 DEBUG error: Status code: 404 for https://mirrors.rpmfusion.org/metalink?repo=nonfree-fedora-nvidia-driver-39&arch=x86_64 (IP: 158.69.60.128) (https://mirrors.rpmfusion.org/metalink?repo=nonfree-fedora-nvidia-driver-39&arch=x86_64).
2026-08-11T15:50:32+0530 DEBUG error: Status code: 404 for https://mirrors.rpmfusion.org/metalink?repo=nonfree-fedora-nvidia-driver-39&arch=x86_64 (IP: 158.69.60.128) (https://mirrors.rpmfusion.org/metalink?repo=nonfree-fedora-nvidia-driver-39&arch=x86_64).
2026-08-11T15:50:32+0530 DEBUG error: Status code: 404 for https://mirrors.rpmfusion.org/metalink?repo=nonfree-fedora-nvidia-driver-39&arch=x86_64 (IP: 158.69.60.128) (https://mirrors.rpmfusion.org/metalink?repo=nonfree-fedora-nvidia-driver-39&arch=x86_64).
2026-08-11T15:50:32+0530 DEBUG error: Status code: 404 for https://mirrors.rpmfusion.org/metalink?repo=nonfree-fedora-nvidia-driver-39&arch=x86_64 (IP: 158.69.60.128) (https://mirrors.rpmfusion.org/metalink?repo=nonfree-fedora-nvidia-driver-39&arch=x86_64).
2026-08-11T15:50:32+0530 WARNING Errors during downloading metadata for repository 'rpmfusion-nonfree-nvidia-driver':
  - Status code: 404 for https://mirrors.rpmfusion.org/metalink?repo=nonfree-fedora-nvidia-driver-39&arch=x86_64 (IP: 158.69.60.128)
2026-08-11T15:50:32+0530 WARNING Error: Failed to download metadata for repo 'rpmfusion-nonfree-nvidia-driver': Cannot prepare internal mirrorlist: Status code: 404 for https://mirrors.rpmfusion.org/metalink?repo=nonfree-fedora-nvidia-driver-39&arch=x86_64 (IP: 158.69.60.128)
2026-08-11T15:50:33+0530 DEBUG reviving: 'rpmfusion-nonfree-steam' can be revived - metalink checksums match.
2026-08-11T15:50:33+0530 DEBUG rpmfusion-nonfree-steam: using metadata from Sat 23 Nov 2024 06:58:50 PM IST.
2026-08-11T15:50:33+0530 DEBUG reviving: 'rpmfusion-nonfree-updates' can be revived - metalink checksums match.
2026-08-11T15:50:33+0530 DEBUG rpmfusion-nonfree-updates: using metadata from Sat 23 Nov 2024 06:41:49 PM IST.
2026-08-11T15:50:34+0530 DEBUG reviving: 'teams-for-linux' can be revived - repomd matches.
2026-08-11T15:50:34+0530 DEBUG teams-for-linux: using metadata from Sun 02 Aug 2026 02:43:13 PM IST.
2026-08-11T15:50:34+0530 WARNING Ignoring repositories: hashicorp, rpmfusion-nonfree-nvidia-driver
2026-08-11T15:50:34+0530 DDEBUG timer: sack setup: 23174 ms
2026-08-11T15:50:34+0530 DEBUG User-Agent: constructed: 'libdnf (Fedora Linux 39; workstation; Linux.x86_64)'
2026-08-11T15:50:34+0530 DEBUG Completion plugin: Generating completion cache...
2026-08-11T15:50:35+0530 INFO Metadata cache created.
2026-08-11T15:50:35+0530 DDEBUG Cleaning up.
2026-08-11T15:50:35+0530 DDEBUG Plugins were unloaded.
2026-08-12T12:00:18+0530 INFO --- logging initialized ---
2026-08-12T12:00:18+0530 DDEBUG timer: config: 135 ms
2026-08-12T12:00:18+0530 DEBUG Loaded plugins: builddep, changelog, config-manager, copr, debug, debuginfo-install, download, generate_completion_cache, groups-manager, needs-restarting, notify-packagekit, playground, repoclosure, repodiff, repograph, repomanage, reposync, system-upgrade
2026-08-12T12:00:18+0530 DEBUG DNF version: 4.21.1
2026-08-12T12:00:18+0530 DDEBUG Command: dnf makecache --timer 
2026-08-12T12:00:18+0530 DDEBUG Installroot: /
2026-08-12T12:00:18+0530 DDEBUG Releasever: 39
2026-08-12T12:00:18+0530 DEBUG cachedir: /var/cache/dnf
2026-08-12T12:00:18+0530 DDEBUG Base command: makecache
2026-08-12T12:00:18+0530 DDEBUG Extra commands: ['makecache', '--timer']
2026-08-12T12:00:19+0530 DEBUG Making cache files for all metadata files.
2026-08-12T12:00:19+0530 DEBUG bitrix24: has expired and will be refreshed.
2026-08-12T12:00:19+0530 DEBUG brave-browser: has expired and will be refreshed.
2026-08-12T12:00:19+0530 DEBUG docker-ce-stable: has expired and will be refreshed.
2026-08-12T12:00:21+0530 DEBUG fedora: has expired and will be refreshed.
2026-08-12T12:00:21+0530 DEBUG fedora-cisco-openh264: has expired and will be refreshed.
2026-08-12T12:00:22+0530 DEBUG updates: has expired and will be refreshed.
2026-08-12T12:00:22+0530 DEBUG google-chrome: has expired and will be refreshed.
2026-08-12T12:00:22+0530 DEBUG hashicorp: has expired and will be refreshed.
2026-08-12T12:00:22+0530 DEBUG jenkins: has expired and will be refreshed.
2026-08-12T12:00:22+0530 DEBUG packages-microsoft-com-prod: has expired and will be refreshed.
2026-08-12T12:00:22+0530 DEBUG rpmfusion-free: has expired and will be refreshed.
2026-08-12T12:00:22+0530 DEBUG rpmfusion-free-updates: has expired and will be refreshed.
2026-08-12T12:00:22+0530 DEBUG rpmfusion-nonfree: has expired and will be refreshed.
2026-08-12T12:00:22+0530 DEBUG rpmfusion-nonfree-nvidia-driver: has expired and will be refreshed.
2026-08-12T12:00:22+0530 DEBUG rpmfusion-nonfree-steam: has expired and will be refreshed.
2026-08-12T12:00:22+0530 DEBUG rpmfusion-nonfree-updates: has expired and will be refreshed.
2026-08-12T12:00:22+0530 DEBUG teams-for-linux: has expired and will be refreshed.
2026-08-12T12:00:22+0530 DEBUG reviving: 'bitrix24' can be revived - repomd matches.
2026-08-12T12:00:22+0530 DEBUG bitrix24: using metadata from Mon 20 Apr 2026 09:02:48 PM IST.
2026-08-12T12:00:23+0530 DEBUG reviving: 'brave-browser' can be revived - repomd matches.
2026-08-12T12:00:23+0530 DEBUG brave-browser: using metadata from Fri 07 Aug 2026 09:04:30 PM IST.
2026-08-12T12:00:23+0530 DEBUG reviving: 'docker-ce-stable' can be revived - repomd matches.
2026-08-12T12:00:23+0530 DEBUG docker-ce-stable: using metadata from Wed 13 Nov 2024 06:00:28 PM IST.
2026-08-12T12:00:23+0530 DEBUG countme: no event for fedora: window already counted
2026-08-12T12:00:23+0530 DEBUG reviving: 'fedora' can be revived - metalink checksums match.
2026-08-12T12:00:26+0530 DEBUG fedora: using metadata from Wed 01 Nov 2023 05:42:39 AM IST.
2026-08-12T12:00:26+0530 DEBUG reviving: 'fedora-cisco-openh264' can be revived - metalink checksums match.
2026-08-12T12:00:26+0530 DEBUG fedora-cisco-openh264: using metadata from Tue 12 Mar 2024 05:43:24 PM IST.
2026-08-12T12:00:26+0530 DEBUG countme: no event for updates: window already counted
2026-08-12T12:00:27+0530 DEBUG reviving: 'updates' can be revived - metalink checksums match.
2026-08-12T12:00:29+0530 DEBUG updates: using metadata from Tue 26 Nov 2024 10:05:09 PM IST.
2026-08-12T12:00:30+0530 DEBUG reviving: failed for 'google-chrome', mismatched repomd.
2026-08-12T12:00:30+0530 DEBUG repo: downloading from remote: google-chrome
2026-08-12T12:00:30+0530 DEBUG google-chrome: using metadata from Wed 12 Aug 2026 05:45:36 AM IST.
2026-08-12T12:00:30+0530 DEBUG repo: downloading from remote: hashicorp
2026-08-12T12:00:31+0530 DEBUG error: Status code: 404 for https://rpm.releases.hashicorp.com/fedora/39/x86_64/stable/repodata/repomd.xml (IP: 13.225.5.13) (https://rpm.releases.hashicorp.com/fedora/39/x86_64/stable/repodata/repomd.xml).
2026-08-12T12:00:31+0530 WARNING Errors during downloading metadata for repository 'hashicorp':
  - Status code: 404 for https://rpm.releases.hashicorp.com/fedora/39/x86_64/stable/repodata/repomd.xml (IP: 13.225.5.13)
2026-08-12T12:00:31+0530 WARNING Error: Failed to download metadata for repo 'hashicorp': Cannot download repomd.xml: Status code: 404 for https://rpm.releases.hashicorp.com/fedora/39/x86_64/stable/repodata/repomd.xml (IP: 13.225.5.13)
2026-08-12T12:00:31+0530 DEBUG reviving: 'jenkins' can be revived - repomd matches.
2026-08-12T12:00:31+0530 DEBUG jenkins: using metadata from Tue 04 Aug 2026 02:34:50 PM IST.
2026-08-12T12:00:33+0530 DEBUG reviving: failed for 'packages-microsoft-com-prod', mismatched repomd.
2026-08-12T12:00:33+0530 DEBUG repo: downloading from remote: packages-microsoft-com-prod
2026-08-12T12:00:38+0530 DEBUG packages-microsoft-com-prod: using metadata from Wed 12 Aug 2026 05:17:26 AM IST.
2026-08-12T12:00:39+0530 DEBUG reviving: 'rpmfusion-free' can be revived - metalink checksums match.
2026-08-12T12:00:39+0530 DEBUG rpmfusion-free: using metadata from Sat 04 Nov 2023 10:19:08 PM IST.
2026-08-12T12:00:40+0530 DEBUG reviving: 'rpmfusion-free-updates' can be revived - metalink checksums match.
2026-08-12T12:00:40+0530 DEBUG rpmfusion-free-updates: using metadata from Sat 23 Nov 2024 06:15:37 PM IST.
2026-08-12T12:00:40+0530 DEBUG reviving: 'rpmfusion-nonfree' can be revived - metalink checksums match.
2026-08-12T12:00:40+0530 DEBUG rpmfusion-nonfree: using metadata from Sat 04 Nov 2023 10:56:32 PM IST.
2026-08-12T12:00:42+0530 DEBUG error: Status code: 404 for https://mirrors.rpmfusion.org/metalink?repo=nonfree-fedora-nvidia-driver-39&arch=x86_64 (IP: 158.69.60.128) (https://mirrors.rpmfusion.org/metalink?repo=nonfree-fedora-nvidia-driver-39&arch=x86_64).
2026-08-12T12:00:43+0530 DEBUG error: Status code: 404 for https://mirrors.rpmfusion.org/metalink?repo=nonfree-fedora-nvidia-driver-39&arch=x86_64 (IP: 158.69.60.128) (https://mirrors.rpmfusion.org/metalink?repo=nonfree-fedora-nvidia-driver-39&arch=x86_64).
2026-08-12T12:00:43+0530 DEBUG error: Status code: 404 for https://mirrors.rpmfusion.org/metalink?repo=nonfree-fedora-nvidia-driver-39&arch=x86_64 (IP: 158.69.60.128) (https://mirrors.rpmfusion.org/metalink?repo=nonfree-fedora-nvidia-driver-39&arch=x86_64).
2026-08-12T12:00:44+0530 DEBUG error: Status code: 404 for https://mirrors.rpmfusion.org/metalink?repo=nonfree-fedora-nvidia-driver-39&arch=x86_64 (IP: 158.69.60.128) (https://mirrors.rpmfusion.org/metalink?repo=nonfree-fedora-nvidia-driver-39&arch=x86_64).
2026-08-12T12:00:46+0530 DEBUG error: Status code: 404 for https://mirrors.rpmfusion.org/metalink?repo=nonfree-fedora-nvidia-driver-39&arch=x86_64 (IP: 158.69.60.128) (https://mirrors.rpmfusion.org/metalink?repo=nonfree-fedora-nvidia-driver-39&arch=x86_64).
2026-08-12T12:00:46+0530 DEBUG error: Status code: 404 for https://mirrors.rpmfusion.org/metalink?repo=nonfree-fedora-nvidia-driver-39&arch=x86_64 (IP: 158.69.60.128) (https://mirrors.rpmfusion.org/metalink?repo=nonfree-fedora-nvidia-driver-39&arch=x86_64).
2026-08-12T12:00:47+0530 DEBUG error: Status code: 404 for https://mirrors.rpmfusion.org/metalink?repo=nonfree-fedora-nvidia-driver-39&arch=x86_64 (IP: 158.69.60.128) (https://mirrors.rpmfusion.org/metalink?repo=nonfree-fedora-nvidia-driver-39&arch=x86_64).
2026-08-12T12:00:47+0530 DEBUG error: Status code: 404 for https://mirrors.rpmfusion.org/metalink?repo=nonfree-fedora-nvidia-driver-39&arch=x86_64 (IP: 158.69.60.128) (https://mirrors.rpmfusion.org/metalink?repo=nonfree-fedora-nvidia-driver-39&arch=x86_64).
2026-08-12T12:00:49+0530 DEBUG error: Status code: 404 for https://mirrors.rpmfusion.org/metalink?repo=nonfree-fedora-nvidia-driver-39&arch=x86_64 (IP: 158.69.60.128) (https://mirrors.rpmfusion.org/metalink?repo=nonfree-fedora-nvidia-driver-39&arch=x86_64).
2026-08-12T12:00:50+0530 DEBUG error: Status code: 404 for https://mirrors.rpmfusion.org/metalink?repo=nonfree-fedora-nvidia-driver-39&arch=x86_64 (IP: 158.69.60.128) (https://mirrors.rpmfusion.org/metalink?repo=nonfree-fedora-nvidia-driver-39&arch=x86_64).
2026-08-12T12:00:50+0530 DEBUG error: Status code: 404 for https://mirrors.rpmfusion.org/metalink?repo=nonfree-fedora-nvidia-driver-39&arch=x86_64 (IP: 158.69.60.128) (https://mirrors.rpmfusion.org/metalink?repo=nonfree-fedora-nvidia-driver-39&arch=x86_64).
2026-08-12T12:00:50+0530 DEBUG error: Status code: 404 for https://mirrors.rpmfusion.org/metalink?repo=nonfree-fedora-nvidia-driver-39&arch=x86_64 (IP: 158.69.60.128) (https://mirrors.rpmfusion.org/metalink?repo=nonfree-fedora-nvidia-driver-39&arch=x86_64).
2026-08-12T12:00:50+0530 WARNING Errors during downloading metadata for repository 'rpmfusion-nonfree-nvidia-driver':
  - Status code: 404 for https://mirrors.rpmfusion.org/metalink?repo=nonfree-fedora-nvidia-driver-39&arch=x86_64 (IP: 158.69.60.128)
2026-08-12T12:00:50+0530 WARNING Error: Failed to download metadata for repo 'rpmfusion-nonfree-nvidia-driver': Cannot prepare internal mirrorlist: Status code: 404 for https://mirrors.rpmfusion.org/metalink?repo=nonfree-fedora-nvidia-driver-39&arch=x86_64 (IP: 158.69.60.128)
2026-08-12T12:00:51+0530 DEBUG reviving: 'rpmfusion-nonfree-steam' can be revived - metalink checksums match.
2026-08-12T12:00:51+0530 DEBUG rpmfusion-nonfree-steam: using metadata from Sat 23 Nov 2024 06:58:50 PM IST.
2026-08-12T12:00:52+0530 DEBUG reviving: 'rpmfusion-nonfree-updates' can be revived - metalink checksums match.
2026-08-12T12:00:52+0530 DEBUG rpmfusion-nonfree-updates: using metadata from Sat 23 Nov 2024 06:41:49 PM IST.
2026-08-12T12:00:52+0530 DEBUG reviving: 'teams-for-linux' can be revived - repomd matches.
2026-08-12T12:00:52+0530 DEBUG teams-for-linux: using metadata from Sun 02 Aug 2026 02:43:13 PM IST.
2026-08-12T12:00:52+0530 WARNING Ignoring repositories: hashicorp, rpmfusion-nonfree-nvidia-driver
2026-08-12T12:00:52+0530 DDEBUG timer: sack setup: 29613 ms
2026-08-12T12:00:52+0530 DEBUG User-Agent: constructed: 'libdnf (Fedora Linux 39; workstation; Linux.x86_64)'
2026-08-12T12:00:52+0530 DEBUG Completion plugin: Generating completion cache...
2026-08-12T12:00:53+0530 INFO Metadata cache created.
2026-08-12T12:00:53+0530 DDEBUG Cleaning up.
2026-08-12T12:00:53+0530 DDEBUG Plugins were unloaded.
2026-08-12T13:34:18+0530 INFO --- logging initialized ---
2026-08-12T13:34:18+0530 DDEBUG timer: config: 88 ms
2026-08-12T13:34:18+0530 DEBUG Loaded plugins: builddep, changelog, config-manager, copr, debug, debuginfo-install, download, generate_completion_cache, groups-manager, needs-restarting, notify-packagekit, playground, repoclosure, repodiff, repograph, repomanage, reposync, system-upgrade
2026-08-12T13:34:18+0530 DEBUG DNF version: 4.21.1
2026-08-12T13:34:18+0530 DDEBUG Command: dnf makecache --timer 
2026-08-12T13:34:18+0530 DDEBUG Installroot: /
2026-08-12T13:34:18+0530 DDEBUG Releasever: 39
2026-08-12T13:34:18+0530 DEBUG cachedir: /var/cache/dnf
2026-08-12T13:34:18+0530 DDEBUG Base command: makecache
2026-08-12T13:34:18+0530 DDEBUG Extra commands: ['makecache', '--timer']
2026-08-12T13:34:18+0530 DEBUG Making cache files for all metadata files.
2026-08-12T13:34:18+0530 INFO Metadata cache refreshed recently.
2026-08-12T13:34:18+0530 DDEBUG Cleaning up.
2026-08-12T13:34:19+0530 DDEBUG Plugins were unloaded.
2026-08-12T15:12:19+0530 INFO --- logging initialized ---
2026-08-12T15:12:19+0530 DDEBUG timer: config: 96 ms
2026-08-12T15:12:19+0530 DEBUG Loaded plugins: builddep, changelog, config-manager, copr, debug, debuginfo-install, download, generate_completion_cache, groups-manager, needs-restarting, notify-packagekit, playground, repoclosure, repodiff, repograph, repomanage, reposync, system-upgrade
2026-08-12T15:12:19+0530 DEBUG DNF version: 4.21.1
2026-08-12T15:12:19+0530 DDEBUG Command: dnf makecache --timer 
2026-08-12T15:12:19+0530 DDEBUG Installroot: /
2026-08-12T15:12:19+0530 DDEBUG Releasever: 39
2026-08-12T15:12:19+0530 DEBUG cachedir: /var/cache/dnf
2026-08-12T15:12:19+0530 DDEBUG Base command: makecache
2026-08-12T15:12:19+0530 DDEBUG Extra commands: ['makecache', '--timer']
2026-08-12T15:12:19+0530 DEBUG Making cache files for all metadata files.
2026-08-12T15:12:19+0530 DEBUG bitrix24: has expired and will be refreshed.
2026-08-12T15:12:19+0530 DEBUG brave-browser: has expired and will be refreshed.
2026-08-12T15:12:19+0530 DEBUG docker-ce-stable: has expired and will be refreshed.
2026-08-12T15:12:20+0530 DEBUG fedora: has expired and will be refreshed.
2026-08-12T15:12:20+0530 DEBUG fedora-cisco-openh264: has expired and will be refreshed.
2026-08-12T15:12:21+0530 DEBUG updates: has expired and will be refreshed.
2026-08-12T15:12:21+0530 DEBUG google-chrome: has expired and will be refreshed.
2026-08-12T15:12:21+0530 DEBUG hashicorp: has expired and will be refreshed.
2026-08-12T15:12:21+0530 DEBUG jenkins: has expired and will be refreshed.
2026-08-12T15:12:21+0530 DEBUG packages-microsoft-com-prod: has expired and will be refreshed.
2026-08-12T15:12:21+0530 DEBUG rpmfusion-free: has expired and will be refreshed.
2026-08-12T15:12:21+0530 DEBUG rpmfusion-free-updates: has expired and will be refreshed.
2026-08-12T15:12:21+0530 DEBUG rpmfusion-nonfree: has expired and will be refreshed.
2026-08-12T15:12:21+0530 DEBUG rpmfusion-nonfree-nvidia-driver: has expired and will be refreshed.
2026-08-12T15:12:21+0530 DEBUG rpmfusion-nonfree-steam: has expired and will be refreshed.
2026-08-12T15:12:21+0530 DEBUG rpmfusion-nonfree-updates: has expired and will be refreshed.
2026-08-12T15:12:21+0530 DEBUG teams-for-linux: has expired and will be refreshed.
2026-08-12T15:12:22+0530 DEBUG reviving: 'bitrix24' can be revived - repomd matches.
2026-08-12T15:12:22+0530 DEBUG bitrix24: using metadata from Mon 20 Apr 2026 09:02:48 PM IST.
2026-08-12T15:12:22+0530 DEBUG reviving: 'brave-browser' can be revived - repomd matches.
2026-08-12T15:12:22+0530 DEBUG brave-browser: using metadata from Fri 07 Aug 2026 09:04:30 PM IST.
2026-08-12T15:12:22+0530 DEBUG reviving: 'docker-ce-stable' can be revived - repomd matches.
2026-08-12T15:12:22+0530 DEBUG docker-ce-stable: using metadata from Wed 13 Nov 2024 06:00:28 PM IST.
2026-08-12T15:12:22+0530 DEBUG countme: no event for fedora: window already counted
2026-08-12T15:12:23+0530 DEBUG reviving: 'fedora' can be revived - metalink checksums match.
2026-08-12T15:12:25+0530 DEBUG fedora: using metadata from Wed 01 Nov 2023 05:42:39 AM IST.
2026-08-12T15:12:25+0530 DEBUG reviving: 'fedora-cisco-openh264' can be revived - metalink checksums match.
2026-08-12T15:12:25+0530 DEBUG fedora-cisco-openh264: using metadata from Tue 12 Mar 2024 05:43:24 PM IST.
2026-08-12T15:12:25+0530 DEBUG countme: no event for updates: window already counted
2026-08-12T15:12:26+0530 DEBUG reviving: 'updates' can be revived - metalink checksums match.
2026-08-12T15:12:29+0530 DEBUG updates: using metadata from Tue 26 Nov 2024 10:05:09 PM IST.
2026-08-12T15:12:29+0530 DEBUG reviving: 'google-chrome' can be revived - repomd matches.
2026-08-12T15:12:29+0530 DEBUG google-chrome: using metadata from Wed 12 Aug 2026 05:45:36 AM IST.
2026-08-12T15:12:29+0530 DEBUG repo: downloading from remote: hashicorp
2026-08-12T15:12:31+0530 DEBUG error: Status code: 404 for https://rpm.releases.hashicorp.com/fedora/39/x86_64/stable/repodata/repomd.xml (IP: 13.225.5.32) (https://rpm.releases.hashicorp.com/fedora/39/x86_64/stable/repodata/repomd.xml).
2026-08-12T15:12:31+0530 WARNING Errors during downloading metadata for repository 'hashicorp':
  - Status code: 404 for https://rpm.releases.hashicorp.com/fedora/39/x86_64/stable/repodata/repomd.xml (IP: 13.225.5.32)
2026-08-12T15:12:31+0530 WARNING Error: Failed to download metadata for repo 'hashicorp': Cannot download repomd.xml: Status code: 404 for https://rpm.releases.hashicorp.com/fedora/39/x86_64/stable/repodata/repomd.xml (IP: 13.225.5.32)
2026-08-12T15:12:31+0530 DEBUG reviving: 'jenkins' can be revived - repomd matches.
2026-08-12T15:12:31+0530 DEBUG jenkins: using metadata from Tue 04 Aug 2026 02:34:50 PM IST.
2026-08-12T15:12:32+0530 DEBUG reviving: failed for 'packages-microsoft-com-prod', mismatched repomd.
2026-08-12T15:12:32+0530 DEBUG repo: downloading from remote: packages-microsoft-com-prod
2026-08-12T15:12:38+0530 DEBUG packages-microsoft-com-prod: using metadata from Wed 12 Aug 2026 12:26:51 PM IST.
2026-08-12T15:12:39+0530 DEBUG reviving: 'rpmfusion-free' can be revived - metalink checksums match.
2026-08-12T15:12:39+0530 DEBUG rpmfusion-free: using metadata from Sat 04 Nov 2023 10:19:08 PM IST.
2026-08-12T15:12:40+0530 DEBUG reviving: 'rpmfusion-free-updates' can be revived - metalink checksums match.
2026-08-12T15:12:40+0530 DEBUG rpmfusion-free-updates: using metadata from Sat 23 Nov 2024 06:15:37 PM IST.
2026-08-12T15:12:41+0530 DEBUG reviving: 'rpmfusion-nonfree' can be revived - metalink checksums match.
2026-08-12T15:12:41+0530 DEBUG rpmfusion-nonfree: using metadata from Sat 04 Nov 2023 10:56:32 PM IST.
2026-08-12T15:12:42+0530 DEBUG error: Status code: 404 for https://mirrors.rpmfusion.org/metalink?repo=nonfree-fedora-nvidia-driver-39&arch=x86_64 (IP: 78.47.223.143) (https://mirrors.rpmfusion.org/metalink?repo=nonfree-fedora-nvidia-driver-39&arch=x86_64).
2026-08-12T15:12:42+0530 DEBUG error: Status code: 404 for https://mirrors.rpmfusion.org/metalink?repo=nonfree-fedora-nvidia-driver-39&arch=x86_64 (IP: 78.47.223.143) (https://mirrors.rpmfusion.org/metalink?repo=nonfree-fedora-nvidia-driver-39&arch=x86_64).
2026-08-12T15:12:42+0530 DEBUG error: Status code: 404 for https://mirrors.rpmfusion.org/metalink?repo=nonfree-fedora-nvidia-driver-39&arch=x86_64 (IP: 78.47.223.143) (https://mirrors.rpmfusion.org/metalink?repo=nonfree-fedora-nvidia-driver-39&arch=x86_64).
2026-08-12T15:12:42+0530 DEBUG error: Status code: 404 for https://mirrors.rpmfusion.org/metalink?repo=nonfree-fedora-nvidia-driver-39&arch=x86_64 (IP: 78.47.223.143) (https://mirrors.rpmfusion.org/metalink?repo=nonfree-fedora-nvidia-driver-39&arch=x86_64).
2026-08-12T15:12:44+0530 DEBUG error: Status code: 404 for https://mirrors.rpmfusion.org/metalink?repo=nonfree-fedora-nvidia-driver-39&arch=x86_64 (IP: 158.69.60.128) (https://mirrors.rpmfusion.org/metalink?repo=nonfree-fedora-nvidia-driver-39&arch=x86_64).
2026-08-12T15:12:44+0530 DEBUG error: Status code: 404 for https://mirrors.rpmfusion.org/metalink?repo=nonfree-fedora-nvidia-driver-39&arch=x86_64 (IP: 158.69.60.128) (https://mirrors.rpmfusion.org/metalink?repo=nonfree-fedora-nvidia-driver-39&arch=x86_64).
2026-08-12T15:12:45+0530 DEBUG error: Status code: 404 for https://mirrors.rpmfusion.org/metalink?repo=nonfree-fedora-nvidia-driver-39&arch=x86_64 (IP: 158.69.60.128) (https://mirrors.rpmfusion.org/metalink?repo=nonfree-fedora-nvidia-driver-39&arch=x86_64).
2026-08-12T15:12:45+0530 DEBUG error: Status code: 404 for https://mirrors.rpmfusion.org/metalink?repo=nonfree-fedora-nvidia-driver-39&arch=x86_64 (IP: 158.69.60.128) (https://mirrors.rpmfusion.org/metalink?repo=nonfree-fedora-nvidia-driver-39&arch=x86_64).
2026-08-12T15:12:46+0530 DEBUG error: Status code: 404 for https://mirrors.rpmfusion.org/metalink?repo=nonfree-fedora-nvidia-driver-39&arch=x86_64 (IP: 158.69.60.128) (https://mirrors.rpmfusion.org/metalink?repo=nonfree-fedora-nvidia-driver-39&arch=x86_64).
2026-08-12T15:12:47+0530 DEBUG error: Status code: 404 for https://mirrors.rpmfusion.org/metalink?repo=nonfree-fedora-nvidia-driver-39&arch=x86_64 (IP: 158.69.60.128) (https://mirrors.rpmfusion.org/metalink?repo=nonfree-fedora-nvidia-driver-39&arch=x86_64).
2026-08-12T15:12:47+0530 DEBUG error: Status code: 404 for https://mirrors.rpmfusion.org/metalink?repo=nonfree-fedora-nvidia-driver-39&arch=x86_64 (IP: 158.69.60.128) (https://mirrors.rpmfusion.org/metalink?repo=nonfree-fedora-nvidia-driver-39&arch=x86_64).
2026-08-12T15:12:48+0530 DEBUG error: Status code: 404 for https://mirrors.rpmfusion.org/metalink?repo=nonfree-fedora-nvidia-driver-39&arch=x86_64 (IP: 158.69.60.128) (https://mirrors.rpmfusion.org/metalink?repo=nonfree-fedora-nvidia-driver-39&arch=x86_64).
2026-08-12T15:12:48+0530 WARNING Errors during downloading metadata for repository 'rpmfusion-nonfree-nvidia-driver':
  - Status code: 404 for https://mirrors.rpmfusion.org/metalink?repo=nonfree-fedora-nvidia-driver-39&arch=x86_64 (IP: 78.47.223.143)
  - Status code: 404 for https://mirrors.rpmfusion.org/metalink?repo=nonfree-fedora-nvidia-driver-39&arch=x86_64 (IP: 158.69.60.128)
2026-08-12T15:12:48+0530 WARNING Error: Failed to download metadata for repo 'rpmfusion-nonfree-nvidia-driver': Cannot prepare internal mirrorlist: Status code: 404 for https://mirrors.rpmfusion.org/metalink?repo=nonfree-fedora-nvidia-driver-39&arch=x86_64 (IP: 158.69.60.128)
2026-08-12T15:12:49+0530 DEBUG reviving: 'rpmfusion-nonfree-steam' can be revived - metalink checksums match.
2026-08-12T15:12:49+0530 DEBUG rpmfusion-nonfree-steam: using metadata from Sat 23 Nov 2024 06:58:50 PM IST.
2026-08-12T15:12:50+0530 DEBUG reviving: 'rpmfusion-nonfree-updates' can be revived - metalink checksums match.
2026-08-12T15:12:50+0530 DEBUG rpmfusion-nonfree-updates: using metadata from Sat 23 Nov 2024 06:41:49 PM IST.
2026-08-12T15:12:50+0530 DEBUG reviving: 'teams-for-linux' can be revived - repomd matches.
2026-08-12T15:12:50+0530 DEBUG teams-for-linux: using metadata from Sun 02 Aug 2026 02:43:13 PM IST.
2026-08-12T15:12:50+0530 WARNING Ignoring repositories: hashicorp, rpmfusion-nonfree-nvidia-driver
2026-08-12T15:12:50+0530 DDEBUG timer: sack setup: 29156 ms
2026-08-12T15:12:50+0530 DEBUG User-Agent: constructed: 'libdnf (Fedora Linux 39; workstation; Linux.x86_64)'
2026-08-12T15:12:50+0530 DEBUG Completion plugin: Generating completion cache...
2026-08-12T15:12:53+0530 INFO Metadata cache created.
2026-08-12T15:12:53+0530 DDEBUG Cleaning up.
2026-08-12T15:12:53+0530 DDEBUG Plugins were unloaded.
2026-08-12T17:00:18+0530 INFO --- logging initialized ---
2026-08-12T17:00:18+0530 DDEBUG timer: config: 118 ms
2026-08-12T17:00:18+0530 DEBUG Loaded plugins: builddep, changelog, config-manager, copr, debug, debuginfo-install, download, generate_completion_cache, groups-manager, needs-restarting, notify-packagekit, playground, repoclosure, repodiff, repograph, repomanage, reposync, system-upgrade
2026-08-12T17:00:18+0530 DEBUG DNF version: 4.21.1
2026-08-12T17:00:18+0530 DDEBUG Command: dnf makecache --timer 
2026-08-12T17:00:18+0530 DDEBUG Installroot: /
2026-08-12T17:00:18+0530 DDEBUG Releasever: 39
2026-08-12T17:00:18+0530 DEBUG cachedir: /var/cache/dnf
2026-08-12T17:00:18+0530 DDEBUG Base command: makecache
2026-08-12T17:00:18+0530 DDEBUG Extra commands: ['makecache', '--timer']
2026-08-12T17:00:19+0530 DEBUG Making cache files for all metadata files.
2026-08-12T17:00:19+0530 INFO Metadata cache refreshed recently.
2026-08-12T17:00:19+0530 DDEBUG Cleaning up.
2026-08-12T17:00:19+0530 DDEBUG Plugins were unloaded.
2026-08-12T18:44:18+0530 INFO --- logging initialized ---
2026-08-12T18:44:18+0530 DDEBUG timer: config: 142 ms
2026-08-12T18:44:19+0530 DEBUG Loaded plugins: builddep, changelog, config-manager, copr, debug, debuginfo-install, download, generate_completion_cache, groups-manager, needs-restarting, notify-packagekit, playground, repoclosure, repodiff, repograph, repomanage, reposync, system-upgrade
2026-08-12T18:44:19+0530 DEBUG DNF version: 4.21.1
2026-08-12T18:44:19+0530 DDEBUG Command: dnf makecache --timer 
2026-08-12T18:44:19+0530 DDEBUG Installroot: /
2026-08-12T18:44:19+0530 DDEBUG Releasever: 39
2026-08-12T18:44:19+0530 DEBUG cachedir: /var/cache/dnf
2026-08-12T18:44:19+0530 DDEBUG Base command: makecache
2026-08-12T18:44:19+0530 DDEBUG Extra commands: ['makecache', '--timer']
2026-08-12T18:44:19+0530 DEBUG Making cache files for all metadata files.
2026-08-12T18:44:19+0530 DEBUG bitrix24: has expired and will be refreshed.
2026-08-12T18:44:19+0530 DEBUG brave-browser: has expired and will be refreshed.
2026-08-12T18:44:19+0530 DEBUG docker-ce-stable: has expired and will be refreshed.
2026-08-12T18:44:21+0530 DEBUG fedora: has expired and will be refreshed.
2026-08-12T18:44:21+0530 DEBUG fedora-cisco-openh264: has expired and will be refreshed.
2026-08-12T18:44:23+0530 DEBUG updates: has expired and will be refreshed.
2026-08-12T18:44:23+0530 DEBUG google-chrome: has expired and will be refreshed.
2026-08-12T18:44:23+0530 DEBUG hashicorp: has expired and will be refreshed.
2026-08-12T18:44:23+0530 DEBUG jenkins: has expired and will be refreshed.
2026-08-12T18:44:23+0530 DEBUG packages-microsoft-com-prod: has expired and will be refreshed.
2026-08-12T18:44:23+0530 DEBUG rpmfusion-free: has expired and will be refreshed.
2026-08-12T18:44:23+0530 DEBUG rpmfusion-free-updates: has expired and will be refreshed.
2026-08-12T18:44:23+0530 DEBUG rpmfusion-nonfree: has expired and will be refreshed.
2026-08-12T18:44:23+0530 DEBUG rpmfusion-nonfree-nvidia-driver: has expired and will be refreshed.
2026-08-12T18:44:23+0530 DEBUG rpmfusion-nonfree-steam: has expired and will be refreshed.
2026-08-12T18:44:23+0530 DEBUG rpmfusion-nonfree-updates: has expired and will be refreshed.
2026-08-12T18:44:23+0530 DEBUG teams-for-linux: has expired and will be refreshed.
2026-08-12T18:44:23+0530 DEBUG reviving: 'bitrix24' can be revived - repomd matches.
2026-08-12T18:44:23+0530 DEBUG bitrix24: using metadata from Mon 20 Apr 2026 09:02:48 PM IST.
2026-08-12T18:44:23+0530 DEBUG reviving: 'brave-browser' can be revived - repomd matches.
2026-08-12T18:44:23+0530 DEBUG brave-browser: using metadata from Fri 07 Aug 2026 09:04:30 PM IST.
2026-08-12T18:44:24+0530 DEBUG reviving: 'docker-ce-stable' can be revived - repomd matches.
2026-08-12T18:44:24+0530 DEBUG docker-ce-stable: using metadata from Wed 13 Nov 2024 06:00:28 PM IST.
2026-08-12T18:44:24+0530 DEBUG countme: no event for fedora: window already counted
2026-08-12T18:44:25+0530 DEBUG reviving: 'fedora' can be revived - metalink checksums match.
2026-08-12T18:44:28+0530 DEBUG fedora: using metadata from Wed 01 Nov 2023 05:42:39 AM IST.
2026-08-12T18:44:28+0530 DEBUG reviving: 'fedora-cisco-openh264' can be revived - metalink checksums match.
2026-08-12T18:44:28+0530 DEBUG fedora-cisco-openh264: using metadata from Tue 12 Mar 2024 05:43:24 PM IST.
2026-08-12T18:44:28+0530 DEBUG countme: no event for updates: window already counted
2026-08-12T18:44:29+0530 DEBUG reviving: 'updates' can be revived - metalink checksums match.
2026-08-12T18:44:31+0530 DEBUG updates: using metadata from Tue 26 Nov 2024 10:05:09 PM IST.
2026-08-12T18:44:31+0530 DEBUG reviving: failed for 'google-chrome', mismatched repomd.
2026-08-12T18:44:31+0530 DEBUG repo: downloading from remote: google-chrome
2026-08-12T18:44:32+0530 DEBUG google-chrome: using metadata from Wed 12 Aug 2026 05:31:25 PM IST.
2026-08-12T18:44:32+0530 DEBUG repo: downloading from remote: hashicorp
2026-08-12T18:44:34+0530 DEBUG error: Status code: 404 for https://rpm.releases.hashicorp.com/fedora/39/x86_64/stable/repodata/repomd.xml (IP: 13.225.5.13) (https://rpm.releases.hashicorp.com/fedora/39/x86_64/stable/repodata/repomd.xml).
2026-08-12T18:44:34+0530 WARNING Errors during downloading metadata for repository 'hashicorp':
  - Status code: 404 for https://rpm.releases.hashicorp.com/fedora/39/x86_64/stable/repodata/repomd.xml (IP: 13.225.5.13)
2026-08-12T18:44:34+0530 WARNING Error: Failed to download metadata for repo 'hashicorp': Cannot download repomd.xml: Status code: 404 for https://rpm.releases.hashicorp.com/fedora/39/x86_64/stable/repodata/repomd.xml (IP: 13.225.5.13)
2026-08-12T18:44:35+0530 DEBUG reviving: 'jenkins' can be revived - repomd matches.
2026-08-12T18:44:35+0530 DEBUG jenkins: using metadata from Tue 04 Aug 2026 02:34:50 PM IST.
2026-08-12T18:44:37+0530 DEBUG reviving: 'packages-microsoft-com-prod' can be revived - repomd matches.
2026-08-12T18:44:37+0530 DEBUG packages-microsoft-com-prod: using metadata from Wed 12 Aug 2026 12:26:51 PM IST.
2026-08-12T18:44:38+0530 DEBUG reviving: 'rpmfusion-free' can be revived - metalink checksums match.
2026-08-12T18:44:38+0530 DEBUG rpmfusion-free: using metadata from Sat 04 Nov 2023 10:19:08 PM IST.
2026-08-12T18:44:39+0530 DEBUG reviving: 'rpmfusion-free-updates' can be revived - metalink checksums match.
2026-08-12T18:44:39+0530 DEBUG rpmfusion-free-updates: using metadata from Sat 23 Nov 2024 06:15:37 PM IST.
2026-08-12T18:44:40+0530 DEBUG reviving: 'rpmfusion-nonfree' can be revived - metalink checksums match.
2026-08-12T18:44:40+0530 DEBUG rpmfusion-nonfree: using metadata from Sat 04 Nov 2023 10:56:32 PM IST.
2026-08-12T18:44:41+0530 DEBUG error: Status code: 404 for https://mirrors.rpmfusion.org/metalink?repo=nonfree-fedora-nvidia-driver-39&arch=x86_64 (IP: 78.47.223.143) (https://mirrors.rpmfusion.org/metalink?repo=nonfree-fedora-nvidia-driver-39&arch=x86_64).
2026-08-12T18:44:42+0530 DEBUG error: Status code: 404 for https://mirrors.rpmfusion.org/metalink?repo=nonfree-fedora-nvidia-driver-39&arch=x86_64 (IP: 78.47.223.143) (https://mirrors.rpmfusion.org/metalink?repo=nonfree-fedora-nvidia-driver-39&arch=x86_64).
2026-08-12T18:44:43+0530 DEBUG error: Status code: 404 for https://mirrors.rpmfusion.org/metalink?repo=nonfree-fedora-nvidia-driver-39&arch=x86_64 (IP: 78.47.223.143) (https://mirrors.rpmfusion.org/metalink?repo=nonfree-fedora-nvidia-driver-39&arch=x86_64).
2026-08-12T18:44:43+0530 DEBUG error: Status code: 404 for https://mirrors.rpmfusion.org/metalink?repo=nonfree-fedora-nvidia-driver-39&arch=x86_64 (IP: 78.47.223.143) (https://mirrors.rpmfusion.org/metalink?repo=nonfree-fedora-nvidia-driver-39&arch=x86_64).
2026-08-12T18:44:45+0530 DEBUG error: Status code: 404 for https://mirrors.rpmfusion.org/metalink?repo=nonfree-fedora-nvidia-driver-39&arch=x86_64 (IP: 78.47.223.143) (https://mirrors.rpmfusion.org/metalink?repo=nonfree-fedora-nvidia-driver-39&arch=x86_64).
2026-08-12T18:44:45+0530 DEBUG error: Status code: 404 for https://mirrors.rpmfusion.org/metalink?repo=nonfree-fedora-nvidia-driver-39&arch=x86_64 (IP: 78.47.223.143) (https://mirrors.rpmfusion.org/metalink?repo=nonfree-fedora-nvidia-driver-39&arch=x86_64).
2026-08-12T18:44:46+0530 DEBUG error: Status code: 404 for https://mirrors.rpmfusion.org/metalink?repo=nonfree-fedora-nvidia-driver-39&arch=x86_64 (IP: 78.47.223.143) (https://mirrors.rpmfusion.org/metalink?repo=nonfree-fedora-nvidia-driver-39&arch=x86_64).
2026-08-12T18:44:46+0530 DEBUG error: Status code: 404 for https://mirrors.rpmfusion.org/metalink?repo=nonfree-fedora-nvidia-driver-39&arch=x86_64 (IP: 78.47.223.143) (https://mirrors.rpmfusion.org/metalink?repo=nonfree-fedora-nvidia-driver-39&arch=x86_64).
2026-08-12T18:44:49+0530 DEBUG error: Status code: 404 for https://mirrors.rpmfusion.org/metalink?repo=nonfree-fedora-nvidia-driver-39&arch=x86_64 (IP: 158.69.60.128) (https://mirrors.rpmfusion.org/metalink?repo=nonfree-fedora-nvidia-driver-39&arch=x86_64).
2026-08-12T18:44:49+0530 DEBUG error: Status code: 404 for https://mirrors.rpmfusion.org/metalink?repo=nonfree-fedora-nvidia-driver-39&arch=x86_64 (IP: 158.69.60.128) (https://mirrors.rpmfusion.org/metalink?repo=nonfree-fedora-nvidia-driver-39&arch=x86_64).
2026-08-12T18:44:50+0530 DEBUG error: Status code: 404 for https://mirrors.rpmfusion.org/metalink?repo=nonfree-fedora-nvidia-driver-39&arch=x86_64 (IP: 158.69.60.128) (https://mirrors.rpmfusion.org/metalink?repo=nonfree-fedora-nvidia-driver-39&arch=x86_64).
2026-08-12T18:44:51+0530 DEBUG error: Status code: 404 for https://mirrors.rpmfusion.org/metalink?repo=nonfree-fedora-nvidia-driver-39&arch=x86_64 (IP: 158.69.60.128) (https://mirrors.rpmfusion.org/metalink?repo=nonfree-fedora-nvidia-driver-39&arch=x86_64).
2026-08-12T18:44:51+0530 WARNING Errors during downloading metadata for repository 'rpmfusion-nonfree-nvidia-driver':
  - Status code: 404 for https://mirrors.rpmfusion.org/metalink?repo=nonfree-fedora-nvidia-driver-39&arch=x86_64 (IP: 78.47.223.143)
  - Status code: 404 for https://mirrors.rpmfusion.org/metalink?repo=nonfree-fedora-nvidia-driver-39&arch=x86_64 (IP: 158.69.60.128)
2026-08-12T18:44:51+0530 WARNING Error: Failed to download metadata for repo 'rpmfusion-nonfree-nvidia-driver': Cannot prepare internal mirrorlist: Status code: 404 for https://mirrors.rpmfusion.org/metalink?repo=nonfree-fedora-nvidia-driver-39&arch=x86_64 (IP: 158.69.60.128)
2026-08-12T18:44:52+0530 DEBUG reviving: 'rpmfusion-nonfree-steam' can be revived - metalink checksums match.
2026-08-12T18:44:52+0530 DEBUG rpmfusion-nonfree-steam: using metadata from Sat 23 Nov 2024 06:58:50 PM IST.
2026-08-12T18:44:53+0530 DEBUG reviving: 'rpmfusion-nonfree-updates' can be revived - metalink checksums match.
2026-08-12T18:44:53+0530 DEBUG rpmfusion-nonfree-updates: using metadata from Sat 23 Nov 2024 06:41:49 PM IST.
2026-08-12T18:44:54+0530 DEBUG reviving: 'teams-for-linux' can be revived - repomd matches.
2026-08-12T18:44:54+0530 DEBUG teams-for-linux: using metadata from Sun 02 Aug 2026 02:43:13 PM IST.
2026-08-12T18:44:54+0530 WARNING Ignoring repositories: hashicorp, rpmfusion-nonfree-nvidia-driver
2026-08-12T18:44:54+0530 DDEBUG timer: sack setup: 30794 ms
2026-08-12T18:44:54+0530 DEBUG User-Agent: constructed: 'libdnf (Fedora Linux 39; workstation; Linux.x86_64)'
2026-08-12T18:44:54+0530 DEBUG Completion plugin: Generating completion cache...
2026-08-12T18:44:55+0530 INFO Metadata cache created.
2026-08-12T18:44:55+0530 DDEBUG Cleaning up.
2026-08-12T18:44:55+0530 DDEBUG Plugins were unloaded.
2026-08-12T20:27:23+0530 INFO --- logging initialized ---
2026-08-12T20:27:23+0530 DDEBUG timer: config: 178 ms
2026-08-12T20:27:23+0530 DEBUG Loaded plugins: builddep, changelog, config-manager, copr, debug, debuginfo-install, download, generate_completion_cache, groups-manager, needs-restarting, notify-packagekit, playground, repoclosure, repodiff, repograph, repomanage, reposync, system-upgrade
2026-08-12T20:27:23+0530 DEBUG DNF version: 4.21.1
2026-08-12T20:27:23+0530 DDEBUG Command: dnf makecache --timer 
2026-08-12T20:27:23+0530 DDEBUG Installroot: /
2026-08-12T20:27:23+0530 DDEBUG Releasever: 39
2026-08-12T20:27:23+0530 DEBUG cachedir: /var/cache/dnf
2026-08-12T20:27:23+0530 DDEBUG Base command: makecache
2026-08-12T20:27:23+0530 DDEBUG Extra commands: ['makecache', '--timer']
2026-08-12T20:27:23+0530 DEBUG Making cache files for all metadata files.
2026-08-12T20:27:23+0530 INFO Metadata timer caching disabled when running on metered connection.
2026-08-12T20:27:23+0530 DDEBUG Cleaning up.
2026-08-12T20:27:23+0530 DDEBUG Plugins were unloaded.
2026-08-14T11:25:38+0530 INFO --- logging initialized ---
2026-08-14T11:25:38+0530 DDEBUG timer: config: 115 ms
2026-08-14T11:25:38+0530 DEBUG Loaded plugins: builddep, changelog, config-manager, copr, debug, debuginfo-install, download, generate_completion_cache, groups-manager, needs-restarting, notify-packagekit, playground, repoclosure, repodiff, repograph, repomanage, reposync, system-upgrade
2026-08-14T11:25:38+0530 DEBUG DNF version: 4.21.1
2026-08-14T11:25:38+0530 DDEBUG Command: dnf makecache --timer 
2026-08-14T11:25:38+0530 DDEBUG Installroot: /
2026-08-14T11:25:38+0530 DDEBUG Releasever: 39
2026-08-14T11:25:38+0530 DEBUG cachedir: /var/cache/dnf
2026-08-14T11:25:38+0530 DDEBUG Base command: makecache
2026-08-14T11:25:38+0530 DDEBUG Extra commands: ['makecache', '--timer']
2026-08-14T11:25:38+0530 DEBUG Making cache files for all metadata files.
2026-08-14T11:25:38+0530 DEBUG bitrix24: has expired and will be refreshed.
2026-08-14T11:25:38+0530 DEBUG brave-browser: has expired and will be refreshed.
2026-08-14T11:25:38+0530 DEBUG docker-ce-stable: has expired and will be refreshed.
2026-08-14T11:25:43+0530 DEBUG fedora: has expired and will be refreshed.
2026-08-14T11:25:43+0530 DEBUG fedora-cisco-openh264: has expired and will be refreshed.
2026-08-14T11:25:45+0530 DEBUG updates: has expired and will be refreshed.
2026-08-14T11:25:45+0530 DEBUG google-chrome: has expired and will be refreshed.
2026-08-14T11:25:45+0530 DEBUG hashicorp: has expired and will be refreshed.
2026-08-14T11:25:45+0530 DEBUG jenkins: has expired and will be refreshed.
2026-08-14T11:25:45+0530 DEBUG packages-microsoft-com-prod: has expired and will be refreshed.
2026-08-14T11:25:45+0530 DEBUG rpmfusion-free: has expired and will be refreshed.
2026-08-14T11:25:45+0530 DEBUG rpmfusion-free-updates: has expired and will be refreshed.
2026-08-14T11:25:45+0530 DEBUG rpmfusion-nonfree: has expired and will be refreshed.
2026-08-14T11:25:45+0530 DEBUG rpmfusion-nonfree-nvidia-driver: has expired and will be refreshed.
2026-08-14T11:25:45+0530 DEBUG rpmfusion-nonfree-steam: has expired and will be refreshed.
2026-08-14T11:25:45+0530 DEBUG rpmfusion-nonfree-updates: has expired and will be refreshed.
2026-08-14T11:25:45+0530 DEBUG teams-for-linux: has expired and will be refreshed.
2026-08-14T11:25:45+0530 DEBUG reviving: 'bitrix24' can be revived - repomd matches.
2026-08-14T11:25:45+0530 DEBUG bitrix24: using metadata from Mon 20 Apr 2026 09:02:48 PM IST.
2026-08-14T11:25:45+0530 DEBUG reviving: failed for 'brave-browser', mismatched repomd.
2026-08-14T11:25:45+0530 DEBUG repo: downloading from remote: brave-browser
2026-08-14T11:25:47+0530 DEBUG brave-browser: using metadata from Wed 12 Aug 2026 10:36:55 PM IST.
2026-08-14T11:25:47+0530 DEBUG reviving: 'docker-ce-stable' can be revived - repomd matches.
2026-08-14T11:25:47+0530 DEBUG docker-ce-stable: using metadata from Wed 13 Nov 2024 06:00:28 PM IST.
2026-08-14T11:25:47+0530 DEBUG countme: no event for fedora: window already counted
2026-08-14T11:25:48+0530 DEBUG reviving: 'fedora' can be revived - metalink checksums match.
2026-08-14T11:25:51+0530 DEBUG fedora: using metadata from Wed 01 Nov 2023 05:42:39 AM IST.
2026-08-14T11:25:51+0530 DEBUG reviving: 'fedora-cisco-openh264' can be revived - metalink checksums match.
2026-08-14T11:25:51+0530 DEBUG fedora-cisco-openh264: using metadata from Tue 12 Mar 2024 05:43:24 PM IST.
2026-08-14T11:25:51+0530 DEBUG countme: no event for updates: window already counted
2026-08-14T11:25:51+0530 DEBUG reviving: 'updates' can be revived - metalink checksums match.
2026-08-14T11:25:54+0530 DEBUG updates: using metadata from Tue 26 Nov 2024 10:05:09 PM IST.
2026-08-14T11:25:54+0530 DEBUG reviving: failed for 'google-chrome', mismatched repomd.
2026-08-14T11:25:54+0530 DEBUG repo: downloading from remote: google-chrome
2026-08-14T11:25:55+0530 DEBUG google-chrome: using metadata from Fri 14 Aug 2026 01:38:13 AM IST.
2026-08-14T11:25:55+0530 DEBUG repo: downloading from remote: hashicorp
2026-08-14T11:25:56+0530 DEBUG error: Status code: 404 for https://rpm.releases.hashicorp.com/fedora/39/x86_64/stable/repodata/repomd.xml (IP: 13.225.5.32) (https://rpm.releases.hashicorp.com/fedora/39/x86_64/stable/repodata/repomd.xml).
2026-08-14T11:25:56+0530 WARNING Errors during downloading metadata for repository 'hashicorp':
  - Status code: 404 for https://rpm.releases.hashicorp.com/fedora/39/x86_64/stable/repodata/repomd.xml (IP: 13.225.5.32)
2026-08-14T11:25:56+0530 WARNING Error: Failed to download metadata for repo 'hashicorp': Cannot download repomd.xml: Status code: 404 for https://rpm.releases.hashicorp.com/fedora/39/x86_64/stable/repodata/repomd.xml (IP: 13.225.5.32)
2026-08-14T11:25:57+0530 DEBUG reviving: 'jenkins' can be revived - repomd matches.
2026-08-14T11:25:57+0530 DEBUG jenkins: using metadata from Tue 04 Aug 2026 02:34:50 PM IST.
2026-08-14T11:25:58+0530 DEBUG reviving: 'packages-microsoft-com-prod' can be revived - repomd matches.
2026-08-14T11:25:58+0530 DEBUG packages-microsoft-com-prod: using metadata from Wed 12 Aug 2026 12:26:51 PM IST.
2026-08-14T11:25:59+0530 DEBUG reviving: 'rpmfusion-free' can be revived - metalink checksums match.
2026-08-14T11:25:59+0530 DEBUG rpmfusion-free: using metadata from Sat 04 Nov 2023 10:19:08 PM IST.
2026-08-14T11:26:00+0530 DEBUG reviving: 'rpmfusion-free-updates' can be revived - metalink checksums match.
2026-08-14T11:26:00+0530 DEBUG rpmfusion-free-updates: using metadata from Sat 23 Nov 2024 06:15:37 PM IST.
2026-08-14T11:26:01+0530 DEBUG reviving: 'rpmfusion-nonfree' can be revived - metalink checksums match.
2026-08-14T11:26:01+0530 DEBUG rpmfusion-nonfree: using metadata from Sat 04 Nov 2023 10:56:32 PM IST.
2026-08-14T11:26:02+0530 DEBUG error: Status code: 404 for https://mirrors.rpmfusion.org/metalink?repo=nonfree-fedora-nvidia-driver-39&arch=x86_64 (IP: 78.47.223.143) (https://mirrors.rpmfusion.org/metalink?repo=nonfree-fedora-nvidia-driver-39&arch=x86_64).
2026-08-14T11:26:02+0530 DEBUG error: Status code: 404 for https://mirrors.rpmfusion.org/metalink?repo=nonfree-fedora-nvidia-driver-39&arch=x86_64 (IP: 78.47.223.143) (https://mirrors.rpmfusion.org/metalink?repo=nonfree-fedora-nvidia-driver-39&arch=x86_64).
2026-08-14T11:26:02+0530 DEBUG error: Status code: 404 for https://mirrors.rpmfusion.org/metalink?repo=nonfree-fedora-nvidia-driver-39&arch=x86_64 (IP: 78.47.223.143) (https://mirrors.rpmfusion.org/metalink?repo=nonfree-fedora-nvidia-driver-39&arch=x86_64).
2026-08-14T11:26:02+0530 DEBUG error: Status code: 404 for https://mirrors.rpmfusion.org/metalink?repo=nonfree-fedora-nvidia-driver-39&arch=x86_64 (IP: 78.47.223.143) (https://mirrors.rpmfusion.org/metalink?repo=nonfree-fedora-nvidia-driver-39&arch=x86_64).
2026-08-14T11:26:03+0530 DEBUG error: Status code: 404 for https://mirrors.rpmfusion.org/metalink?repo=nonfree-fedora-nvidia-driver-39&arch=x86_64 (IP: 78.47.223.143) (https://mirrors.rpmfusion.org/metalink?repo=nonfree-fedora-nvidia-driver-39&arch=x86_64).
2026-08-14T11:26:06+0530 DEBUG error: Status code: 404 for https://mirrors.rpmfusion.org/metalink?repo=nonfree-fedora-nvidia-driver-39&arch=x86_64 (IP: 78.47.223.143) (https://mirrors.rpmfusion.org/metalink?repo=nonfree-fedora-nvidia-driver-39&arch=x86_64).
2026-08-14T11:26:06+0530 DEBUG error: Status code: 404 for https://mirrors.rpmfusion.org/metalink?repo=nonfree-fedora-nvidia-driver-39&arch=x86_64 (IP: 78.47.223.143) (https://mirrors.rpmfusion.org/metalink?repo=nonfree-fedora-nvidia-driver-39&arch=x86_64).
2026-08-14T11:26:06+0530 DEBUG error: Status code: 404 for https://mirrors.rpmfusion.org/metalink?repo=nonfree-fedora-nvidia-driver-39&arch=x86_64 (IP: 78.47.223.143) (https://mirrors.rpmfusion.org/metalink?repo=nonfree-fedora-nvidia-driver-39&arch=x86_64).
2026-08-14T11:26:08+0530 DEBUG error: Status code: 404 for https://mirrors.rpmfusion.org/metalink?repo=nonfree-fedora-nvidia-driver-39&arch=x86_64 (IP: 78.47.223.143) (https://mirrors.rpmfusion.org/metalink?repo=nonfree-fedora-nvidia-driver-39&arch=x86_64).
2026-08-14T11:26:08+0530 DEBUG error: Status code: 404 for https://mirrors.rpmfusion.org/metalink?repo=nonfree-fedora-nvidia-driver-39&arch=x86_64 (IP: 78.47.223.143) (https://mirrors.rpmfusion.org/metalink?repo=nonfree-fedora-nvidia-driver-39&arch=x86_64).
2026-08-14T11:26:08+0530 DEBUG error: Status code: 404 for https://mirrors.rpmfusion.org/metalink?repo=nonfree-fedora-nvidia-driver-39&arch=x86_64 (IP: 78.47.223.143) (https://mirrors.rpmfusion.org/metalink?repo=nonfree-fedora-nvidia-driver-39&arch=x86_64).
2026-08-14T11:26:09+0530 DEBUG error: Status code: 404 for https://mirrors.rpmfusion.org/metalink?repo=nonfree-fedora-nvidia-driver-39&arch=x86_64 (IP: 78.47.223.143) (https://mirrors.rpmfusion.org/metalink?repo=nonfree-fedora-nvidia-driver-39&arch=x86_64).
2026-08-14T11:26:09+0530 WARNING Errors during downloading metadata for repository 'rpmfusion-nonfree-nvidia-driver':
  - Status code: 404 for https://mirrors.rpmfusion.org/metalink?repo=nonfree-fedora-nvidia-driver-39&arch=x86_64 (IP: 78.47.223.143)
2026-08-14T11:26:09+0530 WARNING Error: Failed to download metadata for repo 'rpmfusion-nonfree-nvidia-driver': Cannot prepare internal mirrorlist: Status code: 404 for https://mirrors.rpmfusion.org/metalink?repo=nonfree-fedora-nvidia-driver-39&arch=x86_64 (IP: 78.47.223.143)
2026-08-14T11:26:10+0530 DEBUG reviving: 'rpmfusion-nonfree-steam' can be revived - metalink checksums match.
2026-08-14T11:26:10+0530 DEBUG rpmfusion-nonfree-steam: using metadata from Sat 23 Nov 2024 06:58:50 PM IST.
2026-08-14T11:26:11+0530 DEBUG reviving: 'rpmfusion-nonfree-updates' can be revived - metalink checksums match.
2026-08-14T11:26:11+0530 DEBUG rpmfusion-nonfree-updates: using metadata from Sat 23 Nov 2024 06:41:49 PM IST.
2026-08-14T11:26:11+0530 DEBUG reviving: 'teams-for-linux' can be revived - repomd matches.
2026-08-14T11:26:11+0530 DEBUG teams-for-linux: using metadata from Sun 02 Aug 2026 02:43:13 PM IST.
2026-08-14T11:26:11+0530 WARNING Ignoring repositories: hashicorp, rpmfusion-nonfree-nvidia-driver
2026-08-14T11:26:11+0530 DDEBUG timer: sack setup: 26415 ms
2026-08-14T11:26:11+0530 DEBUG User-Agent: constructed: 'libdnf (Fedora Linux 39; workstation; Linux.x86_64)'
2026-08-14T11:26:11+0530 DEBUG Completion plugin: Generating completion cache...
2026-08-14T11:26:13+0530 INFO Metadata cache created.
2026-08-14T11:26:13+0530 DDEBUG Cleaning up.
2026-08-14T11:26:13+0530 DDEBUG Plugins were unloaded.
2026-08-14T12:50:54+0530 INFO --- logging initialized ---
2026-08-14T12:50:54+0530 DDEBUG timer: config: 86 ms
2026-08-14T12:50:54+0530 DEBUG Loaded plugins: builddep, changelog, config-manager, copr, debug, debuginfo-install, download, generate_completion_cache, groups-manager, needs-restarting, notify-packagekit, playground, repoclosure, repodiff, repograph, repomanage, reposync, system-upgrade
2026-08-14T12:50:54+0530 DEBUG DNF version: 4.21.1
2026-08-14T12:50:54+0530 DDEBUG Command: dnf makecache --timer 
2026-08-14T12:50:54+0530 DDEBUG Installroot: /
2026-08-14T12:50:54+0530 DDEBUG Releasever: 39
2026-08-14T12:50:54+0530 DEBUG cachedir: /var/cache/dnf
2026-08-14T12:50:54+0530 DDEBUG Base command: makecache
2026-08-14T12:50:54+0530 DDEBUG Extra commands: ['makecache', '--timer']
2026-08-14T12:50:54+0530 DEBUG Making cache files for all metadata files.
2026-08-14T12:50:54+0530 INFO Metadata cache refreshed recently.
2026-08-14T12:50:54+0530 DDEBUG Cleaning up.
2026-08-14T12:50:54+0530 DDEBUG Plugins were unloaded.
2026-08-14T14:17:38+0530 INFO --- logging initialized ---
2026-08-14T14:17:38+0530 DDEBUG timer: config: 29 ms
2026-08-14T14:17:38+0530 DEBUG Loaded plugins: builddep, changelog, config-manager, copr, debug, debuginfo-install, download, generate_completion_cache, groups-manager, needs-restarting, notify-packagekit, playground, repoclosure, repodiff, repograph, repomanage, reposync, system-upgrade
2026-08-14T14:17:38+0530 DEBUG DNF version: 4.21.1
2026-08-14T14:17:38+0530 DDEBUG Command: dnf makecache --timer 
2026-08-14T14:17:38+0530 DDEBUG Installroot: /
2026-08-14T14:17:38+0530 DDEBUG Releasever: 39
2026-08-14T14:17:38+0530 DEBUG cachedir: /var/cache/dnf
2026-08-14T14:17:38+0530 DDEBUG Base command: makecache
2026-08-14T14:17:38+0530 DDEBUG Extra commands: ['makecache', '--timer']
2026-08-14T14:17:38+0530 DEBUG Making cache files for all metadata files.
2026-08-14T14:17:38+0530 INFO Metadata cache refreshed recently.
2026-08-14T14:17:38+0530 DDEBUG Cleaning up.
2026-08-14T14:17:38+0530 DDEBUG Plugins were unloaded.
