2025-01-28T17:04:38+0530 INFO --- logging initialized ---
2025-01-28T17:06:36+0530 INFO --- logging initialized ---
2025-01-28T17:06:37+0530 INFO --- logging initialized ---
2025-01-28T17:07:10+0530 SUBDEBUG Installed: liberation-fonts-1:2.1.5-7.fc39.noarch
2025-01-28T17:07:10+0530 SUBDEBUG Installed: brave-keyring-1.15-1.noarch
2025-01-28T17:07:10+0530 SUBDEBUG Installed: brave-browser-1.74.50-1.x86_64
2025-01-28T17:12:13+0530 INFO --- logging initialized ---
2025-01-28T17:12:25+0530 SUBDEBUG Installed: kf5-filesystem-5.116.0-1.fc39.x86_64
2025-01-28T17:12:25+0530 SUBDEBUG Installed: python3-libxml2-2.10.4-3.fc39.x86_64
2025-01-28T17:12:25+0530 SUBDEBUG Installed: python3-libvirt-9.7.0-1.fc39.x86_64
2025-01-28T17:12:26+0530 SUBDEBUG Installed: libisofs-1.5.6-2.fc39.x86_64
2025-01-28T17:12:26+0530 SUBDEBUG Installed: libburn-1.5.6-2.fc39.x86_64
2025-01-28T17:12:26+0530 SUBDEBUG Installed: libisoburn-1.5.6-5.fc39.x86_64
2025-01-28T17:12:26+0530 SUBDEBUG Installed: kde-filesystem-4-70.fc39.x86_64
2025-01-28T17:12:26+0530 SUBDEBUG Installed: xorriso-1.5.6-5.fc39.x86_64
2025-01-28T17:12:26+0530 SUBDEBUG Installed: virt-manager-common-4.1.0-3.fc39.noarch
2025-01-28T17:12:26+0530 SUBDEBUG Installed: virt-manager-4.1.0-3.fc39.noarch
2025-01-28T17:17:43+0530 INFO --- logging initialized ---
2025-01-28T18:58:49+0530 INFO --- logging initialized ---
2025-01-29T11:06:40+0530 INFO --- logging initialized ---
2025-01-29T12:20:40+0530 INFO --- logging initialized ---
2025-01-29T14:03:40+0530 INFO --- logging initialized ---
2025-01-29T18:13:52+0530 INFO --- logging initialized ---
2025-01-29T19:39:52+0530 INFO --- logging initialized ---
2025-01-29T20:40:52+0530 INFO --- logging initialized ---
2025-01-30T10:41:22+0530 INFO --- logging initialized ---
2025-01-30T12:10:29+0530 INFO --- logging initialized ---
2025-01-30T13:35:41+0530 INFO --- logging initialized ---
2025-01-30T16:05:18+0530 INFO --- logging initialized ---
2025-01-30T18:50:49+0530 INFO --- logging initialized ---
2025-01-30T20:15:48+0530 INFO --- logging initialized ---
2025-01-31T10:17:49+0530 INFO --- logging initialized ---
2025-01-31T12:15:50+0530 INFO --- logging initialized ---
2025-01-31T13:53:49+0530 INFO --- logging initialized ---
2025-01-31T15:43:50+0530 INFO --- logging initialized ---
2025-01-31T17:04:34+0530 INFO --- logging initialized ---
2025-01-31T18:31:50+0530 INFO --- logging initialized ---
2025-01-31T20:10:23+0530 INFO --- logging initialized ---
2025-02-03T11:14:35+0530 INFO --- logging initialized ---
2025-02-03T12:34:33+0530 INFO --- logging initialized ---
2025-02-03T14:30:47+0530 INFO --- logging initialized ---
2025-02-03T15:40:19+0530 INFO --- logging initialized ---
2025-02-03T17:34:34+0530 INFO --- logging initialized ---
2025-02-03T17:57:21+0530 INFO --- logging initialized ---
2025-02-03T17:57:28+0530 INFO --- logging initialized ---
2025-02-03T17:57:51+0530 INFO --- logging initialized ---
2025-02-03T17:58:11+0530 INFO --- logging initialized ---
2025-02-03T17:58:21+0530 SUBDEBUG Installed: cronie-anacron-1.6.1-5.fc39.x86_64
2025-02-03T17:58:21+0530 SUBDEBUG Installed: cronie-1.6.1-5.fc39.x86_64
2025-02-03T17:58:21+0530 INFO Created symlink /etc/systemd/system/multi-user.target.wants/crond.service → /usr/lib/systemd/system/crond.service.

2025-02-03T17:58:21+0530 SUBDEBUG Installed: crontabs-1.11-30.20190603git.fc39.noarch
2025-02-03T17:58:30+0530 INFO --- logging initialized ---
2025-02-03T18:23:10+0530 INFO --- logging initialized ---
2025-02-03T18:23:18+0530 SUBDEBUG Installed: xxd-2:9.1.825-1.fc39.x86_64
2025-02-03T18:23:18+0530 SUBDEBUG Installed: vim-filesystem-2:9.1.825-1.fc39.noarch
2025-02-03T18:23:18+0530 SUBDEBUG Installed: vim-common-2:9.1.825-1.fc39.x86_64
2025-02-03T18:23:23+0530 SUBDEBUG Installed: gpm-libs-1.20.7-44.fc39.x86_64
2025-02-03T18:23:23+0530 SUBDEBUG Installed: vim-enhanced-2:9.1.825-1.fc39.x86_64
2025-02-03T19:20:49+0530 INFO --- logging initialized ---
2025-02-03T19:49:42+0530 INFO --- logging initialized ---
2025-02-03T20:53:49+0530 INFO --- logging initialized ---
2025-02-04T11:18:35+0530 INFO --- logging initialized ---
2025-02-04T12:27:35+0530 INFO --- logging initialized ---
2025-02-04T13:29:35+0530 INFO --- logging initialized ---
2025-02-04T16:39:14+0530 INFO --- logging initialized ---
2025-02-04T16:57:10+0530 INFO --- logging initialized ---
2025-02-04T16:57:26+0530 INFO --- logging initialized ---
2025-02-04T16:57:40+0530 INFO --- logging initialized ---
2025-02-04T16:57:51+0530 INFO --- logging initialized ---
2025-02-04T16:58:02+0530 INFO --- logging initialized ---
2025-02-04T16:58:46+0530 INFO --- logging initialized ---
2025-02-04T16:58:52+0530 SUBDEBUG Installed: dnf-utils-4.9.0-1.fc39.noarch
2025-02-04T16:58:56+0530 INFO --- logging initialized ---
2025-02-04T16:59:03+0530 INFO --- logging initialized ---
2025-02-04T16:59:11+0530 INFO --- logging initialized ---
2025-02-04T17:00:37+0530 INFO --- logging initialized ---
2025-02-04T17:01:06+0530 INFO --- logging initialized ---
2025-02-04T17:01:25+0530 INFO --- logging initialized ---
2025-02-04T17:01:33+0530 INFO --- logging initialized ---
2025-02-04T18:17:14+0530 INFO --- logging initialized ---
2025-02-04T19:32:04+0530 INFO --- logging initialized ---
2025-02-05T17:25:24+0530 INFO --- logging initialized ---
2025-02-05T18:27:23+0530 INFO --- logging initialized ---
2025-02-05T20:17:15+0530 INFO --- logging initialized ---
2025-02-06T10:55:07+0530 INFO --- logging initialized ---
2025-02-06T12:46:56+0530 INFO --- logging initialized ---
2025-02-06T17:16:40+0530 INFO --- logging initialized ---
2025-02-06T19:04:26+0530 INFO --- logging initialized ---
2025-02-06T20:42:53+0530 INFO --- logging initialized ---
2025-02-07T11:45:21+0530 INFO --- logging initialized ---
2025-02-07T12:56:21+0530 INFO --- logging initialized ---
2025-02-07T14:17:21+0530 INFO --- logging initialized ---
2025-02-07T15:46:21+0530 INFO --- logging initialized ---
2025-02-07T19:22:10+0530 INFO --- logging initialized ---
2025-02-07T20:57:10+0530 INFO --- logging initialized ---
2025-02-10T09:58:54+0530 INFO --- logging initialized ---
2025-02-10T10:59:06+0530 INFO --- logging initialized ---
2025-02-10T12:04:06+0530 INFO --- logging initialized ---
2025-02-10T17:55:17+0530 INFO --- logging initialized ---
2025-02-10T20:20:37+0530 INFO --- logging initialized ---
2025-02-11T11:19:36+0530 INFO --- logging initialized ---
2025-02-11T17:00:15+0530 INFO --- logging initialized ---
2025-02-11T18:48:03+0530 INFO --- logging initialized ---
2025-02-11T19:52:03+0530 INFO --- logging initialized ---
2025-02-12T11:37:53+0530 INFO --- logging initialized ---
2025-02-12T12:53:28+0530 INFO --- logging initialized ---
2025-02-12T14:27:53+0530 INFO --- logging initialized ---
2025-02-12T17:48:38+0530 INFO --- logging initialized ---
2025-02-12T19:06:05+0530 INFO --- logging initialized ---
2025-02-13T17:46:04+0530 INFO --- logging initialized ---
2025-02-13T19:02:04+0530 INFO --- logging initialized ---
2025-02-13T20:12:04+0530 INFO --- logging initialized ---
2025-02-14T10:43:04+0530 INFO --- logging initialized ---
2025-02-14T11:46:05+0530 INFO --- logging initialized ---
2025-02-14T13:32:04+0530 INFO --- logging initialized ---
2025-02-14T19:08:02+0530 INFO --- logging initialized ---
2025-02-20T10:14:37+0530 INFO --- logging initialized ---
2025-02-20T12:27:29+0530 INFO --- logging initialized ---
2025-02-20T18:38:03+0530 INFO --- logging initialized ---
2025-02-21T16:18:16+0530 INFO --- logging initialized ---
2025-02-21T17:50:15+0530 INFO --- logging initialized ---
2025-02-21T19:23:55+0530 INFO --- logging initialized ---
2025-02-21T19:39:37+0530 INFO --- logging initialized ---
2025-02-24T10:17:35+0530 INFO --- logging initialized ---
2025-02-24T12:15:35+0530 INFO --- logging initialized ---
2025-02-24T13:52:03+0530 INFO --- logging initialized ---
2025-02-24T18:05:17+0530 INFO --- logging initialized ---
2025-02-24T19:17:17+0530 INFO --- logging initialized ---
2025-02-25T11:04:10+0530 INFO --- logging initialized ---
2025-02-25T12:53:15+0530 INFO --- logging initialized ---
2025-02-25T14:16:15+0530 INFO --- logging initialized ---
2025-02-25T19:06:40+0530 INFO --- logging initialized ---
2025-02-27T11:20:00+0530 INFO --- logging initialized ---
2025-02-27T12:31:00+0530 INFO --- logging initialized ---
2025-02-27T17:08:32+0530 INFO --- logging initialized ---
2025-02-27T18:10:20+0530 INFO --- logging initialized ---
2025-02-27T19:49:52+0530 INFO --- logging initialized ---
2025-02-28T11:21:22+0530 INFO --- logging initialized ---
2025-02-28T12:52:38+0530 INFO --- logging initialized ---
2025-02-28T13:55:04+0530 INFO --- logging initialized ---
2025-02-28T18:27:51+0530 INFO --- logging initialized ---
2025-03-03T10:39:13+0530 INFO --- logging initialized ---
2025-03-03T12:37:28+0530 INFO --- logging initialized ---
2025-03-03T18:09:36+0530 INFO --- logging initialized ---
2025-03-03T18:10:18+0530 SUBDEBUG Installed: cockpit-bridge-322-1.fc39.x86_64
2025-03-03T18:10:19+0530 SUBDEBUG Installed: libjose-14-1.fc39.x86_64
2025-03-03T18:10:19+0530 SUBDEBUG Installed: jose-14-1.fc39.x86_64
2025-03-03T18:10:19+0530 SUBDEBUG Installed: clevis-pin-tpm2-0.5.3-2.fc39.x86_64
2025-03-03T18:10:19+0530 SUBDEBUG Installed: clevis-20-1.fc39.x86_64
2025-03-03T18:10:19+0530 SUBDEBUG Installed: tracer-common-1.2-1.fc39.noarch
2025-03-03T18:10:19+0530 SUBDEBUG Installed: openssl-1:3.1.4-4.fc39.x86_64
2025-03-03T18:10:20+0530 SUBDEBUG Installed: libdnf5-5.1.17-2.fc39.x86_64
2025-03-03T18:10:20+0530 SUBDEBUG Installed: python3-libdnf5-5.1.17-2.fc39.x86_64
2025-03-03T18:10:21+0530 SUBDEBUG Installed: udisks2-lvm2-2.10.1-1.fc39.x86_64
2025-03-03T18:10:21+0530 SUBDEBUG Installed: udisks2-btrfs-2.10.1-1.fc39.x86_64
2025-03-03T18:10:21+0530 SUBDEBUG Installed: sscg-3.0.5-3.fc39.x86_64
2025-03-03T18:10:21+0530 SUBDEBUG Installed: cockpit-ws-322-1.fc39.x86_64
2025-03-03T18:10:43+0530 SUBDEBUG Installed: reportd-0.7.4-11.fc39.x86_64
2025-03-03T18:10:43+0530 SUBDEBUG Installed: cockpit-system-322-1.fc39.noarch
2025-03-03T18:10:44+0530 SUBDEBUG Installed: cockpit-networkmanager-322-1.fc39.noarch
2025-03-03T18:10:44+0530 SUBDEBUG Installed: python3-psutil-5.9.5-1.fc39.x86_64
2025-03-03T18:10:44+0530 SUBDEBUG Installed: python3-tracer-1.2-1.fc39.noarch
2025-03-03T18:10:45+0530 SUBDEBUG Installed: cockpit-packagekit-322-1.fc39.noarch
2025-03-03T18:10:45+0530 SUBDEBUG Installed: libluksmeta-9-16.fc39.x86_64
2025-03-03T18:10:45+0530 SUBDEBUG Installed: luksmeta-9-16.fc39.x86_64
2025-03-03T18:10:45+0530 SUBDEBUG Installed: clevis-luks-20-1.fc39.x86_64
2025-03-03T18:10:45+0530 SUBDEBUG Installed: cockpit-storaged-322-1.fc39.noarch
2025-03-03T18:10:46+0530 SUBDEBUG Installed: cockpit-322-1.fc39.x86_64
2025-03-03T18:10:48+0530 INFO --- logging initialized ---
2025-03-04T11:15:42+0530 INFO --- logging initialized ---
2025-03-04T12:46:58+0530 INFO --- logging initialized ---
2025-03-04T14:24:49+0530 INFO --- logging initialized ---
2025-03-04T15:52:12+0530 INFO --- logging initialized ---
2025-03-04T17:21:22+0530 INFO --- logging initialized ---
2025-03-04T18:44:59+0530 INFO --- logging initialized ---
2025-03-05T16:57:54+0530 INFO --- logging initialized ---
2025-03-05T18:42:11+0530 INFO --- logging initialized ---
2025-03-05T19:52:10+0530 INFO --- logging initialized ---
2025-03-05T20:29:06+0530 INFO --- logging initialized ---
2025-03-06T10:47:19+0530 INFO --- logging initialized ---
2025-03-06T17:21:55+0530 INFO --- logging initialized ---
2025-03-06T18:30:23+0530 INFO --- logging initialized ---
2025-03-06T18:30:34+0530 SUBDEBUG Erase: gnome-user-share-43.0-3.fc39.x86_64
2025-03-06T18:30:35+0530 SUBDEBUG Erase: httpd-2.4.62-2.fc39.x86_64
2025-03-06T18:30:35+0530 SUBDEBUG Erase: mod_lua-2.4.62-2.fc39.x86_64
2025-03-06T18:30:35+0530 SUBDEBUG Erase: mod_dnssd-0.6-29.fc39.x86_64
2025-03-06T18:30:35+0530 SUBDEBUG Erase: fedora-logos-httpd-38.1.0-2.fc39.noarch
2025-03-06T18:30:35+0530 SUBDEBUG Erase: mod_http2-2.0.29-1.fc39.x86_64
2025-03-06T18:30:35+0530 SUBDEBUG Erase: julietaula-montserrat-fonts-1:7.222-8.fc39.noarch
2025-03-06T18:30:35+0530 SUBDEBUG Erase: httpd-core-2.4.62-2.fc39.x86_64
2025-03-06T18:30:35+0530 SUBDEBUG Erase: httpd-tools-2.4.62-2.fc39.x86_64
2025-03-06T18:30:35+0530 SUBDEBUG Erase: httpd-filesystem-2.4.62-2.fc39.noarch
2025-03-06T18:30:35+0530 SUBDEBUG Erase: apr-util-1.6.3-4.fc39.x86_64
2025-03-06T18:30:36+0530 SUBDEBUG Erase: apr-1.7.5-1.fc39.x86_64
2025-03-06T18:30:36+0530 SUBDEBUG Erase: apr-util-bdb-1.6.3-4.fc39.x86_64
2025-03-06T18:30:36+0530 SUBDEBUG Erase: apr-util-openssl-1.6.3-4.fc39.x86_64
2025-03-06T19:14:34+0530 INFO --- logging initialized ---
2025-03-07T10:45:50+0530 INFO --- logging initialized ---
2025-03-07T12:42:50+0530 INFO --- logging initialized ---
2025-03-07T18:29:15+0530 INFO --- logging initialized ---
2025-03-07T19:54:13+0530 INFO --- logging initialized ---
2025-03-10T10:56:12+0530 INFO --- logging initialized ---
2025-03-10T12:03:12+0530 INFO --- logging initialized ---
2025-03-10T13:46:12+0530 INFO --- logging initialized ---
2025-03-10T17:51:17+0530 INFO --- logging initialized ---
2025-03-10T17:58:23+0530 INFO --- logging initialized ---
2025-03-10T17:59:23+0530 SUBDEBUG Installed: apr-1.7.5-1.fc39.x86_64
2025-03-10T17:59:23+0530 SUBDEBUG Installed: apr-util-bdb-1.6.3-4.fc39.x86_64
2025-03-10T17:59:23+0530 SUBDEBUG Installed: apr-util-openssl-1.6.3-4.fc39.x86_64
2025-03-10T17:59:23+0530 SUBDEBUG Installed: apr-util-1.6.3-4.fc39.x86_64
2025-03-10T17:59:23+0530 SUBDEBUG Installed: httpd-tools-2.4.62-2.fc39.x86_64
2025-03-10T17:59:23+0530 SUBDEBUG Installed: julietaula-montserrat-fonts-1:7.222-8.fc39.noarch
2025-03-10T17:59:23+0530 SUBDEBUG Installed: fedora-logos-httpd-38.1.0-2.fc39.noarch
2025-03-10T17:59:23+0530 SUBDEBUG Installed: httpd-filesystem-2.4.62-2.fc39.noarch
2025-03-10T17:59:23+0530 SUBDEBUG Installed: httpd-core-2.4.62-2.fc39.x86_64
2025-03-10T17:59:24+0530 SUBDEBUG Installed: mod_http2-2.0.29-1.fc39.x86_64
2025-03-10T17:59:24+0530 SUBDEBUG Installed: mod_lua-2.4.62-2.fc39.x86_64
2025-03-10T17:59:24+0530 SUBDEBUG Installed: httpd-2.4.62-2.fc39.x86_64
2025-03-10T19:49:34+0530 INFO --- logging initialized ---
2025-03-11T11:22:34+0530 INFO --- logging initialized ---
2025-03-11T12:36:50+0530 INFO --- logging initialized ---
2025-03-11T16:44:42+0530 INFO --- logging initialized ---
2025-03-11T18:09:23+0530 INFO --- logging initialized ---
2025-03-11T18:41:23+0530 INFO --- logging initialized ---
2025-03-11T20:29:00+0530 INFO --- logging initialized ---
2025-03-12T11:12:59+0530 INFO --- logging initialized ---
2025-03-12T12:42:21+0530 INFO --- logging initialized ---
2025-03-12T17:42:14+0530 INFO --- logging initialized ---
2025-03-12T18:48:20+0530 INFO --- logging initialized ---
2025-03-12T20:03:34+0530 INFO --- logging initialized ---
2025-03-13T11:27:21+0530 INFO --- logging initialized ---
2025-03-17T09:26:47+0530 INFO --- logging initialized ---
2025-03-17T10:33:48+0530 INFO --- logging initialized ---
2025-03-17T11:57:35+0530 INFO --- logging initialized ---
2025-03-17T13:14:57+0530 INFO --- logging initialized ---
2025-03-17T15:13:39+0530 INFO --- logging initialized ---
2025-03-17T17:10:48+0530 INFO --- logging initialized ---
2025-03-17T18:21:47+0530 INFO --- logging initialized ---
2025-03-17T19:57:47+0530 INFO --- logging initialized ---
2025-03-18T09:52:01+0530 INFO --- logging initialized ---
2025-03-18T11:21:31+0530 INFO --- logging initialized ---
2025-03-18T12:33:23+0530 INFO --- logging initialized ---
2025-03-18T13:50:32+0530 INFO --- logging initialized ---
2025-03-18T15:04:34+0530 INFO --- logging initialized ---
2025-03-18T16:34:34+0530 INFO --- logging initialized ---
2025-03-18T18:16:30+0530 INFO --- logging initialized ---
2025-03-18T19:32:33+0530 INFO --- logging initialized ---
2025-03-18T20:36:33+0530 INFO --- logging initialized ---
2025-03-19T10:31:36+0530 INFO --- logging initialized ---
2025-03-19T11:35:15+0530 INFO --- logging initialized ---
2025-03-19T12:59:15+0530 INFO --- logging initialized ---
2025-03-19T15:32:43+0530 INFO --- logging initialized ---
2025-03-19T17:06:16+0530 INFO --- logging initialized ---
2025-03-19T18:15:16+0530 INFO --- logging initialized ---
2025-03-19T19:45:16+0530 INFO --- logging initialized ---
2025-03-20T10:07:12+0530 INFO --- logging initialized ---
2025-03-20T11:18:12+0530 INFO --- logging initialized ---
2025-03-20T12:42:13+0530 INFO --- logging initialized ---
2025-03-20T14:06:13+0530 INFO --- logging initialized ---
2025-03-20T15:43:13+0530 INFO --- logging initialized ---
2025-03-20T19:00:53+0530 INFO --- logging initialized ---
2025-03-20T21:30:12+0530 INFO --- logging initialized ---
2025-03-21T10:09:47+0530 INFO --- logging initialized ---
2025-03-21T12:09:44+0530 INFO --- logging initialized ---
2025-03-21T13:48:45+0530 INFO --- logging initialized ---
2025-03-22T09:26:19+0530 INFO --- logging initialized ---
2025-03-24T10:21:31+0530 INFO --- logging initialized ---
2025-03-24T11:27:23+0530 INFO --- logging initialized ---
2025-03-24T12:48:23+0530 INFO --- logging initialized ---
2025-03-24T14:25:24+0530 INFO --- logging initialized ---
2025-03-24T15:32:23+0530 INFO --- logging initialized ---
2025-03-24T17:14:56+0530 INFO --- logging initialized ---
2025-03-24T18:34:23+0530 INFO --- logging initialized ---
2025-03-24T20:32:23+0530 INFO --- logging initialized ---
2025-03-25T11:48:51+0530 INFO --- logging initialized ---
2025-03-25T13:45:51+0530 INFO --- logging initialized ---
2025-03-25T17:35:47+0530 INFO --- logging initialized ---
2025-03-25T19:22:02+0530 INFO --- logging initialized ---
2025-03-26T10:35:27+0530 INFO --- logging initialized ---
2025-03-26T12:04:21+0530 INFO --- logging initialized ---
2025-03-26T13:35:59+0530 INFO --- logging initialized ---
2025-03-26T18:16:30+0530 INFO --- logging initialized ---
2025-03-26T19:57:30+0530 INFO --- logging initialized ---
2025-03-27T09:16:33+0530 INFO --- logging initialized ---
2025-03-27T11:16:33+0530 INFO --- logging initialized ---
2025-03-27T12:27:24+0530 INFO --- logging initialized ---
2025-03-27T13:49:34+0530 INFO --- logging initialized ---
2025-03-27T15:01:33+0530 INFO --- logging initialized ---
2025-03-27T16:50:33+0530 INFO --- logging initialized ---
2025-03-27T18:43:07+0530 INFO --- logging initialized ---
2025-03-28T10:54:40+0530 INFO --- logging initialized ---
2025-03-28T12:48:40+0530 INFO --- logging initialized ---
2025-03-28T13:52:40+0530 INFO --- logging initialized ---
2025-03-28T15:20:39+0530 INFO --- logging initialized ---
2025-03-28T16:42:39+0530 INFO --- logging initialized ---
2025-03-28T17:49:40+0530 INFO --- logging initialized ---
2025-03-28T19:40:40+0530 INFO --- logging initialized ---
2025-04-01T16:07:21+0530 INFO --- logging initialized ---
2025-04-01T17:33:19+0530 INFO --- logging initialized ---
2025-04-01T18:42:19+0530 INFO --- logging initialized ---
2025-04-02T11:49:26+0530 INFO --- logging initialized ---
2025-04-02T13:09:26+0530 INFO --- logging initialized ---
2025-04-02T16:20:03+0530 INFO --- logging initialized ---
2025-04-02T17:41:04+0530 INFO --- logging initialized ---
2025-04-02T19:07:04+0530 INFO --- logging initialized ---
2025-04-02T20:30:04+0530 INFO --- logging initialized ---
2025-04-02T22:03:09+0530 INFO --- logging initialized ---
2025-04-03T11:45:20+0530 INFO --- logging initialized ---
2025-04-03T13:16:20+0530 INFO --- logging initialized ---
2025-04-03T14:47:20+0530 INFO --- logging initialized ---
2025-04-03T15:52:20+0530 INFO --- logging initialized ---
2025-04-03T19:05:25+0530 INFO --- logging initialized ---
2025-04-04T11:10:43+0530 INFO --- logging initialized ---
2025-04-04T12:55:42+0530 INFO --- logging initialized ---
2025-04-04T14:03:43+0530 INFO --- logging initialized ---
2025-04-04T17:39:55+0530 INFO --- logging initialized ---
2025-04-04T19:02:03+0530 INFO --- logging initialized ---
2025-04-04T20:02:33+0530 INFO --- logging initialized ---
2025-04-05T18:50:54+0530 INFO --- logging initialized ---
2025-04-05T20:50:54+0530 INFO --- logging initialized ---
2025-04-07T09:44:43+0530 INFO --- logging initialized ---
2025-04-07T10:49:25+0530 INFO --- logging initialized ---
2025-04-07T12:42:20+0530 INFO --- logging initialized ---
2025-04-07T14:14:26+0530 INFO --- logging initialized ---
2025-04-07T15:26:25+0530 INFO --- logging initialized ---
2025-04-07T17:01:01+0530 INFO --- logging initialized ---
2025-04-07T18:22:25+0530 INFO --- logging initialized ---
2025-04-07T20:11:41+0530 INFO --- logging initialized ---
2025-04-08T10:15:28+0530 INFO --- logging initialized ---
2025-04-08T11:19:13+0530 INFO --- logging initialized ---
2025-04-08T13:07:15+0530 INFO --- logging initialized ---
2025-04-08T14:22:27+0530 INFO --- logging initialized ---
2025-04-08T16:09:07+0530 INFO --- logging initialized ---
2025-04-08T17:25:16+0530 INFO --- logging initialized ---
2025-04-08T19:02:27+0530 INFO --- logging initialized ---
2025-04-09T09:44:29+0530 INFO --- logging initialized ---
2025-04-09T11:37:57+0530 INFO --- logging initialized ---
2025-04-09T12:48:57+0530 INFO --- logging initialized ---
2025-04-09T13:58:57+0530 INFO --- logging initialized ---
2025-04-09T15:06:14+0530 INFO --- logging initialized ---
2025-04-09T16:20:38+0530 INFO --- logging initialized ---
2025-04-09T17:32:56+0530 INFO --- logging initialized ---
2025-04-10T11:25:17+0530 INFO --- logging initialized ---
2025-04-10T13:23:16+0530 INFO --- logging initialized ---
2025-04-10T15:16:16+0530 INFO --- logging initialized ---
2025-04-10T17:02:16+0530 INFO --- logging initialized ---
2025-04-11T09:14:32+0530 INFO --- logging initialized ---
2025-04-11T10:35:16+0530 INFO --- logging initialized ---
2025-04-11T12:16:46+0530 INFO --- logging initialized ---
2025-04-11T13:44:59+0530 INFO --- logging initialized ---
2025-04-11T14:45:21+0530 INFO --- logging initialized ---
2025-04-11T15:48:02+0530 INFO --- logging initialized ---
2025-04-11T16:57:15+0530 INFO --- logging initialized ---
2025-04-11T18:04:01+0530 INFO --- logging initialized ---
2025-04-11T20:13:07+0530 INFO --- logging initialized ---
2025-04-11T20:38:34+0530 INFO --- logging initialized ---
2025-04-12T16:44:16+0530 INFO --- logging initialized ---
2025-04-12T19:18:42+0530 INFO --- logging initialized ---
2025-04-15T09:57:35+0530 INFO --- logging initialized ---
2025-04-15T10:58:35+0530 INFO --- logging initialized ---
2025-04-15T12:44:30+0530 INFO --- logging initialized ---
2025-04-15T13:53:35+0530 INFO --- logging initialized ---
2025-04-15T15:41:35+0530 INFO --- logging initialized ---
2025-04-15T17:29:22+0530 INFO --- logging initialized ---
2025-04-16T10:21:58+0530 INFO --- logging initialized ---
2025-04-16T11:49:21+0530 INFO --- logging initialized ---
2025-04-16T12:52:21+0530 INFO --- logging initialized ---
2025-04-16T14:17:14+0530 INFO --- logging initialized ---
2025-04-16T15:55:21+0530 INFO --- logging initialized ---
2025-04-16T17:16:01+0530 INFO --- logging initialized ---
2025-04-16T20:10:03+0530 INFO --- logging initialized ---
2025-04-16T21:55:41+0530 INFO --- logging initialized ---
2025-04-17T09:42:13+0530 INFO --- logging initialized ---
2025-04-17T11:23:13+0530 INFO --- logging initialized ---
2025-04-17T13:23:13+0530 INFO --- logging initialized ---
2025-04-17T14:32:43+0530 INFO --- logging initialized ---
2025-04-17T16:06:12+0530 INFO --- logging initialized ---
2025-04-17T17:27:33+0530 INFO --- logging initialized ---
2025-04-17T21:02:03+0530 INFO --- logging initialized ---
2025-04-21T11:31:59+0530 INFO --- logging initialized ---
2025-04-21T17:45:44+0530 INFO --- logging initialized ---
2025-04-21T20:03:59+0530 INFO --- logging initialized ---
2025-04-23T20:26:10+0530 INFO --- logging initialized ---
2025-04-24T20:11:52+0530 INFO --- logging initialized ---
2025-04-25T11:28:34+0530 INFO --- logging initialized ---
2025-04-25T18:47:48+0530 INFO --- logging initialized ---
2025-04-25T20:25:21+0530 INFO --- logging initialized ---
2025-04-28T09:37:42+0530 INFO --- logging initialized ---
2025-04-28T11:10:43+0530 INFO --- logging initialized ---
2025-04-28T12:52:19+0530 INFO --- logging initialized ---
2025-04-28T14:25:43+0530 INFO --- logging initialized ---
2025-04-28T16:18:31+0530 INFO --- logging initialized ---
2025-04-28T18:12:45+0530 INFO --- logging initialized ---
2025-04-28T20:07:45+0530 INFO --- logging initialized ---
2025-04-28T21:09:45+0530 INFO --- logging initialized ---
2025-04-28T21:20:57+0530 INFO --- logging initialized ---
2025-04-29T11:22:45+0530 INFO --- logging initialized ---
2025-04-29T12:31:44+0530 INFO --- logging initialized ---
2025-04-29T13:43:43+0530 INFO --- logging initialized ---
2025-04-29T15:09:43+0530 INFO --- logging initialized ---
2025-04-29T18:53:37+0530 INFO --- logging initialized ---
2025-04-29T20:22:37+0530 INFO --- logging initialized ---
2025-04-30T13:29:54+0530 INFO --- logging initialized ---
2025-04-30T14:53:50+0530 INFO --- logging initialized ---
2025-04-30T16:41:50+0530 INFO --- logging initialized ---
2025-04-30T18:17:50+0530 INFO --- logging initialized ---
2025-04-30T19:49:50+0530 INFO --- logging initialized ---
2025-04-30T20:51:50+0530 INFO --- logging initialized ---
2025-05-01T11:08:54+0530 INFO --- logging initialized ---
2025-05-02T11:34:49+0530 INFO --- logging initialized ---
2025-05-02T12:45:49+0530 INFO --- logging initialized ---
2025-05-02T13:54:48+0530 INFO --- logging initialized ---
2025-05-02T15:53:32+0530 INFO --- logging initialized ---
2025-05-02T17:17:43+0530 INFO --- logging initialized ---
2025-05-02T19:12:48+0530 INFO --- logging initialized ---
2025-05-02T20:37:47+0530 INFO --- logging initialized ---
2025-05-05T09:48:05+0530 INFO --- logging initialized ---
2025-05-05T11:02:05+0530 INFO --- logging initialized ---
2025-05-05T12:52:05+0530 INFO --- logging initialized ---
2025-05-05T15:04:52+0530 INFO --- logging initialized ---
2025-05-05T17:14:35+0530 INFO --- logging initialized ---
2025-05-05T18:07:30+0530 INFO --- logging initialized ---
2025-05-05T19:41:30+0530 INFO --- logging initialized ---
2025-05-05T20:57:30+0530 INFO --- logging initialized ---
2025-05-06T11:33:04+0530 INFO --- logging initialized ---
2025-05-06T13:37:47+0530 INFO --- logging initialized ---
2025-05-06T14:42:31+0530 INFO --- logging initialized ---
2025-05-06T16:39:47+0530 INFO --- logging initialized ---
2025-05-06T17:53:06+0530 INFO --- logging initialized ---
2025-05-06T19:13:47+0530 INFO --- logging initialized ---
2025-05-06T20:55:47+0530 INFO --- logging initialized ---
2025-05-08T10:41:37+0530 INFO --- logging initialized ---
2025-05-08T11:43:37+0530 INFO --- logging initialized ---
2025-05-08T13:25:38+0530 INFO --- logging initialized ---
2025-05-08T14:31:38+0530 INFO --- logging initialized ---
2025-05-08T16:13:37+0530 INFO --- logging initialized ---
2025-05-08T17:45:37+0530 INFO --- logging initialized ---
2025-05-08T19:17:38+0530 INFO --- logging initialized ---
2025-05-08T20:45:37+0530 INFO --- logging initialized ---
2025-05-09T13:20:42+0530 INFO --- logging initialized ---
2025-05-09T14:25:10+0530 INFO --- logging initialized ---
2025-05-09T15:37:42+0530 INFO --- logging initialized ---
2025-05-09T17:29:25+0530 INFO --- logging initialized ---
2025-05-09T18:41:49+0530 INFO --- logging initialized ---
2025-05-09T20:34:48+0530 INFO --- logging initialized ---
2025-05-10T17:19:03+0530 INFO --- logging initialized ---
2025-05-13T10:42:33+0530 INFO --- logging initialized ---
2025-05-13T11:56:32+0530 INFO --- logging initialized ---
2025-05-13T14:14:01+0530 INFO --- logging initialized ---
2025-05-13T19:57:25+0530 INFO --- logging initialized ---
2025-05-13T21:16:25+0530 INFO --- logging initialized ---
2025-05-13T21:36:59+0530 INFO --- logging initialized ---
2025-05-14T10:55:33+0530 INFO --- logging initialized ---
2025-05-14T12:12:27+0530 INFO --- logging initialized ---
2025-05-14T12:15:33+0530 INFO --- logging initialized ---
2025-05-14T14:09:33+0530 INFO --- logging initialized ---
2025-05-15T11:11:56+0530 INFO --- logging initialized ---
2025-05-15T12:44:56+0530 INFO --- logging initialized ---
2025-05-15T14:35:34+0530 INFO --- logging initialized ---
2025-05-15T19:51:25+0530 INFO --- logging initialized ---
2025-05-15T21:15:25+0530 INFO --- logging initialized ---
2025-05-16T10:13:33+0530 INFO --- logging initialized ---
2025-05-16T12:15:18+0530 INFO --- logging initialized ---
2025-05-16T14:00:47+0530 INFO --- logging initialized ---
2025-05-16T19:22:36+0530 INFO --- logging initialized ---
2025-05-16T20:50:36+0530 INFO --- logging initialized ---
2025-05-19T10:28:21+0530 INFO --- logging initialized ---
2025-05-19T11:34:46+0530 INFO --- logging initialized ---
2025-05-19T13:16:29+0530 INFO --- logging initialized ---
2025-05-19T14:54:35+0530 INFO --- logging initialized ---
2025-05-19T19:31:52+0530 INFO --- logging initialized ---
2025-05-20T10:22:39+0530 INFO --- logging initialized ---
2025-05-20T12:05:38+0530 INFO --- logging initialized ---
2025-05-20T13:49:07+0530 INFO --- logging initialized ---
2025-05-21T10:47:21+0530 INFO --- logging initialized ---
2025-05-21T12:39:21+0530 INFO --- logging initialized ---
2025-05-21T17:36:11+0530 INFO --- logging initialized ---
2025-05-21T19:19:11+0530 INFO --- logging initialized ---
2025-05-21T20:33:12+0530 INFO --- logging initialized ---
2025-05-22T10:46:59+0530 INFO --- logging initialized ---
2025-05-22T12:37:40+0530 INFO --- logging initialized ---
2025-05-22T20:08:42+0530 INFO --- logging initialized ---
2025-05-23T10:32:22+0530 INFO --- logging initialized ---
2025-05-23T12:06:41+0530 INFO --- logging initialized ---
2025-05-26T10:04:29+0530 INFO --- logging initialized ---
2025-05-26T11:29:29+0530 INFO --- logging initialized ---
2025-05-26T13:00:29+0530 INFO --- logging initialized ---
2025-05-26T14:48:00+0530 INFO --- logging initialized ---
2025-05-26T15:52:23+0530 INFO --- logging initialized ---
2025-05-26T20:50:22+0530 INFO --- logging initialized ---
2025-05-26T23:22:51+0530 INFO --- logging initialized ---
2025-05-27T10:50:05+0530 INFO --- logging initialized ---
2025-05-27T12:12:05+0530 INFO --- logging initialized ---
2025-05-27T13:16:06+0530 INFO --- logging initialized ---
2025-05-27T15:10:03+0530 INFO --- logging initialized ---
2025-05-27T20:13:39+0530 INFO --- logging initialized ---
2025-05-27T21:11:44+0530 INFO --- logging initialized ---
2025-05-28T10:46:40+0530 INFO --- logging initialized ---
2025-05-28T19:40:17+0530 INFO --- logging initialized ---
2025-05-28T21:32:16+0530 INFO --- logging initialized ---
2025-05-29T10:47:15+0530 INFO --- logging initialized ---
2025-05-29T11:54:11+0530 INFO --- logging initialized ---
2025-05-29T13:45:11+0530 INFO --- logging initialized ---
2025-05-29T15:20:29+0530 INFO --- logging initialized ---
2025-05-29T17:06:31+0530 INFO --- logging initialized ---
2025-05-29T19:30:03+0530 INFO --- logging initialized ---
2025-05-29T20:14:55+0530 INFO --- logging initialized ---
2025-05-29T20:55:56+0530 INFO --- logging initialized ---
2025-06-10T09:57:54+0530 INFO --- logging initialized ---
2025-06-10T11:44:54+0530 INFO --- logging initialized ---
2025-06-10T13:03:54+0530 INFO --- logging initialized ---
2025-06-10T19:38:26+0530 INFO --- logging initialized ---
2025-06-11T10:29:52+0530 INFO --- logging initialized ---
2025-06-11T11:34:52+0530 INFO --- logging initialized ---
2025-06-11T12:43:51+0530 INFO --- logging initialized ---
2025-06-11T14:18:14+0530 INFO --- logging initialized ---
2025-06-11T18:31:43+0530 INFO --- logging initialized ---
2025-06-11T19:36:55+0530 INFO --- logging initialized ---
2025-06-11T20:40:55+0530 INFO --- logging initialized ---
2025-06-12T12:00:19+0530 INFO --- logging initialized ---
2025-06-12T13:22:20+0530 INFO --- logging initialized ---
2025-06-12T14:24:19+0530 INFO --- logging initialized ---
2025-06-12T16:17:19+0530 INFO --- logging initialized ---
2025-06-12T17:25:19+0530 INFO --- logging initialized ---
2025-06-12T18:48:06+0530 INFO --- logging initialized ---
2025-06-12T20:24:11+0530 INFO --- logging initialized ---
2025-06-13T12:15:32+0530 INFO --- logging initialized ---
2025-06-13T13:49:08+0530 INFO --- logging initialized ---
2025-06-16T09:02:08+0530 INFO --- logging initialized ---
2025-06-16T10:05:52+0530 INFO --- logging initialized ---
2025-06-16T12:03:13+0530 INFO --- logging initialized ---
2025-06-16T13:50:45+0530 INFO --- logging initialized ---
2025-06-16T14:25:17+0530 INFO --- logging initialized ---
2025-06-16T14:29:21+0530 SUBDEBUG Installed: snapd-selinux-2.65.1-0.fc39.noarch
2025-06-16T14:29:38+0530 SUBDEBUG Installed: snap-confine-2.65.1-0.fc39.x86_64
2025-06-16T14:29:38+0530 SUBDEBUG Installed: xdelta-3.1.0-17.fc39.x86_64
2025-06-16T14:29:38+0530 SUBDEBUG Installed: snapd-2.65.1-0.fc39.x86_64
2025-06-16T14:29:39+0530 INFO Created symlink /etc/systemd/system/sockets.target.wants/snapd.socket → /usr/lib/systemd/system/snapd.socket.
Created symlink /etc/systemd/user/sockets.target.wants/snapd.session-agent.socket → /usr/lib/systemd/user/snapd.session-agent.socket.

2025-06-16T15:38:56+0530 INFO --- logging initialized ---
2025-06-16T15:53:59+0530 INFO --- logging initialized ---
2025-06-16T15:54:40+0530 INFO --- logging initialized ---
2025-06-16T15:55:16+0530 SUBDEBUG Installed: teams-for-linux-2.0.16-1.x86_64
2025-06-16T15:55:31+0530 INFO update-alternatives is /sbin/update-alternatives

2025-06-16T17:08:01+0530 INFO --- logging initialized ---
2025-06-16T18:02:36+0530 INFO --- logging initialized ---
2025-06-16T19:14:54+0530 INFO --- logging initialized ---
2025-06-16T20:44:54+0530 INFO --- logging initialized ---
2025-06-17T14:38:37+0530 INFO --- logging initialized ---
2025-06-17T16:03:37+0530 INFO --- logging initialized ---
2025-06-17T17:30:37+0530 INFO --- logging initialized ---
2025-06-17T19:26:37+0530 INFO --- logging initialized ---
2025-06-17T20:56:37+0530 INFO --- logging initialized ---
2025-06-18T14:29:22+0530 INFO --- logging initialized ---
2025-06-18T15:49:52+0530 INFO --- logging initialized ---
2025-06-18T17:26:22+0530 INFO --- logging initialized ---
2025-06-18T19:54:26+0530 INFO --- logging initialized ---
2025-06-19T11:22:56+0530 INFO --- logging initialized ---
2025-06-19T12:54:55+0530 INFO --- logging initialized ---
2025-06-19T14:23:42+0530 INFO --- logging initialized ---
2025-06-19T16:04:30+0530 INFO --- logging initialized ---
2025-06-19T18:04:44+0530 INFO --- logging initialized ---
2025-06-19T19:29:26+0530 INFO --- logging initialized ---
2025-06-20T12:05:34+0530 INFO --- logging initialized ---
2025-06-20T13:51:34+0530 INFO --- logging initialized ---
2025-06-20T15:16:34+0530 INFO --- logging initialized ---
2025-06-20T16:35:34+0530 INFO --- logging initialized ---
2025-06-20T18:09:35+0530 INFO --- logging initialized ---
2025-06-20T20:06:34+0530 INFO --- logging initialized ---
2025-06-21T12:26:15+0530 INFO --- logging initialized ---
2025-06-23T19:13:39+0530 INFO --- logging initialized ---
2025-06-23T20:54:41+0530 INFO --- logging initialized ---
2025-06-24T11:31:59+0530 INFO --- logging initialized ---
2025-06-24T13:23:59+0530 INFO --- logging initialized ---
2025-06-24T17:30:44+0530 INFO --- logging initialized ---
2025-06-24T18:48:55+0530 INFO --- logging initialized ---
2025-06-24T19:51:55+0530 INFO --- logging initialized ---
2025-06-25T11:21:12+0530 INFO --- logging initialized ---
2025-06-25T13:31:24+0530 INFO --- logging initialized ---
2025-06-25T18:52:36+0530 INFO --- logging initialized ---
2025-06-27T09:41:58+0530 INFO --- logging initialized ---
2025-06-27T11:02:31+0530 INFO --- logging initialized ---
2025-06-27T12:13:58+0530 INFO --- logging initialized ---
2025-06-27T13:36:13+0530 INFO --- logging initialized ---
2025-06-27T18:37:17+0530 INFO --- logging initialized ---
2025-06-27T19:43:19+0530 INFO --- logging initialized ---
2025-06-30T09:57:58+0530 INFO --- logging initialized ---
2025-06-30T11:00:42+0530 INFO --- logging initialized ---
2025-06-30T12:03:41+0530 INFO --- logging initialized ---
2025-06-30T13:56:15+0530 INFO --- logging initialized ---
2025-06-30T18:49:18+0530 INFO --- logging initialized ---
2025-06-30T19:51:18+0530 INFO --- logging initialized ---
2025-07-01T11:17:27+0530 INFO --- logging initialized ---
2025-07-01T13:16:19+0530 INFO --- logging initialized ---
2025-07-01T17:45:18+0530 INFO --- logging initialized ---
2025-07-01T19:06:22+0530 INFO --- logging initialized ---
2025-07-01T20:42:22+0530 INFO --- logging initialized ---
2025-07-02T11:02:54+0530 INFO --- logging initialized ---
2025-07-02T12:42:55+0530 INFO --- logging initialized ---
2025-07-02T19:07:18+0530 INFO --- logging initialized ---
2025-07-02T20:31:18+0530 INFO --- logging initialized ---
2025-07-03T10:04:11+0530 INFO --- logging initialized ---
2025-07-03T11:58:46+0530 INFO --- logging initialized ---
2025-07-03T13:12:46+0530 INFO --- logging initialized ---
2025-07-03T14:02:55+0530 INFO --- logging initialized ---
2025-07-03T16:32:40+0530 INFO --- logging initialized ---
2025-07-03T16:53:25+0530 INFO --- logging initialized ---
2025-07-03T18:52:07+0530 INFO --- logging initialized ---
2025-07-03T20:51:08+0530 INFO --- logging initialized ---
2025-07-04T13:18:37+0530 INFO --- logging initialized ---
2025-07-04T15:18:44+0530 INFO --- logging initialized ---
2025-07-04T17:17:31+0530 INFO --- logging initialized ---
2025-07-04T18:38:31+0530 INFO --- logging initialized ---
2025-07-04T20:30:31+0530 INFO --- logging initialized ---
2025-07-07T09:34:09+0530 INFO --- logging initialized ---
2025-07-07T10:42:42+0530 INFO --- logging initialized ---
2025-07-07T11:59:41+0530 INFO --- logging initialized ---
2025-07-07T13:02:41+0530 INFO --- logging initialized ---
2025-07-07T14:28:43+0530 INFO --- logging initialized ---
2025-07-07T16:15:47+0530 INFO --- logging initialized ---
2025-07-07T17:38:15+0530 INFO --- logging initialized ---
2025-07-07T19:03:15+0530 INFO --- logging initialized ---
2025-07-07T20:13:16+0530 INFO --- logging initialized ---
2025-07-08T12:24:56+0530 INFO --- logging initialized ---
2025-07-08T14:04:09+0530 INFO --- logging initialized ---
2025-07-08T16:28:50+0530 INFO --- logging initialized ---
2025-07-08T18:18:50+0530 INFO --- logging initialized ---
2025-07-08T20:16:50+0530 INFO --- logging initialized ---
2025-07-09T11:39:29+0530 INFO --- logging initialized ---
2025-07-09T12:45:29+0530 INFO --- logging initialized ---
2025-07-10T09:39:32+0530 INFO --- logging initialized ---
2025-07-10T11:25:32+0530 INFO --- logging initialized ---
2025-07-10T12:41:32+0530 INFO --- logging initialized ---
2025-07-10T18:28:11+0530 INFO --- logging initialized ---
2025-07-10T20:23:11+0530 INFO --- logging initialized ---
2025-07-11T11:28:52+0530 INFO --- logging initialized ---
2025-07-11T12:41:52+0530 INFO --- logging initialized ---
2025-07-11T14:14:09+0530 INFO --- logging initialized ---
2025-07-11T17:17:46+0530 INFO --- logging initialized ---
2025-07-11T18:29:44+0530 INFO --- logging initialized ---
2025-07-14T09:05:32+0530 INFO --- logging initialized ---
2025-07-14T10:07:25+0530 INFO --- logging initialized ---
2025-07-14T11:36:32+0530 INFO --- logging initialized ---
2025-07-14T12:58:31+0530 INFO --- logging initialized ---
2025-07-14T14:18:25+0530 INFO --- logging initialized ---
2025-07-14T19:51:56+0530 INFO --- logging initialized ---
2025-07-14T21:23:56+0530 INFO --- logging initialized ---
2025-07-15T11:16:23+0530 INFO --- logging initialized ---
2025-07-17T17:32:40+0530 INFO --- logging initialized ---
2025-07-17T19:11:40+0530 INFO --- logging initialized ---
2025-07-17T20:34:40+0530 INFO --- logging initialized ---
2025-07-18T12:40:13+0530 INFO --- logging initialized ---
2025-07-18T14:08:13+0530 INFO --- logging initialized ---
2025-07-18T15:40:14+0530 INFO --- logging initialized ---
2025-07-21T08:56:30+0530 INFO --- logging initialized ---
2025-07-21T09:57:48+0530 INFO --- logging initialized ---
2025-07-21T11:26:48+0530 INFO --- logging initialized ---
2025-07-21T12:51:48+0530 INFO --- logging initialized ---
2025-07-21T13:56:48+0530 INFO --- logging initialized ---
2025-07-21T15:16:02+0530 INFO --- logging initialized ---
2025-07-21T16:35:01+0530 INFO --- logging initialized ---
2025-07-21T18:03:01+0530 INFO --- logging initialized ---
2025-07-21T19:06:01+0530 INFO --- logging initialized ---
2025-07-21T20:47:01+0530 INFO --- logging initialized ---
2025-07-22T09:41:15+0530 INFO --- logging initialized ---
2025-07-22T11:37:37+0530 INFO --- logging initialized ---
2025-07-22T13:14:14+0530 INFO --- logging initialized ---
2025-07-22T14:16:36+0530 INFO --- logging initialized ---
2025-07-22T15:24:37+0530 INFO --- logging initialized ---
2025-07-23T09:36:27+0530 INFO --- logging initialized ---
2025-07-23T11:01:28+0530 INFO --- logging initialized ---
2025-07-23T12:47:27+0530 INFO --- logging initialized ---
2025-07-23T15:18:23+0530 INFO --- logging initialized ---
2025-07-23T18:07:58+0530 INFO --- logging initialized ---
2025-07-23T20:03:06+0530 INFO --- logging initialized ---
2025-07-24T09:40:54+0530 INFO --- logging initialized ---
2025-07-24T10:47:51+0530 INFO --- logging initialized ---
2025-07-24T12:43:55+0530 INFO --- logging initialized ---
2025-07-24T14:35:05+0530 INFO --- logging initialized ---
2025-07-24T15:56:04+0530 INFO --- logging initialized ---
2025-07-24T17:47:04+0530 INFO --- logging initialized ---
2025-07-24T19:18:04+0530 INFO --- logging initialized ---
2025-07-24T20:26:04+0530 INFO --- logging initialized ---
2025-07-25T09:22:15+0530 INFO --- logging initialized ---
2025-07-25T11:14:03+0530 INFO --- logging initialized ---
2025-07-25T12:26:41+0530 INFO --- logging initialized ---
2025-07-25T13:59:50+0530 INFO --- logging initialized ---
2025-07-25T15:54:40+0530 INFO --- logging initialized ---
2025-07-28T09:22:36+0530 INFO --- logging initialized ---
2025-07-28T10:26:42+0530 INFO --- logging initialized ---
2025-07-28T11:54:42+0530 INFO --- logging initialized ---
2025-07-28T13:45:56+0530 INFO --- logging initialized ---
2025-07-28T16:02:41+0530 INFO --- logging initialized ---
2025-07-28T19:34:15+0530 INFO --- logging initialized ---
2025-07-29T09:01:00+0530 INFO --- logging initialized ---
2025-07-29T10:54:47+0530 INFO --- logging initialized ---
2025-07-29T12:52:01+0530 INFO --- logging initialized ---
2025-07-29T15:05:26+0530 INFO --- logging initialized ---
2025-07-30T09:37:39+0530 INFO --- logging initialized ---
2025-07-30T10:49:38+0530 INFO --- logging initialized ---
2025-07-30T12:35:38+0530 INFO --- logging initialized ---
2025-07-30T14:58:10+0530 INFO --- logging initialized ---
2025-07-30T16:08:35+0530 INFO --- logging initialized ---
2025-07-30T17:19:58+0530 INFO --- logging initialized ---
2025-07-30T18:37:35+0530 INFO --- logging initialized ---
2025-07-31T14:37:59+0530 INFO --- logging initialized ---
2025-07-31T16:37:59+0530 INFO --- logging initialized ---
2025-07-31T17:44:59+0530 INFO --- logging initialized ---
2025-07-31T19:02:03+0530 INFO --- logging initialized ---
2025-07-31T20:03:03+0530 INFO --- logging initialized ---
2025-07-31T21:22:03+0530 INFO --- logging initialized ---
2025-08-01T11:56:15+0530 INFO --- logging initialized ---
2025-08-04T09:01:45+0530 INFO --- logging initialized ---
2025-08-04T10:23:03+0530 INFO --- logging initialized ---
2025-08-04T11:35:45+0530 INFO --- logging initialized ---
2025-08-04T13:03:45+0530 INFO --- logging initialized ---
2025-08-04T14:17:44+0530 INFO --- logging initialized ---
2025-08-04T16:09:51+0530 INFO --- logging initialized ---
2025-08-04T17:11:21+0530 INFO --- logging initialized ---
2025-08-04T18:21:50+0530 INFO --- logging initialized ---
2025-08-04T19:51:50+0530 INFO --- logging initialized ---
2025-08-05T07:35:10+0530 INFO --- logging initialized ---
2025-08-05T09:18:43+0530 INFO --- logging initialized ---
2025-08-05T11:01:43+0530 INFO --- logging initialized ---
2025-08-05T12:24:43+0530 INFO --- logging initialized ---
2025-08-05T12:38:11+0530 INFO --- logging initialized ---
2025-08-05T12:38:47+0530 SUBDEBUG Installed: qt6-qtshadertools-6.6.2-1.fc39.x86_64
2025-08-05T12:38:47+0530 SUBDEBUG Installed: qt6-qt5compat-6.6.2-1.fc39.x86_64
2025-08-05T12:38:47+0530 SUBDEBUG Installed: qt6-qtmultimedia-6.6.2-1.fc39.x86_64
2025-08-05T12:38:47+0530 SUBDEBUG Installed: libsmi-0.4.8-34.fc39.x86_64
2025-08-05T12:38:48+0530 SUBDEBUG Installed: compat-lua-libs-5.1.5-23.fc39.x86_64
2025-08-05T12:38:48+0530 SUBDEBUG Installed: wireshark-cli-1:4.0.17-1.fc39.x86_64
2025-08-05T12:38:50+0530 SUBDEBUG Installed: wireshark-1:4.0.17-1.fc39.x86_64
2025-08-05T15:59:35+0530 INFO --- logging initialized ---
2025-08-06T08:46:45+0530 INFO --- logging initialized ---
2025-08-06T10:21:45+0530 INFO --- logging initialized ---
2025-08-06T12:00:45+0530 INFO --- logging initialized ---
2025-08-06T14:01:35+0530 INFO --- logging initialized ---
2025-08-06T15:36:36+0530 INFO --- logging initialized ---
2025-08-06T16:59:05+0530 INFO --- logging initialized ---
2025-08-06T19:11:56+0530 INFO --- logging initialized ---
2025-08-06T20:09:19+0530 INFO --- logging initialized ---
2025-08-07T09:25:16+0530 INFO --- logging initialized ---
2025-08-07T10:30:14+0530 INFO --- logging initialized ---
2025-08-07T12:28:14+0530 INFO --- logging initialized ---
2025-08-07T14:04:08+0530 INFO --- logging initialized ---
2025-08-07T15:39:14+0530 INFO --- logging initialized ---
2025-08-07T17:03:14+0530 INFO --- logging initialized ---
2025-08-07T20:11:46+0530 INFO --- logging initialized ---
2025-08-08T09:10:25+0530 INFO --- logging initialized ---
2025-08-08T10:46:26+0530 INFO --- logging initialized ---
2025-08-08T12:27:25+0530 INFO --- logging initialized ---
2025-08-08T14:27:55+0530 INFO --- logging initialized ---
2025-08-11T09:34:37+0530 INFO --- logging initialized ---
2025-08-11T11:11:38+0530 INFO --- logging initialized ---
2025-08-11T12:20:38+0530 INFO --- logging initialized ---
2025-08-11T13:36:07+0530 INFO --- logging initialized ---
2025-08-11T14:51:38+0530 INFO --- logging initialized ---
2025-08-11T16:09:38+0530 INFO --- logging initialized ---
2025-08-11T17:43:10+0530 INFO --- logging initialized ---
2025-08-11T18:59:36+0530 INFO --- logging initialized ---
2025-08-12T08:48:15+0530 INFO --- logging initialized ---
2025-08-12T09:49:16+0530 INFO --- logging initialized ---
2025-08-12T11:36:15+0530 INFO --- logging initialized ---
2025-08-12T12:48:15+0530 INFO --- logging initialized ---
2025-08-12T14:42:36+0530 INFO --- logging initialized ---
2025-08-12T15:46:28+0530 INFO --- logging initialized ---
2025-08-13T09:46:35+0530 INFO --- logging initialized ---
2025-08-13T10:52:35+0530 INFO --- logging initialized ---
2025-08-13T12:24:01+0530 INFO --- logging initialized ---
2025-08-13T14:06:24+0530 INFO --- logging initialized ---
2025-08-13T15:21:41+0530 INFO --- logging initialized ---
2025-08-13T17:16:41+0530 INFO --- logging initialized ---
2025-08-13T18:53:40+0530 INFO --- logging initialized ---
2025-08-14T10:48:34+0530 INFO --- logging initialized ---
2025-08-14T12:10:34+0530 INFO --- logging initialized ---
2025-08-14T14:05:08+0530 INFO --- logging initialized ---
2025-08-14T15:14:35+0530 INFO --- logging initialized ---
2025-08-19T12:09:16+0530 INFO --- logging initialized ---
2025-08-19T13:46:50+0530 INFO --- logging initialized ---
2025-08-19T19:31:29+0530 INFO --- logging initialized ---
2025-08-20T11:13:18+0530 INFO --- logging initialized ---
2025-08-20T12:24:19+0530 INFO --- logging initialized ---
2025-08-20T14:09:19+0530 INFO --- logging initialized ---
2025-08-20T16:57:12+0530 INFO --- logging initialized ---
2025-08-21T11:49:56+0530 INFO --- logging initialized ---
2025-08-21T13:14:56+0530 INFO --- logging initialized ---
2025-08-21T13:55:15+0530 INFO --- logging initialized ---
2025-08-21T19:57:06+0530 INFO --- logging initialized ---
2025-08-22T11:44:17+0530 INFO --- logging initialized ---
2025-08-22T19:23:45+0530 INFO --- logging initialized ---
2025-08-22T19:24:17+0530 INFO --- logging initialized ---
2025-08-22T19:26:23+0530 SUBDEBUG Installed: java-21-openjdk-headless-1:21.0.5.0.11-1.fc39.x86_64
2025-08-22T19:26:29+0530 SUBDEBUG Installed: ttmkfdir-3.0.9-69.fc39.x86_64
2025-08-22T19:26:29+0530 SUBDEBUG Installed: xorg-x11-fonts-Type1-7.5-36.fc39.noarch
2025-08-22T19:26:30+0530 SUBDEBUG Installed: java-21-openjdk-1:21.0.5.0.11-1.fc39.x86_64
2025-08-22T19:26:38+0530 INFO --- logging initialized ---
2025-08-22T19:27:40+0530 SUBDEBUG Installed: jenkins-2.516.2-1.1.noarch
2025-08-22T20:14:11+0530 INFO --- logging initialized ---
2025-08-23T10:53:03+0530 INFO --- logging initialized ---
2025-08-23T12:17:37+0530 INFO --- logging initialized ---
2025-08-23T13:30:44+0530 INFO --- logging initialized ---
2025-08-23T15:15:44+0530 INFO --- logging initialized ---
2025-08-23T17:03:45+0530 INFO --- logging initialized ---
2025-08-25T19:41:34+0530 INFO --- logging initialized ---
2025-08-26T11:32:18+0530 INFO --- logging initialized ---
2025-08-26T13:28:44+0530 INFO --- logging initialized ---
2025-08-26T17:57:18+0530 INFO --- logging initialized ---
2025-08-26T19:50:28+0530 INFO --- logging initialized ---
2025-08-27T11:54:17+0530 INFO --- logging initialized ---
2025-08-28T11:45:08+0530 INFO --- logging initialized ---
2025-08-28T13:36:35+0530 INFO --- logging initialized ---
2025-08-29T11:50:41+0530 INFO --- logging initialized ---
2025-08-29T12:57:42+0530 INFO --- logging initialized ---
2025-08-29T21:47:21+0530 INFO --- logging initialized ---
2025-08-31T09:02:02+0530 INFO --- logging initialized ---
2025-09-01T09:38:28+0530 INFO --- logging initialized ---
2025-09-01T10:55:00+0530 INFO --- logging initialized ---
2025-09-01T12:14:52+0530 INFO --- logging initialized ---
2025-09-01T14:13:52+0530 INFO --- logging initialized ---
2025-09-01T19:02:09+0530 INFO --- logging initialized ---
2025-09-01T20:42:09+0530 INFO --- logging initialized ---
2025-09-02T11:08:15+0530 INFO --- logging initialized ---
2025-09-02T12:27:39+0530 INFO --- logging initialized ---
2025-09-02T16:26:09+0530 INFO --- logging initialized ---
2025-09-02T20:05:00+0530 INFO --- logging initialized ---
2025-09-03T13:28:33+0530 INFO --- logging initialized ---
2025-09-04T12:31:35+0530 INFO --- logging initialized ---
2025-09-04T14:07:36+0530 INFO --- logging initialized ---
2025-09-04T15:30:35+0530 INFO --- logging initialized ---
2025-09-04T18:54:52+0530 INFO --- logging initialized ---
2025-09-05T11:01:06+0530 INFO --- logging initialized ---
2025-09-05T13:20:16+0530 INFO --- logging initialized ---
2025-09-07T22:37:40+0530 INFO --- logging initialized ---
2025-09-08T09:37:58+0530 INFO --- logging initialized ---
2025-09-08T10:55:16+0530 INFO --- logging initialized ---
2025-09-08T12:31:16+0530 INFO --- logging initialized ---
2025-09-08T13:39:16+0530 INFO --- logging initialized ---
2025-09-08T15:21:16+0530 INFO --- logging initialized ---
2025-09-08T16:36:16+0530 INFO --- logging initialized ---
2025-09-08T19:00:56+0530 INFO --- logging initialized ---
2025-09-09T09:52:19+0530 INFO --- logging initialized ---
2025-09-09T11:46:19+0530 INFO --- logging initialized ---
2025-09-09T13:16:19+0530 INFO --- logging initialized ---
2025-09-09T15:04:20+0530 INFO --- logging initialized ---
2025-09-09T16:53:20+0530 INFO --- logging initialized ---
2025-09-09T18:00:32+0530 INFO --- logging initialized ---
2025-09-10T14:50:18+0530 INFO --- logging initialized ---
2025-09-12T11:45:04+0530 INFO --- logging initialized ---
2025-09-12T13:08:57+0530 INFO --- logging initialized ---
2025-09-13T16:13:54+0530 INFO --- logging initialized ---
2025-09-15T08:29:31+0530 INFO --- logging initialized ---
2025-09-15T09:57:56+0530 INFO --- logging initialized ---
2025-09-15T11:00:36+0530 INFO --- logging initialized ---
2025-09-15T16:11:07+0530 INFO --- logging initialized ---
2025-09-15T21:11:55+0530 INFO --- logging initialized ---
2025-09-16T20:23:10+0530 INFO --- logging initialized ---
2025-09-17T09:43:11+0530 INFO --- logging initialized ---
2025-09-17T10:46:11+0530 INFO --- logging initialized ---
2025-09-17T12:12:11+0530 INFO --- logging initialized ---
2025-09-17T14:11:07+0530 INFO --- logging initialized ---
2025-09-17T15:42:28+0530 INFO --- logging initialized ---
2025-09-17T17:36:20+0530 INFO --- logging initialized ---
2025-09-17T19:07:21+0530 INFO --- logging initialized ---
2025-09-17T20:17:28+0530 INFO --- logging initialized ---
2025-09-18T10:08:10+0530 INFO --- logging initialized ---
2025-09-18T11:48:10+0530 INFO --- logging initialized ---
2025-09-18T13:30:10+0530 INFO --- logging initialized ---
2025-09-18T17:07:06+0530 INFO --- logging initialized ---
2025-09-19T10:33:37+0530 INFO --- logging initialized ---
2025-09-19T11:40:37+0530 INFO --- logging initialized ---
2025-09-19T13:22:37+0530 INFO --- logging initialized ---
2025-09-19T15:07:37+0530 INFO --- logging initialized ---
2025-09-19T19:51:55+0530 INFO --- logging initialized ---
2025-09-22T07:45:19+0530 INFO --- logging initialized ---
2025-09-22T10:13:22+0530 INFO --- logging initialized ---
2025-09-22T11:34:23+0530 INFO --- logging initialized ---
2025-09-22T12:42:22+0530 INFO --- logging initialized ---
2025-09-23T09:42:51+0530 INFO --- logging initialized ---
2025-09-23T11:12:15+0530 INFO --- logging initialized ---
2025-09-23T12:56:15+0530 INFO --- logging initialized ---
2025-09-23T19:23:10+0530 INFO --- logging initialized ---
2025-09-23T21:16:46+0530 INFO --- logging initialized ---
2025-09-23T23:31:48+0530 INFO --- logging initialized ---
2025-09-24T10:36:07+0530 INFO --- logging initialized ---
2025-09-24T12:35:38+0530 INFO --- logging initialized ---
2025-09-24T14:34:54+0530 INFO --- logging initialized ---
2025-09-24T18:26:25+0530 INFO --- logging initialized ---
2025-09-24T19:39:36+0530 INFO --- logging initialized ---
2025-09-24T21:15:26+0530 INFO --- logging initialized ---
2025-09-25T10:11:37+0530 INFO --- logging initialized ---
2025-09-25T11:24:38+0530 INFO --- logging initialized ---
2025-09-25T12:43:38+0530 INFO --- logging initialized ---
2025-09-26T09:04:54+0530 INFO --- logging initialized ---
2025-09-26T10:17:54+0530 INFO --- logging initialized ---
2025-09-26T11:57:54+0530 INFO --- logging initialized ---
2025-09-26T13:28:54+0530 INFO --- logging initialized ---
2025-09-26T14:50:53+0530 INFO --- logging initialized ---
2025-09-29T09:46:47+0530 INFO --- logging initialized ---
2025-09-29T11:21:47+0530 INFO --- logging initialized ---
2025-09-29T13:36:11+0530 INFO --- logging initialized ---
2025-09-29T14:59:31+0530 INFO --- logging initialized ---
2025-09-29T16:44:17+0530 INFO --- logging initialized ---
2025-09-29T18:46:40+0530 INFO --- logging initialized ---
2025-09-29T20:16:45+0530 INFO --- logging initialized ---
2025-09-30T10:08:58+0530 INFO --- logging initialized ---
2025-09-30T12:04:58+0530 INFO --- logging initialized ---
2025-09-30T13:51:20+0530 INFO --- logging initialized ---
2025-09-30T14:53:20+0530 INFO --- logging initialized ---
2025-09-30T16:35:23+0530 INFO --- logging initialized ---
2025-09-30T18:25:03+0530 INFO --- logging initialized ---
2025-09-30T19:33:17+0530 INFO --- logging initialized ---
2025-10-01T10:22:07+0530 INFO --- logging initialized ---
2025-10-01T11:36:06+0530 INFO --- logging initialized ---
2025-10-01T13:28:22+0530 INFO --- logging initialized ---
2025-10-01T14:51:22+0530 INFO --- logging initialized ---
2025-10-01T16:37:59+0530 INFO --- logging initialized ---
2025-10-03T23:05:58+0530 INFO --- logging initialized ---
2025-10-04T10:35:50+0530 INFO --- logging initialized ---
2025-10-04T12:13:14+0530 INFO --- logging initialized ---
2025-10-06T10:54:42+0530 INFO --- logging initialized ---
2025-10-06T12:02:52+0530 INFO --- logging initialized ---
2025-10-06T14:01:52+0530 INFO --- logging initialized ---
2025-10-06T15:54:52+0530 INFO --- logging initialized ---
2025-10-06T17:07:03+0530 INFO --- logging initialized ---
2025-10-06T19:07:03+0530 INFO --- logging initialized ---
2025-10-06T20:38:04+0530 INFO --- logging initialized ---
2025-10-07T10:44:32+0530 INFO --- logging initialized ---
2025-10-07T19:33:53+0530 INFO --- logging initialized ---
2025-10-08T14:22:27+0530 INFO --- logging initialized ---
2025-10-08T15:47:27+0530 INFO --- logging initialized ---
2025-10-08T19:59:30+0530 INFO --- logging initialized ---
2025-10-09T08:27:33+0530 INFO --- logging initialized ---
2025-10-09T09:43:56+0530 INFO --- logging initialized ---
2025-10-09T11:49:57+0530 INFO --- logging initialized ---
2025-10-09T13:31:58+0530 INFO --- logging initialized ---
2025-10-09T20:43:37+0530 INFO --- logging initialized ---
2025-10-10T11:11:13+0530 INFO --- logging initialized ---
2025-10-10T14:17:42+0530 INFO --- logging initialized ---
2025-10-10T15:40:20+0530 INFO --- logging initialized ---
2025-10-12T13:18:50+0530 INFO --- logging initialized ---
2025-10-12T14:20:50+0530 INFO --- logging initialized ---
2025-10-12T15:52:33+0530 INFO --- logging initialized ---
2025-10-12T18:48:02+0530 INFO --- logging initialized ---
2025-10-12T21:09:24+0530 INFO --- logging initialized ---
2025-10-12T22:39:11+0530 INFO --- logging initialized ---
2025-10-14T10:09:08+0530 INFO --- logging initialized ---
2025-10-14T11:52:39+0530 INFO --- logging initialized ---
2025-10-14T13:35:39+0530 INFO --- logging initialized ---
2025-10-14T19:53:14+0530 INFO --- logging initialized ---
2025-10-15T20:00:57+0530 INFO --- logging initialized ---
2025-10-16T11:50:37+0530 INFO --- logging initialized ---
2025-10-16T13:20:19+0530 INFO --- logging initialized ---
2025-10-16T20:01:01+0530 INFO --- logging initialized ---
2025-10-18T15:39:52+0530 INFO --- logging initialized ---
2025-10-27T09:34:49+0530 INFO --- logging initialized ---
2025-10-27T10:52:49+0530 INFO --- logging initialized ---
2025-10-27T12:29:40+0530 INFO --- logging initialized ---
2025-10-27T13:51:49+0530 INFO --- logging initialized ---
2025-10-27T15:36:21+0530 INFO --- logging initialized ---
2025-10-27T19:28:21+0530 INFO --- logging initialized ---
2025-10-27T22:59:34+0530 INFO --- logging initialized ---
2025-10-27T23:25:13+0530 INFO --- logging initialized ---
2025-10-28T13:41:04+0530 INFO --- logging initialized ---
2025-10-28T15:09:04+0530 INFO --- logging initialized ---
2025-10-28T16:38:09+0530 INFO --- logging initialized ---
2025-10-28T20:00:40+0530 INFO --- logging initialized ---
2025-10-29T13:35:31+0530 INFO --- logging initialized ---
2025-10-29T15:24:53+0530 INFO --- logging initialized ---
2025-10-29T16:25:53+0530 INFO --- logging initialized ---
2025-10-29T16:44:59+0530 INFO --- logging initialized ---
2025-10-29T16:45:09+0530 INFO --- logging initialized ---
2025-10-29T19:10:59+0530 INFO --- logging initialized ---
2025-10-29T20:34:50+0530 INFO --- logging initialized ---
2025-10-30T09:39:06+0530 INFO --- logging initialized ---
2025-10-30T11:34:00+0530 INFO --- logging initialized ---
2025-10-30T13:03:08+0530 INFO --- logging initialized ---
2025-10-30T16:34:24+0530 INFO --- logging initialized ---
2025-10-30T18:04:00+0530 INFO --- logging initialized ---
2025-10-30T19:46:24+0530 INFO --- logging initialized ---
2025-11-11T20:18:51+0530 INFO --- logging initialized ---
2025-11-12T13:25:13+0530 INFO --- logging initialized ---
2025-11-12T15:03:28+0530 INFO --- logging initialized ---
2025-11-12T16:34:43+0530 INFO --- logging initialized ---
2025-11-12T19:42:45+0530 INFO --- logging initialized ---
2025-11-13T10:59:49+0530 INFO --- logging initialized ---
2025-11-13T11:57:22+0530 INFO --- logging initialized ---
2025-11-13T11:57:45+0530 SUBDEBUG Reinstall: bluez-5.77-1.fc39.x86_64
2025-11-13T11:57:45+0530 SUBDEBUG Reinstall: gnome-bluetooth-1:42.8-1.fc39.x86_64
2025-11-13T11:57:45+0530 SUBDEBUG Reinstalled: gnome-bluetooth-1:42.8-1.fc39.x86_64
2025-11-13T11:57:45+0530 SUBDEBUG Reinstalled: bluez-5.77-1.fc39.x86_64
2025-11-13T13:00:40+0530 INFO --- logging initialized ---
2025-11-13T14:00:45+0530 INFO --- logging initialized ---
2025-11-13T14:01:57+0530 INFO --- logging initialized ---
2025-11-13T14:02:03+0530 INFO --- logging initialized ---
2025-11-13T14:02:03+0530 INFO --- logging initialized ---
2025-11-13T14:02:21+0530 INFO --- logging initialized ---
2025-11-13T14:05:06+0530 INFO --- logging initialized ---
2025-11-13T14:06:53+0530 INFO --- logging initialized ---
2025-11-13T14:07:25+0530 INFO --- logging initialized ---
2025-11-13T14:17:29+0530 SUBDEBUG Installed: bluez-tools-0.2.0-0.21.git20170912.7cb788c.fc39.x86_64
2025-11-13T14:23:38+0530 INFO --- logging initialized ---
2025-11-13T14:24:18+0530 INFO --- logging initialized ---
2025-11-13T14:24:24+0530 SUBDEBUG Erase: gnome-bluetooth-1:42.8-1.fc39.x86_64
2025-11-13T14:24:24+0530 SUBDEBUG Erase: bluez-obexd-5.77-1.fc39.x86_64
2025-11-13T14:24:25+0530 INFO Removed "/etc/systemd/user/dbus-org.bluez.obex.service".

2025-11-13T14:24:25+0530 SUBDEBUG Erase: pipewire-pulseaudio-1.0.9-1.fc39.x86_64
2025-11-13T14:24:39+0530 INFO --- logging initialized ---
2025-11-13T14:26:47+0530 INFO --- logging initialized ---
2025-11-13T14:26:57+0530 SUBDEBUG Installed: pipewire-pulseaudio-1.0.9-1.fc39.x86_64
2025-11-13T14:32:49+0530 INFO --- logging initialized ---
2025-11-13T19:52:47+0530 INFO --- logging initialized ---
2025-11-14T10:41:19+0530 INFO --- logging initialized ---
2025-11-14T11:53:18+0530 INFO --- logging initialized ---
2025-11-14T12:59:08+0530 INFO --- logging initialized ---
2025-11-14T14:44:18+0530 INFO --- logging initialized ---
2025-11-14T16:35:18+0530 INFO --- logging initialized ---
2025-11-14T17:59:54+0530 INFO --- logging initialized ---
2025-11-14T19:07:18+0530 INFO --- logging initialized ---
2025-11-17T18:09:25+0530 INFO --- logging initialized ---
2025-11-18T14:13:52+0530 INFO --- logging initialized ---
2025-11-18T15:55:52+0530 INFO --- logging initialized ---
2025-11-18T17:28:17+0530 INFO --- logging initialized ---
2025-11-18T18:48:49+0530 INFO --- logging initialized ---
2025-11-19T10:10:38+0530 INFO --- logging initialized ---
2025-11-19T17:20:59+0530 INFO --- logging initialized ---
2025-11-19T20:24:10+0530 INFO --- logging initialized ---
2025-11-19T21:46:09+0530 INFO --- logging initialized ---
2025-11-20T13:27:20+0530 INFO --- logging initialized ---
2025-11-20T15:16:17+0530 INFO --- logging initialized ---
2025-11-20T15:16:25+0530 SUBDEBUG Erase: toolbox-0.0.99.6-5.fc39.x86_64
2025-11-20T15:16:26+0530 SUBDEBUG Erase: podman-5:4.9.4-1.fc39.x86_64
2025-11-20T15:16:26+0530 SUBDEBUG Erase: containers-common-extra-4:1-99.fc39.noarch
2025-11-20T15:16:26+0530 SUBDEBUG Erase: qemu-user-static-2:8.1.3-5.fc39.x86_64
2025-11-20T15:16:26+0530 SUBDEBUG Erase: crun-1.18-1.fc39.x86_64
2025-11-20T15:16:26+0530 SUBDEBUG Erase: criu-libs-4.0-1.fc39.x86_64
2025-11-20T15:16:26+0530 SUBDEBUG Erase: criu-4.0-1.fc39.x86_64
2025-11-20T15:16:26+0530 SUBDEBUG Erase: libbsd-0.12.2-3.fc39.x86_64
2025-11-20T15:16:26+0530 SUBDEBUG Erase: netavark-2:1.12.2-1.fc39.x86_64
2025-11-20T15:16:26+0530 SUBDEBUG Erase: gvisor-tap-vsock-6:0.7.5-1.fc39.x86_64
2025-11-20T15:16:26+0530 SUBDEBUG Erase: catatonit-0.1.7-18.fc39.x86_64
2025-11-20T15:16:26+0530 SUBDEBUG Erase: gvisor-tap-vsock-gvforwarder-6:0.7.5-1.fc39.x86_64
2025-11-20T15:16:26+0530 SUBDEBUG Erase: aardvark-dns-2:1.12.2-2.fc39.x86_64
2025-11-20T15:16:26+0530 SUBDEBUG Erase: libmd-1.1.0-2.fc39.x86_64
2025-11-20T15:16:26+0530 SUBDEBUG Erase: libnet-1.3-1.fc39.x86_64
2025-11-20T15:16:26+0530 SUBDEBUG Erase: qemu-user-static-aarch64-2:8.1.3-5.fc39.x86_64
2025-11-20T15:16:26+0530 SUBDEBUG Erase: qemu-user-static-alpha-2:8.1.3-5.fc39.x86_64
2025-11-20T15:16:26+0530 SUBDEBUG Erase: qemu-user-static-arm-2:8.1.3-5.fc39.x86_64
2025-11-20T15:16:26+0530 SUBDEBUG Erase: qemu-user-static-cris-2:8.1.3-5.fc39.x86_64
2025-11-20T15:16:26+0530 SUBDEBUG Erase: qemu-user-static-hexagon-2:8.1.3-5.fc39.x86_64
2025-11-20T15:16:27+0530 SUBDEBUG Erase: qemu-user-static-hppa-2:8.1.3-5.fc39.x86_64
2025-11-20T15:16:27+0530 SUBDEBUG Erase: qemu-user-static-loongarch64-2:8.1.3-5.fc39.x86_64
2025-11-20T15:16:27+0530 SUBDEBUG Erase: qemu-user-static-m68k-2:8.1.3-5.fc39.x86_64
2025-11-20T15:16:27+0530 SUBDEBUG Erase: qemu-user-static-microblaze-2:8.1.3-5.fc39.x86_64
2025-11-20T15:16:27+0530 SUBDEBUG Erase: qemu-user-static-mips-2:8.1.3-5.fc39.x86_64
2025-11-20T15:16:27+0530 SUBDEBUG Erase: qemu-user-static-nios2-2:8.1.3-5.fc39.x86_64
2025-11-20T15:16:27+0530 SUBDEBUG Erase: qemu-user-static-or1k-2:8.1.3-5.fc39.x86_64
2025-11-20T15:16:27+0530 SUBDEBUG Erase: qemu-user-static-ppc-2:8.1.3-5.fc39.x86_64
2025-11-20T15:16:27+0530 SUBDEBUG Erase: qemu-user-static-riscv-2:8.1.3-5.fc39.x86_64
2025-11-20T15:16:27+0530 SUBDEBUG Erase: qemu-user-static-s390x-2:8.1.3-5.fc39.x86_64
2025-11-20T15:16:27+0530 SUBDEBUG Erase: qemu-user-static-sh4-2:8.1.3-5.fc39.x86_64
2025-11-20T15:16:27+0530 SUBDEBUG Erase: qemu-user-static-sparc-2:8.1.3-5.fc39.x86_64
2025-11-20T15:16:27+0530 SUBDEBUG Erase: qemu-user-static-x86-2:8.1.3-5.fc39.x86_64
2025-11-20T15:16:27+0530 SUBDEBUG Erase: qemu-user-static-xtensa-2:8.1.3-5.fc39.x86_64
2025-11-20T15:16:27+0530 SUBDEBUG Erase: slirp4netns-1.2.2-1.fc39.x86_64
2025-11-20T15:16:27+0530 SUBDEBUG Erase: conmon-2:2.1.12-2.fc39.x86_64
2025-11-20T15:16:53+0530 INFO --- logging initialized ---
2025-11-20T15:16:59+0530 INFO --- logging initialized ---
2025-11-20T15:16:59+0530 INFO --- logging initialized ---
2025-11-20T15:17:33+0530 SUBDEBUG Installed: docker-compose-plugin-2.29.7-1.fc39.x86_64
2025-11-20T15:17:34+0530 SUBDEBUG Installed: slirp4netns-1.2.2-1.fc39.x86_64
2025-11-20T15:17:34+0530 SUBDEBUG Installed: libcgroup-3.0-3.fc39.x86_64
2025-11-20T15:17:34+0530 SUBDEBUG Installed: docker-buildx-plugin-0.17.1-1.fc39.x86_64
2025-11-20T15:17:35+0530 SUBDEBUG Installed: docker-ce-cli-1:27.3.1-1.fc39.x86_64
2025-11-20T15:17:36+0530 SUBDEBUG Installed: containerd.io-1.7.23-3.1.fc39.x86_64
2025-11-20T15:17:37+0530 SUBDEBUG Installed: docker-ce-rootless-extras-27.3.1-1.fc39.x86_64
2025-11-20T15:17:37+0530 SUBDEBUG Installed: docker-ce-3:27.3.1-1.fc39.x86_64
2025-11-20T15:17:41+0530 INFO --- logging initialized ---
2025-11-20T15:18:46+0530 INFO --- logging initialized ---
2025-11-20T15:20:01+0530 SUBDEBUG Installed: xorg-x11-proto-devel-2023.2-2.fc39.noarch
2025-11-20T15:20:02+0530 SUBDEBUG Installed: zlib-devel-1.2.13-4.fc39.x86_64
2025-11-20T15:20:02+0530 SUBDEBUG Installed: libpng-devel-2:1.6.37-15.fc39.x86_64
2025-11-20T15:20:02+0530 SUBDEBUG Installed: cmake-filesystem-3.30.5-1.fc39.x86_64
2025-11-20T15:20:02+0530 SUBDEBUG Installed: dbus-devel-1:1.14.10-1.fc39.x86_64
2025-11-20T15:20:02+0530 SUBDEBUG Installed: pixman-devel-0.42.2-2.fc39.x86_64
2025-11-20T15:20:02+0530 SUBDEBUG Installed: pcre2-devel-10.42-1.fc39.2.x86_64
2025-11-20T15:20:02+0530 SUBDEBUG Installed: libffi-devel-3.4.4-4.fc39.x86_64
2025-11-20T15:20:02+0530 SUBDEBUG Installed: fribidi-devel-1.0.13-2.fc39.x86_64
2025-11-20T15:20:02+0530 SUBDEBUG Installed: wayland-devel-1.22.0-2.fc39.x86_64
2025-11-20T15:20:02+0530 SUBDEBUG Installed: libjpeg-turbo-devel-2.1.4-3.fc39.x86_64
2025-11-20T15:20:02+0530 SUBDEBUG Installed: libXau-devel-1.0.11-3.fc39.x86_64
2025-11-20T15:20:02+0530 SUBDEBUG Installed: libxcb-devel-1.13.1-12.fc39.x86_64
2025-11-20T15:20:04+0530 SUBDEBUG Installed: libX11-devel-1.8.9-1.fc39.x86_64
2025-11-20T15:20:05+0530 SUBDEBUG Installed: libXext-devel-1.3.5-3.fc39.x86_64
2025-11-20T15:20:05+0530 SUBDEBUG Installed: libXrender-devel-0.9.11-3.fc39.x86_64
2025-11-20T15:20:05+0530 SUBDEBUG Installed: libXfixes-devel-6.0.0-6.fc39.x86_64
2025-11-20T15:20:05+0530 SUBDEBUG Installed: libXi-devel-1.8.1-2.fc39.x86_64
2025-11-20T15:20:05+0530 SUBDEBUG Installed: libXtst-devel-1.2.4-3.fc39.x86_64
2025-11-20T15:20:05+0530 SUBDEBUG Installed: libXcomposite-devel-0.4.5-10.fc39.x86_64
2025-11-20T15:20:05+0530 SUBDEBUG Installed: libXcursor-devel-1.2.1-4.fc39.x86_64
2025-11-20T15:20:05+0530 SUBDEBUG Installed: libXdamage-devel-1.1.5-10.fc39.x86_64
2025-11-20T15:20:05+0530 SUBDEBUG Installed: libXrandr-devel-1.5.4-1.fc39.x86_64
2025-11-20T15:20:05+0530 SUBDEBUG Installed: libXinerama-devel-1.1.5-3.fc39.x86_64
2025-11-20T15:20:05+0530 SUBDEBUG Installed: wl-clipboard-2.2.1-1.fc39.x86_64
2025-11-20T15:20:06+0530 SUBDEBUG Installed: sysprof-capture-devel-45.1-1.fc39.x86_64
2025-11-20T15:20:06+0530 SUBDEBUG Installed: libtiff-devel-4.4.0-10.fc39.x86_64
2025-11-20T15:20:06+0530 SUBDEBUG Installed: libcloudproviders-devel-0.3.5-1.fc39.x86_64
2025-11-20T15:20:06+0530 SUBDEBUG Installed: libblkid-devel-2.39.4-1.fc39.x86_64
2025-11-20T15:20:06+0530 SUBDEBUG Installed: xz-devel-5.4.4-1.fc39.x86_64
2025-11-20T15:20:06+0530 SUBDEBUG Installed: libxml2-devel-2.10.4-3.fc39.x86_64
2025-11-20T15:20:06+0530 SUBDEBUG Installed: libxkbcommon-devel-1.6.0-1.fc39.x86_64
2025-11-20T15:20:06+0530 SUBDEBUG Installed: xclip-0.13-20.git11cba61.fc39.x86_64
2025-11-20T15:20:06+0530 SUBDEBUG Installed: qrencode-4.1.1-5.fc39.x86_64
2025-11-20T15:20:06+0530 SUBDEBUG Installed: pass-1.7.4-8.fc39.noarch
2025-11-20T15:20:06+0530 SUBDEBUG Installed: libsepol-devel-3.5-2.fc39.x86_64
2025-11-20T15:20:06+0530 SUBDEBUG Installed: libselinux-devel-3.5-5.fc39.x86_64
2025-11-20T15:20:06+0530 SUBDEBUG Installed: libmount-devel-2.39.4-1.fc39.x86_64
2025-11-20T15:20:07+0530 SUBDEBUG Installed: glib2-devel-2.78.6-1.fc39.x86_64
2025-11-20T15:20:07+0530 SUBDEBUG Installed: atk-devel-2.50.2-1.fc39.x86_64
2025-11-20T15:20:08+0530 SUBDEBUG Installed: gdk-pixbuf2-devel-2.42.10-5.fc39.x86_64
2025-11-20T15:20:08+0530 SUBDEBUG Installed: at-spi2-core-devel-2.50.2-1.fc39.x86_64
2025-11-20T15:20:08+0530 SUBDEBUG Installed: at-spi2-atk-devel-2.50.2-1.fc39.x86_64
2025-11-20T15:20:08+0530 SUBDEBUG Installed: libicu-devel-73.2-2.fc39.x86_64
2025-11-20T15:20:09+0530 SUBDEBUG Installed: libglvnd-core-devel-1:1.7.0-1.fc39.x86_64
2025-11-20T15:20:09+0530 SUBDEBUG Installed: libglvnd-devel-1:1.7.0-1.fc39.x86_64
2025-11-20T15:20:09+0530 SUBDEBUG Installed: libepoxy-devel-1.5.10-4.fc39.x86_64
2025-11-20T15:20:09+0530 SUBDEBUG Installed: libdatrie-devel-0.2.13-7.fc39.x86_64
2025-11-20T15:20:09+0530 SUBDEBUG Installed: libthai-devel-0.1.29-6.fc39.x86_64
2025-11-20T15:20:09+0530 SUBDEBUG Installed: graphite2-devel-1.3.14-12.fc39.x86_64
2025-11-20T15:20:09+0530 SUBDEBUG Installed: bzip2-devel-1.0.8-16.fc39.x86_64
2025-11-20T15:20:09+0530 SUBDEBUG Installed: brotli-1.1.0-1.fc39.x86_64
2025-11-20T15:20:09+0530 SUBDEBUG Installed: brotli-devel-1.1.0-1.fc39.x86_64
2025-11-20T15:20:09+0530 SUBDEBUG Installed: harfbuzz-devel-8.2.1-2.fc39.x86_64
2025-11-20T15:20:10+0530 SUBDEBUG Installed: freetype-devel-2.13.1-2.fc39.x86_64
2025-11-20T15:20:10+0530 SUBDEBUG Installed: fontconfig-devel-2.14.2-6.fc39.x86_64
2025-11-20T15:20:10+0530 SUBDEBUG Installed: cairo-devel-1.18.0-1.fc39.x86_64
2025-11-20T15:20:10+0530 SUBDEBUG Installed: cairo-gobject-devel-1.18.0-1.fc39.x86_64
2025-11-20T15:20:10+0530 SUBDEBUG Installed: libXft-devel-2.3.8-3.fc39.x86_64
2025-11-20T15:20:11+0530 SUBDEBUG Installed: pango-devel-1.51.0-1.fc39.x86_64
2025-11-20T15:20:11+0530 SUBDEBUG Installed: gtk3-devel-3.24.43-1.fc39.x86_64
2025-11-20T15:20:12+0530 SUBDEBUG Installed: docker-desktop-4.51.0-210443.x86_64
2025-11-20T15:21:09+0530 INFO Enabling use of privileged ports by Docker Desktop
kubernetes.docker.internal added to /etc/hosts
Reloading systemd daemon for logged in users
Done reloading systemd daemon for logged in users

2025-11-20T15:21:09+0530 INFO Enabling use of privileged ports by Docker Desktop

2025-11-20T16:24:33+0530 INFO --- logging initialized ---
2025-11-20T17:53:32+0530 INFO --- logging initialized ---
2025-11-20T19:19:33+0530 INFO --- logging initialized ---
2025-11-20T20:30:33+0530 INFO --- logging initialized ---
2025-11-21T11:09:23+0530 INFO --- logging initialized ---
2025-11-21T12:42:22+0530 INFO --- logging initialized ---
2025-11-21T14:37:23+0530 INFO --- logging initialized ---
2025-11-21T16:19:23+0530 INFO --- logging initialized ---
2025-11-21T17:42:22+0530 INFO --- logging initialized ---
2025-11-21T19:29:23+0530 INFO --- logging initialized ---
2025-11-24T11:24:25+0530 INFO --- logging initialized ---
2025-11-24T12:52:59+0530 INFO --- logging initialized ---
2025-11-24T13:19:25+0530 INFO --- logging initialized ---
2025-11-24T14:56:25+0530 INFO --- logging initialized ---
2025-11-24T16:31:25+0530 INFO --- logging initialized ---
2025-11-24T17:48:38+0530 INFO --- logging initialized ---
2025-11-24T19:28:25+0530 INFO --- logging initialized ---
2025-11-24T20:43:25+0530 INFO --- logging initialized ---
2025-11-25T11:27:35+0530 INFO --- logging initialized ---
2025-11-25T12:00:22+0530 INFO --- logging initialized ---
2025-11-26T11:52:02+0530 INFO --- logging initialized ---
2025-11-26T18:02:58+0530 INFO --- logging initialized ---
2025-11-26T19:35:59+0530 INFO --- logging initialized ---
2025-11-27T10:37:15+0530 INFO --- logging initialized ---
2025-11-27T12:03:15+0530 INFO --- logging initialized ---
2025-11-27T13:59:23+0530 INFO --- logging initialized ---
2025-11-27T20:26:21+0530 INFO --- logging initialized ---
2025-11-28T11:01:20+0530 INFO --- logging initialized ---
2025-11-28T18:30:44+0530 INFO --- logging initialized ---
2025-11-28T18:31:12+0530 INFO --- logging initialized ---
2025-11-28T18:33:48+0530 INFO --- logging initialized ---
2025-11-28T18:34:00+0530 INFO --- logging initialized ---
2025-11-28T18:34:03+0530 INFO --- logging initialized ---
2025-11-28T18:34:26+0530 INFO --- logging initialized ---
2025-11-28T18:34:37+0530 INFO --- logging initialized ---
2025-11-28T18:35:37+0530 INFO --- logging initialized ---
2025-11-28T18:35:43+0530 INFO --- logging initialized ---
2025-11-28T18:36:06+0530 INFO --- logging initialized ---
2025-11-28T18:41:24+0530 INFO --- logging initialized ---
2025-11-28T20:58:45+0530 INFO --- logging initialized ---
2025-11-28T22:20:16+0530 INFO --- logging initialized ---
2025-11-30T13:25:40+0530 INFO --- logging initialized ---
2025-12-01T12:15:19+0530 INFO --- logging initialized ---
2025-12-01T14:11:12+0530 INFO --- logging initialized ---
2025-12-01T15:46:12+0530 INFO --- logging initialized ---
2025-12-01T17:23:12+0530 INFO --- logging initialized ---
2025-12-01T18:49:12+0530 INFO --- logging initialized ---
2025-12-01T20:13:12+0530 INFO --- logging initialized ---
2025-12-01T22:00:13+0530 INFO --- logging initialized ---
2025-12-02T11:26:55+0530 INFO --- logging initialized ---
2025-12-02T12:47:40+0530 INFO --- logging initialized ---
2025-12-02T14:12:40+0530 INFO --- logging initialized ---
2025-12-03T11:46:41+0530 INFO --- logging initialized ---
2025-12-03T13:32:41+0530 INFO --- logging initialized ---
2025-12-03T15:06:33+0530 INFO --- logging initialized ---
2025-12-03T20:20:20+0530 INFO --- logging initialized ---
2025-12-04T12:04:45+0530 INFO --- logging initialized ---
2025-12-04T13:40:45+0530 INFO --- logging initialized ---
2025-12-04T15:26:46+0530 INFO --- logging initialized ---
2025-12-04T20:12:14+0530 INFO --- logging initialized ---
2025-12-04T20:36:43+0530 INFO --- logging initialized ---
2025-12-05T11:56:02+0530 INFO --- logging initialized ---
2025-12-08T10:46:24+0530 INFO --- logging initialized ---
2025-12-08T11:48:24+0530 INFO --- logging initialized ---
2025-12-08T12:56:24+0530 INFO --- logging initialized ---
2025-12-08T14:11:24+0530 INFO --- logging initialized ---
2025-12-08T15:13:24+0530 INFO --- logging initialized ---
2025-12-08T16:48:24+0530 INFO --- logging initialized ---
2025-12-08T18:06:24+0530 INFO --- logging initialized ---
2025-12-08T21:19:53+0530 INFO --- logging initialized ---
2025-12-09T12:41:23+0530 INFO --- logging initialized ---
2025-12-09T20:26:16+0530 INFO --- logging initialized ---
2025-12-10T10:45:58+0530 INFO --- logging initialized ---
2025-12-10T12:11:55+0530 INFO --- logging initialized ---
2025-12-10T13:16:55+0530 INFO --- logging initialized ---
2025-12-10T14:40:22+0530 INFO --- logging initialized ---
2025-12-10T15:41:56+0530 INFO --- logging initialized ---
2025-12-11T11:52:00+0530 INFO --- logging initialized ---
2025-12-11T13:01:01+0530 INFO --- logging initialized ---
2025-12-11T19:34:12+0530 INFO --- logging initialized ---
2025-12-12T11:45:21+0530 INFO --- logging initialized ---
2025-12-12T13:20:21+0530 INFO --- logging initialized ---
2025-12-15T12:04:18+0530 INFO --- logging initialized ---
2025-12-15T15:58:59+0530 INFO --- logging initialized ---
2025-12-15T20:39:59+0530 INFO --- logging initialized ---
2025-12-15T22:10:00+0530 INFO --- logging initialized ---
2025-12-16T11:11:48+0530 INFO --- logging initialized ---
2025-12-16T12:58:47+0530 INFO --- logging initialized ---
2025-12-17T09:01:44+0530 INFO --- logging initialized ---
2025-12-17T10:07:19+0530 INFO --- logging initialized ---
2025-12-17T11:56:19+0530 INFO --- logging initialized ---
2025-12-17T13:07:19+0530 INFO --- logging initialized ---
2025-12-17T14:19:19+0530 INFO --- logging initialized ---
2025-12-17T15:42:19+0530 INFO --- logging initialized ---
2025-12-17T20:35:34+0530 INFO --- logging initialized ---
2025-12-17T21:44:35+0530 INFO --- logging initialized ---
2025-12-18T12:15:44+0530 INFO --- logging initialized ---
2025-12-18T14:09:44+0530 INFO --- logging initialized ---
2025-12-18T15:51:44+0530 INFO --- logging initialized ---
2025-12-18T17:35:45+0530 INFO --- logging initialized ---
2025-12-18T18:50:32+0530 INFO --- logging initialized ---
2025-12-18T18:51:00+0530 SUBDEBUG Installed: python3-jinja2-3.1.4-1.fc39.noarch
2025-12-18T18:51:00+0530 SUBDEBUG Installed: python3-resolvelib-0.5.5-9.fc39.noarch
2025-12-18T18:51:01+0530 SUBDEBUG Installed: ansible-core-2.16.11-1.fc39.noarch
2025-12-18T19:41:32+0530 INFO --- logging initialized ---
2025-12-18T21:24:32+0530 INFO --- logging initialized ---
2025-12-19T11:52:31+0530 INFO --- logging initialized ---
2025-12-19T12:52:08+0530 INFO --- logging initialized ---
2025-12-19T20:36:40+0530 INFO --- logging initialized ---
2025-12-22T11:48:06+0530 INFO --- logging initialized ---
2025-12-22T13:02:05+0530 INFO --- logging initialized ---
2025-12-22T14:48:05+0530 INFO --- logging initialized ---
2025-12-22T16:18:32+0530 INFO --- logging initialized ---
2025-12-22T17:25:05+0530 INFO --- logging initialized ---
2025-12-22T19:12:05+0530 INFO --- logging initialized ---
2025-12-22T21:04:06+0530 INFO --- logging initialized ---
2025-12-23T12:06:07+0530 INFO --- logging initialized ---
2025-12-24T12:16:08+0530 INFO --- logging initialized ---
2025-12-24T13:58:08+0530 INFO --- logging initialized ---
2025-12-25T11:59:59+0530 INFO --- logging initialized ---
2025-12-25T13:31:59+0530 INFO --- logging initialized ---
2025-12-25T14:50:59+0530 INFO --- logging initialized ---
2025-12-25T16:38:59+0530 INFO --- logging initialized ---
2025-12-25T21:56:03+0530 INFO --- logging initialized ---
2025-12-26T10:24:54+0530 INFO --- logging initialized ---
2025-12-26T12:23:53+0530 INFO --- logging initialized ---
2025-12-26T13:29:53+0530 INFO --- logging initialized ---
2025-12-26T15:51:42+0530 INFO --- logging initialized ---
2025-12-26T21:50:44+0530 INFO --- logging initialized ---
2025-12-27T18:12:50+0530 INFO --- logging initialized ---
2025-12-27T20:53:57+0530 INFO --- logging initialized ---
2025-12-30T11:35:09+0530 INFO --- logging initialized ---
2025-12-31T11:26:28+0530 INFO --- logging initialized ---
2026-01-01T12:27:42+0530 INFO --- logging initialized ---
2026-01-05T12:03:50+0530 INFO --- logging initialized ---
2026-01-05T12:04:23+0530 SUBDEBUG Installed: perl-Sys-Hostname-1.25-502.fc39.x86_64
2026-01-05T12:04:23+0530 SUBDEBUG Installed: mariadb-common-3:10.5.25-1.fc39.x86_64
2026-01-05T12:04:23+0530 SUBDEBUG Installed: mariadb-3:10.5.25-1.fc39.x86_64
2026-01-05T12:22:37+0530 INFO --- logging initialized ---
2026-01-05T13:32:15+0530 INFO --- logging initialized ---
2026-01-05T15:21:04+0530 INFO --- logging initialized ---
2026-01-05T16:32:15+0530 INFO --- logging initialized ---
2026-01-05T17:44:04+0530 INFO --- logging initialized ---
2026-01-05T18:46:32+0530 INFO --- logging initialized ---
2026-01-05T20:15:15+0530 INFO --- logging initialized ---
2026-01-05T21:52:15+0530 INFO --- logging initialized ---
2026-01-06T11:33:24+0530 INFO --- logging initialized ---
2026-01-06T11:46:37+0530 INFO --- logging initialized ---
2026-01-06T11:47:13+0530 SUBDEBUG Installed: java-latest-openjdk-headless-1:23.0.1.0.11-1.rolling.fc39.x86_64
2026-01-06T11:47:18+0530 SUBDEBUG Installed: java-latest-openjdk-1:23.0.1.0.11-1.rolling.fc39.x86_64
2026-01-06T13:13:23+0530 INFO --- logging initialized ---
2026-01-06T20:46:23+0530 INFO --- logging initialized ---
2026-01-06T21:49:23+0530 INFO --- logging initialized ---
2026-01-06T22:30:40+0530 INFO --- logging initialized ---
2026-01-07T21:03:20+0530 INFO --- logging initialized ---
2026-01-08T11:37:04+0530 INFO --- logging initialized ---
2026-01-08T13:31:03+0530 INFO --- logging initialized ---
2026-01-08T19:04:42+0530 INFO --- logging initialized ---
2026-01-08T20:51:43+0530 INFO --- logging initialized ---
2026-01-09T11:46:56+0530 INFO --- logging initialized ---
2026-01-09T13:26:56+0530 INFO --- logging initialized ---
2026-01-10T18:32:05+0530 INFO --- logging initialized ---
2026-01-12T11:15:31+0530 INFO --- logging initialized ---
2026-01-12T13:10:31+0530 INFO --- logging initialized ---
2026-01-12T19:41:41+0530 INFO --- logging initialized ---
2026-01-12T20:43:42+0530 INFO --- logging initialized ---
2026-01-12T21:55:42+0530 INFO --- logging initialized ---
2026-01-13T10:49:41+0530 INFO --- logging initialized ---
2026-01-13T11:52:05+0530 INFO --- logging initialized ---
2026-01-13T13:21:42+0530 INFO --- logging initialized ---
2026-01-14T09:28:41+0530 INFO --- logging initialized ---
2026-01-14T11:28:45+0530 INFO --- logging initialized ---
2026-01-14T12:54:45+0530 INFO --- logging initialized ---
2026-01-14T14:17:44+0530 INFO --- logging initialized ---
2026-01-14T15:49:45+0530 INFO --- logging initialized ---
2026-01-14T21:36:11+0530 INFO --- logging initialized ---
2026-01-15T11:29:42+0530 INFO --- logging initialized ---
2026-01-15T11:31:23+0530 INFO --- logging initialized ---
2026-01-15T11:34:37+0530 INFO --- logging initialized ---
2026-01-15T20:47:55+0530 INFO --- logging initialized ---
2026-01-16T11:31:09+0530 INFO --- logging initialized ---
2026-01-16T13:21:47+0530 INFO --- logging initialized ---
2026-01-19T11:43:50+0530 INFO --- logging initialized ---
2026-01-19T12:50:50+0530 INFO --- logging initialized ---
2026-01-19T20:19:13+0530 INFO --- logging initialized ---
2026-01-20T12:03:23+0530 INFO --- logging initialized ---
2026-01-20T18:57:32+0530 INFO --- logging initialized ---
2026-01-20T20:02:31+0530 INFO --- logging initialized ---
2026-01-21T12:05:14+0530 INFO --- logging initialized ---
2026-01-21T19:07:59+0530 INFO --- logging initialized ---
2026-01-21T20:46:42+0530 INFO --- logging initialized ---
2026-01-22T13:21:22+0530 INFO --- logging initialized ---
2026-01-22T14:49:39+0530 INFO --- logging initialized ---
2026-01-22T16:18:54+0530 INFO --- logging initialized ---
2026-01-28T23:21:49+0530 INFO --- logging initialized ---
2026-01-29T06:20:04+0530 INFO --- logging initialized ---
2026-01-29T07:49:15+0530 INFO --- logging initialized ---
2026-01-29T11:11:38+0530 INFO --- logging initialized ---
2026-01-29T11:11:57+0530 SUBDEBUG Installed: rpmfusion-free-release-39-1.noarch
2026-01-29T11:12:57+0530 INFO --- logging initialized ---
2026-01-29T11:13:50+0530 SUBDEBUG Installed: x264-libs-0.164-10.20231001git31e19f92.fc39.x86_64
2026-01-29T11:13:51+0530 SUBDEBUG Installed: gstreamer1-plugins-ugly-1:1.22.12-1.fc39.x86_64
2026-01-30T06:05:00+0530 INFO --- logging initialized ---
2026-02-01T04:31:09+0530 INFO --- logging initialized ---
2026-02-02T06:42:46+0530 INFO --- logging initialized ---
2026-02-02T07:45:46+0530 INFO --- logging initialized ---
2026-02-02T12:46:22+0530 INFO --- logging initialized ---
2026-02-02T13:44:41+0530 INFO --- logging initialized ---
2026-02-02T13:45:03+0530 INFO --- logging initialized ---
2026-02-02T13:45:12+0530 SUBDEBUG Installed: rpmfusion-nonfree-release-39-1.noarch
2026-02-02T13:45:28+0530 INFO --- logging initialized ---
2026-02-02T13:46:17+0530 SUBDEBUG Installed: libebml-1.4.5-1.fc39.x86_64
2026-02-02T13:46:17+0530 SUBDEBUG Installed: sdl12-compat-1.2.68-1.fc39.x86_64
2026-02-02T13:46:17+0530 SUBDEBUG Installed: libkate-0.4.1-27.fc39.x86_64
2026-02-02T13:46:17+0530 SUBDEBUG Installed: libtiger-0.3.4-26.fc39.x86_64
2026-02-02T13:46:17+0530 SUBDEBUG Installed: SDL_image-1.2.12-34.fc39.x86_64
2026-02-02T13:46:17+0530 SUBDEBUG Installed: libmatroska-1.7.1-4.fc39.x86_64
2026-02-02T13:46:17+0530 SUBDEBUG Installed: faad2-libs-1:2.11.1-1.fc39.x86_64
2026-02-02T13:46:17+0530 SUBDEBUG Installed: x265-libs-3.5-6.fc39.x86_64
2026-02-02T13:46:17+0530 SUBDEBUG Installed: libupnp-1.14.20-1.fc39.x86_64
2026-02-02T13:46:17+0530 SUBDEBUG Installed: libproxy-bin-0.5.5-1.fc39.x86_64
2026-02-02T13:46:17+0530 SUBDEBUG Installed: vlc-libs-1:3.0.21-1.fc39.x86_64
2026-02-02T13:46:18+0530 SUBDEBUG Installed: vlc-plugins-freeworld-3.0.21-1.fc39.x86_64
2026-02-02T13:46:18+0530 SUBDEBUG Installed: schroedinger-1.0.11-29.fc39.x86_64
2026-02-02T13:46:18+0530 SUBDEBUG Installed: protobuf-lite-3.19.6-6.fc39.x86_64
2026-02-02T13:46:18+0530 SUBDEBUG Installed: live555-2023.06.20-2.fc39.x86_64
2026-02-02T13:46:18+0530 SUBDEBUG Installed: libusb-compat-0.1-0.1.8-5.fc39.x86_64
2026-02-02T13:46:18+0530 SUBDEBUG Installed: lirc-libs-0.10.0-40.fc39.x86_64
2026-02-02T13:46:18+0530 SUBDEBUG Installed: libspatialaudio-3.1-11.20200406gitd926a2e.fc39.x86_64
2026-02-02T13:46:18+0530 SUBDEBUG Installed: libmpcdec-1.3.0-0.2.20110810svn475.fc39.x86_64
2026-02-02T13:46:18+0530 SUBDEBUG Installed: libmicrodns-0.2.0-7.fc39.x86_64
2026-02-02T13:46:18+0530 SUBDEBUG Installed: libmad-0.15.1b-36.fc39.x86_64
2026-02-02T13:46:18+0530 SUBDEBUG Installed: libdvbpsi-1.3.3-9.fc39.x86_64
2026-02-02T13:46:18+0530 SUBDEBUG Installed: libdca-0.0.7-9.fc39.x86_64
2026-02-02T13:46:18+0530 SUBDEBUG Installed: libcddb-1.3.2-39.fc39.x86_64
2026-02-02T13:46:18+0530 SUBDEBUG Installed: gnu-free-fonts-common-20120503-31.fc39.noarch
2026-02-02T13:46:18+0530 SUBDEBUG Installed: gnu-free-sans-fonts-20120503-31.fc39.noarch
2026-02-02T13:46:18+0530 SUBDEBUG Installed: daala-libs-0-25.20200724git694d4ce.fc39.x86_64
2026-02-02T13:46:19+0530 SUBDEBUG Installed: vlc-plugins-base-1:3.0.21-1.fc39.x86_64
2026-02-02T13:46:19+0530 SUBDEBUG Installed: vlc-plugin-lua-1:3.0.21-1.fc39.x86_64
2026-02-02T13:46:20+0530 SUBDEBUG Installed: vlc-cli-1:3.0.21-1.fc39.x86_64
2026-02-02T13:46:20+0530 SUBDEBUG Installed: vlc-plugin-gnome-1:3.0.21-1.fc39.x86_64
2026-02-02T13:46:20+0530 SUBDEBUG Installed: vlc-plugin-notify-1:3.0.21-1.fc39.x86_64
2026-02-02T13:46:20+0530 SUBDEBUG Installed: vlc-plugin-pipewire-3-1.fc39.x86_64
2026-02-02T13:46:20+0530 SUBDEBUG Installed: vlc-plugin-visualization-1:3.0.21-1.fc39.x86_64
2026-02-02T13:46:20+0530 SUBDEBUG Installed: aalib-libs-1.4.0-0.47.rc5.fc39.x86_64
2026-02-02T13:46:20+0530 SUBDEBUG Installed: vlc-plugins-video-out-1:3.0.21-1.fc39.x86_64
2026-02-02T13:46:20+0530 SUBDEBUG Installed: vlc-plugin-ffmpeg-1:3.0.21-1.fc39.x86_64
2026-02-02T13:46:20+0530 SUBDEBUG Installed: vlc-gui-qt-1:3.0.21-1.fc39.x86_64
2026-02-02T13:46:20+0530 SUBDEBUG Installed: vlc-gui-skins2-1:3.0.21-1.fc39.x86_64
2026-02-02T13:46:20+0530 SUBDEBUG Installed: vlc-1:3.0.21-1.fc39.x86_64
2026-02-02T13:46:29+0530 INFO --- logging initialized ---
2026-02-02T13:46:42+0530 SUBDEBUG Installed: python3-vlc-3.0.20123-1.fc39.noarch
2026-02-02T14:03:22+0530 INFO --- logging initialized ---
2026-02-02T20:36:41+0530 INFO --- logging initialized ---
2026-02-03T05:56:23+0530 INFO --- logging initialized ---
2026-02-03T07:09:21+0530 INFO --- logging initialized ---
2026-02-03T12:41:32+0530 INFO --- logging initialized ---
2026-02-03T13:53:11+0530 INFO --- logging initialized ---
2026-02-03T15:38:31+0530 INFO --- logging initialized ---
2026-02-03T16:57:31+0530 INFO --- logging initialized ---
2026-02-03T19:54:54+0530 INFO --- logging initialized ---
2026-02-04T14:58:41+0530 INFO --- logging initialized ---
2026-02-04T19:16:15+0530 INFO --- logging initialized ---
2026-02-04T20:40:34+0530 INFO --- logging initialized ---
2026-02-05T11:48:54+0530 INFO --- logging initialized ---
2026-02-05T11:52:30+0530 INFO --- logging initialized ---
2026-02-05T19:36:53+0530 INFO --- logging initialized ---
2026-02-05T20:50:28+0530 INFO --- logging initialized ---
2026-02-06T11:31:40+0530 INFO --- logging initialized ---
2026-02-06T13:12:41+0530 INFO --- logging initialized ---
2026-02-07T22:31:27+0530 INFO --- logging initialized ---
2026-02-09T11:32:21+0530 INFO --- logging initialized ---
2026-02-09T13:30:21+0530 INFO --- logging initialized ---
2026-02-09T15:59:24+0530 INFO --- logging initialized ---
2026-02-09T20:04:00+0530 INFO --- logging initialized ---
2026-02-10T12:05:52+0530 INFO --- logging initialized ---
2026-02-10T13:21:52+0530 INFO --- logging initialized ---
2026-02-10T19:39:31+0530 INFO --- logging initialized ---
2026-02-13T19:01:46+0530 INFO --- logging initialized ---
2026-02-13T20:24:45+0530 INFO --- logging initialized ---
2026-02-16T10:59:20+0530 INFO --- logging initialized ---
2026-02-16T12:14:07+0530 INFO --- logging initialized ---
2026-02-16T12:14:34+0530 SUBDEBUG Installed: packages-microsoft-prod-1.1-3.noarch
2026-02-16T12:15:01+0530 INFO --- logging initialized ---
2026-02-16T12:16:09+0530 SUBDEBUG Installed: azure-cli-2.83.0-1.el10.x86_64
2026-02-16T12:53:21+0530 INFO --- logging initialized ---
2026-02-16T14:06:20+0530 INFO --- logging initialized ---
2026-02-16T15:13:20+0530 INFO --- logging initialized ---
2026-02-16T16:59:20+0530 INFO --- logging initialized ---
2026-02-16T18:14:20+0530 INFO --- logging initialized ---
2026-02-16T19:53:20+0530 INFO --- logging initialized ---
2026-02-17T11:46:11+0530 INFO --- logging initialized ---
2026-02-17T13:32:10+0530 INFO --- logging initialized ---
2026-02-17T20:30:10+0530 INFO --- logging initialized ---
2026-02-18T12:21:40+0530 INFO --- logging initialized ---
2026-02-18T14:06:39+0530 INFO --- logging initialized ---
2026-02-18T20:07:02+0530 INFO --- logging initialized ---
2026-02-19T11:58:58+0530 INFO --- logging initialized ---
2026-02-19T13:07:59+0530 INFO --- logging initialized ---
2026-02-20T19:29:38+0530 INFO --- logging initialized ---
2026-02-20T20:45:38+0530 INFO --- logging initialized ---
2026-02-22T23:20:05+0530 INFO --- logging initialized ---
2026-02-23T00:21:05+0530 INFO --- logging initialized ---
2026-02-23T11:47:32+0530 INFO --- logging initialized ---
2026-02-23T13:41:32+0530 INFO --- logging initialized ---
2026-02-23T15:39:32+0530 INFO --- logging initialized ---
2026-02-23T17:12:31+0530 INFO --- logging initialized ---
2026-02-23T18:42:31+0530 INFO --- logging initialized ---
2026-02-23T19:42:43+0530 INFO --- logging initialized ---
2026-02-23T20:09:32+0530 INFO --- logging initialized ---
2026-02-24T11:58:34+0530 INFO --- logging initialized ---
2026-02-24T13:10:40+0530 INFO --- logging initialized ---
2026-02-24T13:59:59+0530 INFO --- logging initialized ---
2026-02-24T15:53:53+0530 INFO --- logging initialized ---
2026-02-24T19:50:35+0530 INFO --- logging initialized ---
2026-02-25T11:16:50+0530 INFO --- logging initialized ---
2026-02-25T13:08:50+0530 INFO --- logging initialized ---
2026-02-25T14:11:50+0530 INFO --- logging initialized ---
2026-02-25T19:10:11+0530 INFO --- logging initialized ---
2026-02-25T20:23:49+0530 INFO --- logging initialized ---
2026-02-25T20:25:18+0530 SUBDEBUG Installed: qemu-user-static-x86-2:8.1.3-5.fc39.x86_64
2026-02-25T20:25:19+0530 SUBDEBUG Installed: qemu-user-static-arm-2:8.1.3-5.fc39.x86_64
2026-02-25T20:25:19+0530 SUBDEBUG Installed: qemu-user-static-aarch64-2:8.1.3-5.fc39.x86_64
2026-02-25T20:25:20+0530 SUBDEBUG Installed: qemu-user-static-xtensa-2:8.1.3-5.fc39.x86_64
2026-02-25T20:25:20+0530 SUBDEBUG Installed: qemu-user-static-sparc-2:8.1.3-5.fc39.x86_64
2026-02-25T20:25:21+0530 SUBDEBUG Installed: qemu-user-static-sh4-2:8.1.3-5.fc39.x86_64
2026-02-25T20:25:21+0530 SUBDEBUG Installed: qemu-user-static-s390x-2:8.1.3-5.fc39.x86_64
2026-02-25T20:25:21+0530 SUBDEBUG Installed: qemu-user-static-riscv-2:8.1.3-5.fc39.x86_64
2026-02-25T20:25:21+0530 SUBDEBUG Installed: qemu-user-static-ppc-2:8.1.3-5.fc39.x86_64
2026-02-25T20:25:22+0530 SUBDEBUG Installed: qemu-user-static-or1k-2:8.1.3-5.fc39.x86_64
2026-02-25T20:25:22+0530 SUBDEBUG Installed: qemu-user-static-nios2-2:8.1.3-5.fc39.x86_64
2026-02-25T20:25:22+0530 SUBDEBUG Installed: qemu-user-static-mips-2:8.1.3-5.fc39.x86_64
2026-02-25T20:25:23+0530 SUBDEBUG Installed: qemu-user-static-microblaze-2:8.1.3-5.fc39.x86_64
2026-02-25T20:25:23+0530 SUBDEBUG Installed: qemu-user-static-m68k-2:8.1.3-5.fc39.x86_64
2026-02-25T20:25:23+0530 SUBDEBUG Installed: qemu-user-static-loongarch64-2:8.1.3-5.fc39.x86_64
2026-02-25T20:25:24+0530 SUBDEBUG Installed: qemu-user-static-hppa-2:8.1.3-5.fc39.x86_64
2026-02-25T20:25:24+0530 SUBDEBUG Installed: qemu-user-static-hexagon-2:8.1.3-5.fc39.x86_64
2026-02-25T20:25:24+0530 SUBDEBUG Installed: qemu-user-static-cris-2:8.1.3-5.fc39.x86_64
2026-02-25T20:25:24+0530 SUBDEBUG Installed: qemu-user-static-alpha-2:8.1.3-5.fc39.x86_64
2026-02-25T20:25:24+0530 SUBDEBUG Installed: qemu-user-static-2:8.1.3-5.fc39.x86_64
2026-02-25T20:25:24+0530 SUBDEBUG Installed: libnet-1.3-1.fc39.x86_64
2026-02-25T20:25:24+0530 SUBDEBUG Installed: aardvark-dns-2:1.12.2-2.fc39.x86_64
2026-02-25T20:25:25+0530 SUBDEBUG Installed: netavark-2:1.12.2-1.fc39.x86_64
2026-02-25T20:25:25+0530 SUBDEBUG Installed: libmd-1.1.0-2.fc39.x86_64
2026-02-25T20:25:25+0530 SUBDEBUG Installed: libbsd-0.12.2-3.fc39.x86_64
2026-02-25T20:25:25+0530 SUBDEBUG Installed: criu-4.0-1.fc39.x86_64
2026-02-25T20:25:26+0530 SUBDEBUG Installed: criu-libs-4.0-1.fc39.x86_64
2026-02-25T20:25:26+0530 SUBDEBUG Installed: crun-1.18-1.fc39.x86_64
2026-02-25T20:25:26+0530 SUBDEBUG Installed: containers-common-extra-4:1-99.fc39.noarch
2026-02-25T20:25:26+0530 SUBDEBUG Installed: buildah-1.37.1-1.fc39.x86_64
2026-02-25T20:27:05+0530 INFO --- logging initialized ---
2026-02-25T22:31:14+0530 INFO --- logging initialized ---
2026-02-26T00:22:36+0530 INFO --- logging initialized ---
2026-02-26T11:58:28+0530 INFO --- logging initialized ---
2026-02-27T11:10:53+0530 INFO --- logging initialized ---
2026-02-27T17:09:33+0530 INFO --- logging initialized ---
2026-03-02T10:47:18+0530 INFO --- logging initialized ---
2026-03-02T12:05:57+0530 INFO --- logging initialized ---
2026-03-02T15:18:06+0530 INFO --- logging initialized ---
2026-03-02T16:31:21+0530 INFO --- logging initialized ---
2026-03-02T18:42:47+0530 INFO --- logging initialized ---
2026-03-02T20:41:25+0530 INFO --- logging initialized ---
2026-03-04T11:39:43+0530 INFO --- logging initialized ---
2026-03-04T19:25:29+0530 INFO --- logging initialized ---
2026-03-05T11:18:05+0530 INFO --- logging initialized ---
2026-03-05T14:13:25+0530 INFO --- logging initialized ---
2026-03-05T19:48:18+0530 INFO --- logging initialized ---
2026-03-05T20:59:17+0530 INFO --- logging initialized ---
2026-03-06T11:20:41+0530 INFO --- logging initialized ---
2026-03-06T13:09:39+0530 INFO --- logging initialized ---
2026-03-06T13:10:15+0530 INFO --- logging initialized ---
2026-03-06T13:12:44+0530 INFO --- logging initialized ---
2026-03-06T13:13:27+0530 SUBDEBUG Upgrade: docker-desktop-4.63.0-220185.x86_64
2026-03-06T13:14:43+0530 SUBDEBUG Upgraded: docker-desktop-4.51.0-210443.x86_64
2026-03-06T13:14:43+0530 INFO Enabling use of privileged ports by Docker Desktop

2026-03-06T13:36:51+0530 INFO --- logging initialized ---
2026-03-06T14:40:51+0530 INFO --- logging initialized ---
2026-03-06T18:49:46+0530 INFO --- logging initialized ---
2026-03-06T20:24:46+0530 INFO --- logging initialized ---
2026-03-09T12:02:59+0530 INFO --- logging initialized ---
2026-03-09T14:11:54+0530 INFO --- logging initialized ---
2026-03-09T15:15:54+0530 INFO --- logging initialized ---
2026-03-09T17:03:51+0530 INFO --- logging initialized ---
2026-03-09T19:03:09+0530 INFO --- logging initialized ---
2026-03-09T20:13:09+0530 INFO --- logging initialized ---
2026-03-10T12:10:37+0530 INFO --- logging initialized ---
2026-03-10T13:38:36+0530 INFO --- logging initialized ---
2026-03-10T16:53:34+0530 INFO --- logging initialized ---
2026-03-10T18:45:13+0530 INFO --- logging initialized ---
2026-03-11T12:03:53+0530 INFO --- logging initialized ---
2026-03-11T13:25:54+0530 INFO --- logging initialized ---
2026-03-11T19:30:04+0530 INFO --- logging initialized ---
2026-03-11T21:04:12+0530 INFO --- logging initialized ---
2026-03-12T12:33:14+0530 INFO --- logging initialized ---
2026-03-13T21:03:55+0530 INFO --- logging initialized ---
2026-03-14T07:30:20+0530 INFO --- logging initialized ---
2026-03-14T09:10:16+0530 INFO --- logging initialized ---
2026-03-14T14:15:53+0530 INFO --- logging initialized ---
2026-03-14T15:26:00+0530 INFO --- logging initialized ---
2026-03-14T16:46:16+0530 INFO --- logging initialized ---
2026-03-16T11:50:45+0530 INFO --- logging initialized ---
2026-03-16T12:52:17+0530 INFO --- logging initialized ---
2026-03-16T14:20:16+0530 INFO --- logging initialized ---
2026-03-16T15:57:07+0530 INFO --- logging initialized ---
2026-03-16T17:04:06+0530 INFO --- logging initialized ---
2026-03-16T18:25:06+0530 INFO --- logging initialized ---
2026-03-16T20:00:07+0530 INFO --- logging initialized ---
2026-03-16T21:48:06+0530 INFO --- logging initialized ---
2026-03-17T12:36:45+0530 INFO --- logging initialized ---
2026-03-17T14:35:45+0530 INFO --- logging initialized ---
2026-03-17T16:03:46+0530 INFO --- logging initialized ---
2026-03-17T17:22:46+0530 INFO --- logging initialized ---
2026-03-17T20:03:44+0530 INFO --- logging initialized ---
2026-03-18T12:23:13+0530 INFO --- logging initialized ---
2026-03-18T14:10:23+0530 INFO --- logging initialized ---
2026-03-18T19:59:20+0530 INFO --- logging initialized ---
2026-03-18T21:15:32+0530 INFO --- logging initialized ---
2026-03-19T12:35:02+0530 INFO --- logging initialized ---
2026-03-19T21:06:43+0530 INFO --- logging initialized ---
2026-03-20T11:33:14+0530 INFO --- logging initialized ---
2026-03-20T11:43:58+0530 INFO --- logging initialized ---
2026-03-20T13:15:22+0530 INFO --- logging initialized ---
2026-03-20T20:37:47+0530 INFO --- logging initialized ---
2026-03-20T21:56:46+0530 INFO --- logging initialized ---
2026-03-23T09:38:09+0530 INFO --- logging initialized ---
2026-03-23T11:34:09+0530 INFO --- logging initialized ---
2026-03-23T12:39:08+0530 INFO --- logging initialized ---
2026-03-23T14:39:09+0530 INFO --- logging initialized ---
2026-03-23T16:33:09+0530 INFO --- logging initialized ---
2026-03-23T17:38:48+0530 INFO --- logging initialized ---
2026-03-23T19:10:08+0530 INFO --- logging initialized ---
2026-03-23T20:25:09+0530 INFO --- logging initialized ---
2026-03-24T09:48:16+0530 INFO --- logging initialized ---
2026-03-24T11:10:54+0530 INFO --- logging initialized ---
2026-03-24T12:52:15+0530 INFO --- logging initialized ---
2026-03-24T14:37:16+0530 INFO --- logging initialized ---
2026-03-24T16:25:15+0530 INFO --- logging initialized ---
2026-03-24T17:42:15+0530 INFO --- logging initialized ---
2026-03-24T20:06:46+0530 INFO --- logging initialized ---
2026-03-25T09:04:54+0530 INFO --- logging initialized ---
2026-03-25T10:08:54+0530 INFO --- logging initialized ---
2026-03-25T11:49:53+0530 INFO --- logging initialized ---
2026-03-25T13:35:53+0530 INFO --- logging initialized ---
2026-03-25T15:17:51+0530 INFO --- logging initialized ---
2026-03-25T17:00:54+0530 INFO --- logging initialized ---
2026-03-25T18:26:53+0530 INFO --- logging initialized ---
2026-03-25T20:35:25+0530 INFO --- logging initialized ---
2026-03-26T14:00:04+0530 INFO --- logging initialized ---
2026-03-26T15:08:10+0530 INFO --- logging initialized ---
2026-03-26T17:00:11+0530 INFO --- logging initialized ---
2026-03-27T10:44:03+0530 INFO --- logging initialized ---
2026-03-27T12:12:16+0530 INFO --- logging initialized ---
2026-03-27T13:15:17+0530 INFO --- logging initialized ---
2026-03-27T19:27:35+0530 INFO --- logging initialized ---
2026-03-27T20:44:05+0530 INFO --- logging initialized ---
2026-03-30T11:10:15+0530 INFO --- logging initialized ---
2026-03-30T12:23:15+0530 INFO --- logging initialized ---
2026-03-30T14:58:37+0530 INFO --- logging initialized ---
2026-03-30T20:16:31+0530 INFO --- logging initialized ---
2026-03-31T10:47:36+0530 INFO --- logging initialized ---
2026-03-31T12:06:04+0530 INFO --- logging initialized ---
2026-04-01T12:30:42+0530 INFO --- logging initialized ---
2026-04-01T13:38:41+0530 INFO --- logging initialized ---
2026-04-01T15:24:41+0530 INFO --- logging initialized ---
2026-04-01T19:24:47+0530 INFO --- logging initialized ---
2026-04-02T11:37:13+0530 INFO --- logging initialized ---
2026-04-02T12:42:12+0530 INFO --- logging initialized ---
2026-04-02T19:51:03+0530 INFO --- logging initialized ---
2026-04-03T11:48:21+0530 INFO --- logging initialized ---
2026-04-03T13:44:20+0530 INFO --- logging initialized ---
2026-04-03T16:13:15+0530 INFO --- logging initialized ---
2026-04-03T17:15:17+0530 INFO --- logging initialized ---
2026-04-03T19:09:17+0530 INFO --- logging initialized ---
2026-04-03T20:18:15+0530 INFO --- logging initialized ---
2026-04-06T11:44:49+0530 INFO --- logging initialized ---
2026-04-06T18:56:36+0530 INFO --- logging initialized ---
2026-04-06T20:11:14+0530 INFO --- logging initialized ---
2026-04-07T12:14:11+0530 INFO --- logging initialized ---
2026-04-07T19:11:08+0530 INFO --- logging initialized ---
2026-04-07T20:21:26+0530 INFO --- logging initialized ---
2026-04-08T11:22:40+0530 INFO --- logging initialized ---
2026-04-08T13:15:42+0530 INFO --- logging initialized ---
2026-04-08T19:19:02+0530 INFO --- logging initialized ---
2026-04-08T20:57:02+0530 INFO --- logging initialized ---
2026-04-09T11:41:16+0530 INFO --- logging initialized ---
2026-04-09T12:59:16+0530 INFO --- logging initialized ---
2026-04-09T19:29:04+0530 INFO --- logging initialized ---
2026-04-09T21:08:05+0530 INFO --- logging initialized ---
2026-04-10T15:47:09+0530 INFO --- logging initialized ---
2026-04-10T17:44:55+0530 INFO --- logging initialized ---
2026-04-11T12:02:53+0530 INFO --- logging initialized ---
2026-04-13T11:49:31+0530 INFO --- logging initialized ---
2026-04-13T13:07:30+0530 INFO --- logging initialized ---
2026-04-13T14:47:30+0530 INFO --- logging initialized ---
2026-04-13T19:02:30+0530 INFO --- logging initialized ---
2026-04-13T20:51:03+0530 INFO --- logging initialized ---
2026-04-15T10:58:44+0530 INFO --- logging initialized ---
2026-04-15T12:09:59+0530 INFO --- logging initialized ---
2026-04-15T13:59:59+0530 INFO --- logging initialized ---
2026-04-15T15:33:58+0530 INFO --- logging initialized ---
2026-04-15T17:12:58+0530 INFO --- logging initialized ---
2026-04-15T18:48:58+0530 INFO --- logging initialized ---
2026-04-15T20:38:59+0530 INFO --- logging initialized ---
2026-04-16T11:49:00+0530 INFO --- logging initialized ---
2026-04-16T12:59:00+0530 INFO --- logging initialized ---
2026-04-16T17:35:56+0530 INFO --- logging initialized ---
2026-04-16T19:50:39+0530 INFO --- logging initialized ---
2026-04-16T21:00:54+0530 INFO --- logging initialized ---
2026-04-17T16:27:46+0530 INFO --- logging initialized ---
2026-04-17T19:27:33+0530 INFO --- logging initialized ---
2026-04-17T21:01:33+0530 INFO --- logging initialized ---
2026-04-18T10:08:33+0530 INFO --- logging initialized ---
2026-04-18T11:55:33+0530 INFO --- logging initialized ---
2026-04-20T17:33:44+0530 INFO --- logging initialized ---
2026-04-20T18:58:43+0530 INFO --- logging initialized ---
2026-04-20T20:24:10+0530 INFO --- logging initialized ---
2026-04-20T23:06:12+0530 INFO --- logging initialized ---
2026-04-21T10:50:43+0530 INFO --- logging initialized ---
2026-04-21T12:38:27+0530 INFO --- logging initialized ---
2026-04-21T13:39:20+0530 INFO --- logging initialized ---
2026-04-21T15:06:20+0530 INFO --- logging initialized ---
2026-04-21T17:06:40+0530 INFO --- logging initialized ---
2026-04-21T18:44:37+0530 INFO --- logging initialized ---
2026-04-21T20:04:37+0530 INFO --- logging initialized ---
2026-04-22T09:54:21+0530 INFO --- logging initialized ---
2026-04-22T11:50:27+0530 INFO --- logging initialized ---
2026-04-22T13:03:26+0530 INFO --- logging initialized ---
2026-04-22T18:46:24+0530 INFO --- logging initialized ---
2026-04-22T20:22:24+0530 INFO --- logging initialized ---
2026-04-23T12:16:34+0530 INFO --- logging initialized ---
2026-04-23T18:48:03+0530 INFO --- logging initialized ---
2026-04-23T20:44:47+0530 INFO --- logging initialized ---
2026-04-24T11:33:27+0530 INFO --- logging initialized ---
2026-04-24T12:38:34+0530 INFO --- logging initialized ---
2026-04-24T13:43:33+0530 INFO --- logging initialized ---
2026-04-24T19:51:55+0530 INFO --- logging initialized ---
2026-04-24T21:30:55+0530 INFO --- logging initialized ---
2026-04-25T12:01:47+0530 INFO --- logging initialized ---
2026-04-25T13:24:47+0530 INFO --- logging initialized ---
2026-04-26T11:52:48+0530 INFO --- logging initialized ---
2026-04-26T13:00:58+0530 INFO --- logging initialized ---
2026-04-26T19:30:11+0530 INFO --- logging initialized ---
2026-04-27T12:07:52+0530 INFO --- logging initialized ---
2026-04-27T13:58:51+0530 INFO --- logging initialized ---
2026-04-27T15:51:51+0530 INFO --- logging initialized ---
2026-04-27T17:13:51+0530 INFO --- logging initialized ---
2026-04-27T18:20:51+0530 INFO --- logging initialized ---
2026-04-27T19:54:51+0530 INFO --- logging initialized ---
2026-04-27T21:10:51+0530 INFO --- logging initialized ---
2026-04-28T12:22:27+0530 INFO --- logging initialized ---
2026-04-28T18:01:25+0530 INFO --- logging initialized ---
2026-04-28T20:22:49+0530 INFO --- logging initialized ---
2026-04-29T11:20:07+0530 INFO --- logging initialized ---
2026-04-29T13:14:30+0530 INFO --- logging initialized ---
2026-04-29T15:34:58+0530 INFO --- logging initialized ---
2026-04-29T19:00:08+0530 INFO --- logging initialized ---
2026-04-29T20:11:36+0530 INFO --- logging initialized ---
2026-04-29T21:30:37+0530 INFO --- logging initialized ---
2026-04-30T11:32:09+0530 INFO --- logging initialized ---
2026-04-30T13:05:09+0530 INFO --- logging initialized ---
2026-04-30T14:09:09+0530 INFO --- logging initialized ---
2026-04-30T19:45:20+0530 INFO --- logging initialized ---
2026-05-01T10:08:19+0530 INFO --- logging initialized ---
2026-05-01T12:03:52+0530 INFO --- logging initialized ---
2026-05-03T09:36:17+0530 INFO --- logging initialized ---
2026-05-03T11:00:27+0530 INFO --- logging initialized ---
2026-05-04T12:00:03+0530 INFO --- logging initialized ---
2026-05-04T13:24:04+0530 INFO --- logging initialized ---
2026-05-04T20:33:37+0530 INFO --- logging initialized ---
2026-05-05T13:20:44+0530 INFO --- logging initialized ---
2026-05-05T14:39:05+0530 INFO --- logging initialized ---
2026-05-05T15:50:05+0530 INFO --- logging initialized ---
2026-05-05T19:30:27+0530 INFO --- logging initialized ---
2026-05-06T11:22:45+0530 INFO --- logging initialized ---
2026-05-06T19:13:16+0530 INFO --- logging initialized ---
2026-05-06T20:32:39+0530 INFO --- logging initialized ---
2026-05-07T16:41:39+0530 INFO --- logging initialized ---
2026-05-07T19:10:20+0530 INFO --- logging initialized ---
2026-05-07T20:52:10+0530 INFO --- logging initialized ---
2026-05-07T23:30:44+0530 INFO --- logging initialized ---
2026-05-08T10:58:40+0530 INFO --- logging initialized ---
2026-05-08T11:49:44+0530 INFO --- logging initialized ---
2026-05-08T13:18:43+0530 INFO --- logging initialized ---
2026-05-08T18:14:52+0530 INFO --- logging initialized ---
2026-05-11T12:03:14+0530 INFO --- logging initialized ---
2026-05-11T15:04:27+0530 INFO --- logging initialized ---
2026-05-11T16:21:27+0530 INFO --- logging initialized ---
2026-05-11T18:06:26+0530 INFO --- logging initialized ---
2026-05-11T19:58:26+0530 INFO --- logging initialized ---
2026-05-11T21:51:26+0530 INFO --- logging initialized ---
2026-05-11T23:41:26+0530 INFO --- logging initialized ---
2026-05-12T01:37:49+0530 INFO --- logging initialized ---
2026-05-12T11:00:25+0530 INFO --- logging initialized ---
2026-05-12T12:14:25+0530 INFO --- logging initialized ---
2026-05-12T13:17:25+0530 INFO --- logging initialized ---
2026-05-12T14:22:26+0530 INFO --- logging initialized ---
2026-05-13T11:45:45+0530 INFO --- logging initialized ---
2026-05-13T19:37:33+0530 INFO --- logging initialized ---
2026-05-13T21:30:33+0530 INFO --- logging initialized ---
2026-05-14T10:54:36+0530 INFO --- logging initialized ---
2026-05-14T12:52:36+0530 INFO --- logging initialized ---
2026-05-14T14:28:35+0530 INFO --- logging initialized ---
2026-05-14T15:54:36+0530 INFO --- logging initialized ---
2026-05-14T20:19:13+0530 INFO --- logging initialized ---
2026-05-15T11:10:37+0530 INFO --- logging initialized ---
2026-05-15T12:48:37+0530 INFO --- logging initialized ---
2026-05-15T14:14:37+0530 INFO --- logging initialized ---
2026-05-15T15:25:38+0530 INFO --- logging initialized ---
2026-05-16T12:39:19+0530 INFO --- logging initialized ---
2026-05-16T13:59:20+0530 INFO --- logging initialized ---
2026-05-16T19:14:51+0530 INFO --- logging initialized ---
2026-05-16T20:28:50+0530 INFO --- logging initialized ---
2026-05-17T12:20:30+0530 INFO --- logging initialized ---
2026-05-18T10:16:35+0530 INFO --- logging initialized ---
2026-05-18T12:00:41+0530 INFO --- logging initialized ---
2026-05-18T19:29:39+0530 INFO --- logging initialized ---
2026-05-18T21:06:08+0530 INFO --- logging initialized ---
2026-05-19T10:39:04+0530 INFO --- logging initialized ---
2026-05-19T11:45:04+0530 INFO --- logging initialized ---
2026-05-19T19:30:14+0530 INFO --- logging initialized ---
2026-05-19T20:55:14+0530 INFO --- logging initialized ---
2026-05-20T10:57:03+0530 INFO --- logging initialized ---
2026-05-20T12:50:03+0530 INFO --- logging initialized ---
2026-05-20T14:25:14+0530 INFO --- logging initialized ---
2026-05-20T15:41:14+0530 INFO --- logging initialized ---
2026-05-20T19:23:05+0530 INFO --- logging initialized ---
2026-05-20T20:58:05+0530 INFO --- logging initialized ---
2026-05-21T10:17:29+0530 INFO --- logging initialized ---
2026-05-21T11:39:53+0530 INFO --- logging initialized ---
2026-05-22T11:16:37+0530 INFO --- logging initialized ---
2026-05-22T13:07:33+0530 INFO --- logging initialized ---
2026-05-22T14:41:15+0530 INFO --- logging initialized ---
2026-05-22T19:32:32+0530 INFO --- logging initialized ---
2026-05-22T21:25:31+0530 INFO --- logging initialized ---
2026-05-22T22:51:32+0530 INFO --- logging initialized ---
2026-05-23T11:40:22+0530 INFO --- logging initialized ---
2026-05-23T13:00:06+0530 INFO --- logging initialized ---
2026-05-23T14:04:06+0530 INFO --- logging initialized ---
2026-05-23T15:08:42+0530 INFO --- logging initialized ---
2026-05-25T07:33:52+0530 INFO --- logging initialized ---
2026-05-25T09:49:08+0530 INFO --- logging initialized ---
2026-05-25T10:51:23+0530 INFO --- logging initialized ---
2026-05-25T10:52:24+0530 INFO --- logging initialized ---
2026-05-25T10:52:44+0530 SUBDEBUG Installed: at-3.2.5-7.fc39.x86_64
2026-05-25T10:52:44+0530 INFO Created symlink /etc/systemd/system/multi-user.target.wants/atd.service → /usr/lib/systemd/system/atd.service.

2026-05-25T10:52:48+0530 INFO --- logging initialized ---
2026-05-25T12:11:17+0530 INFO --- logging initialized ---
2026-05-25T14:56:19+0530 INFO --- logging initialized ---
2026-05-25T16:28:44+0530 INFO --- logging initialized ---
2026-05-25T19:06:55+0530 INFO --- logging initialized ---
2026-05-25T20:41:55+0530 INFO --- logging initialized ---
2026-05-26T10:13:03+0530 INFO --- logging initialized ---
2026-05-26T10:36:34+0530 INFO --- logging initialized ---
2026-05-26T12:34:03+0530 INFO --- logging initialized ---
2026-05-26T19:36:43+0530 INFO --- logging initialized ---
2026-05-27T10:05:23+0530 INFO --- logging initialized ---
2026-05-27T11:42:14+0530 INFO --- logging initialized ---
2026-05-27T12:56:15+0530 INFO --- logging initialized ---
2026-05-28T10:18:55+0530 INFO --- logging initialized ---
2026-05-28T10:35:52+0530 INFO --- logging initialized ---
2026-05-28T10:56:37+0530 INFO --- logging initialized ---
2026-05-28T10:58:00+0530 INFO --- logging initialized ---
2026-05-28T10:59:10+0530 INFO --- logging initialized ---
2026-05-28T10:59:47+0530 SUBDEBUG Reinstall: httpd-2.4.62-2.fc39.x86_64
2026-05-28T10:59:47+0530 SUBDEBUG Reinstalled: httpd-2.4.62-2.fc39.x86_64
2026-05-28T11:50:55+0530 INFO --- logging initialized ---
2026-05-29T10:49:29+0530 INFO --- logging initialized ---
2026-05-29T12:18:59+0530 INFO --- logging initialized ---
2026-05-29T13:50:59+0530 INFO --- logging initialized ---
2026-05-29T15:16:58+0530 INFO --- logging initialized ---
2026-05-29T16:55:59+0530 INFO --- logging initialized ---
2026-05-29T18:12:58+0530 INFO --- logging initialized ---
2026-05-29T19:39:59+0530 INFO --- logging initialized ---
2026-05-29T20:41:48+0530 INFO --- logging initialized ---
2026-05-29T20:48:59+0530 INFO --- logging initialized ---
2026-06-01T10:45:39+0530 INFO --- logging initialized ---
2026-06-01T11:51:39+0530 INFO --- logging initialized ---
2026-06-01T13:51:39+0530 INFO --- logging initialized ---
2026-06-01T15:02:38+0530 INFO --- logging initialized ---
2026-06-01T19:24:25+0530 INFO --- logging initialized ---
2026-06-02T10:54:28+0530 INFO --- logging initialized ---
2026-06-02T12:00:27+0530 INFO --- logging initialized ---
2026-06-02T19:57:25+0530 INFO --- logging initialized ---
2026-06-03T11:01:12+0530 INFO --- logging initialized ---
2026-06-03T11:08:58+0530 INFO --- logging initialized ---
2026-06-03T11:09:10+0530 SUBDEBUG Erase: docker-ce-3:27.3.1-1.fc39.x86_64
2026-06-03T11:09:10+0530 INFO Removed "/etc/systemd/system/multi-user.target.wants/docker.service".

2026-06-03T11:09:10+0530 SUBDEBUG Erase: containerd.io-1.7.23-3.1.fc39.x86_64
2026-06-03T11:09:11+0530 SUBDEBUG Erase: container-selinux-2:2.233.0-1.fc39.noarch
2026-06-03T11:09:24+0530 SUBDEBUG Erase: libcgroup-3.0-3.fc39.x86_64
2026-06-03T11:09:24+0530 SUBDEBUG Erase: docker-ce-rootless-extras-27.3.1-1.fc39.x86_64
2026-06-03T11:12:11+0530 INFO --- logging initialized ---
2026-06-03T11:13:49+0530 INFO --- logging initialized ---
2026-06-03T11:14:02+0530 SUBDEBUG Erase: docker-desktop-4.63.0-220185.x86_64
2026-06-03T11:14:02+0530 INFO Stopping docker-desktop for logged in users
Done stopping docker-desktop for logged in users

2026-06-03T11:14:05+0530 INFO Reloading systemd daemon for logged in users
Done reloading systemd daemon for logged in users

2026-06-03T11:14:05+0530 SUBDEBUG Erase: pass-1.7.4-8.fc39.noarch
2026-06-03T11:14:05+0530 SUBDEBUG Erase: gtk3-devel-3.24.43-1.fc39.x86_64
2026-06-03T11:14:05+0530 SUBDEBUG Erase: pango-devel-1.51.0-1.fc39.x86_64
2026-06-03T11:14:05+0530 SUBDEBUG Erase: cairo-gobject-devel-1.18.0-1.fc39.x86_64
2026-06-03T11:14:05+0530 SUBDEBUG Erase: cairo-devel-1.18.0-1.fc39.x86_64
2026-06-03T11:14:05+0530 SUBDEBUG Erase: at-spi2-atk-devel-2.50.2-1.fc39.x86_64
2026-06-03T11:14:05+0530 SUBDEBUG Erase: at-spi2-core-devel-2.50.2-1.fc39.x86_64
2026-06-03T11:14:05+0530 SUBDEBUG Erase: libXtst-devel-1.2.4-3.fc39.x86_64
2026-06-03T11:14:05+0530 SUBDEBUG Erase: libXi-devel-1.8.1-2.fc39.x86_64
2026-06-03T11:14:05+0530 SUBDEBUG Erase: libXrandr-devel-1.5.4-1.fc39.x86_64
2026-06-03T11:14:05+0530 SUBDEBUG Erase: libXft-devel-2.3.8-3.fc39.x86_64
2026-06-03T11:14:05+0530 SUBDEBUG Erase: libXcomposite-devel-0.4.5-10.fc39.x86_64
2026-06-03T11:14:05+0530 SUBDEBUG Erase: libXcursor-devel-1.2.1-4.fc39.x86_64
2026-06-03T11:14:06+0530 SUBDEBUG Erase: libXdamage-devel-1.1.5-10.fc39.x86_64
2026-06-03T11:14:06+0530 SUBDEBUG Erase: libXfixes-devel-6.0.0-6.fc39.x86_64
2026-06-03T11:14:06+0530 SUBDEBUG Erase: libXrender-devel-0.9.11-3.fc39.x86_64
2026-06-03T11:14:06+0530 SUBDEBUG Erase: fontconfig-devel-2.14.2-6.fc39.x86_64
2026-06-03T11:14:06+0530 SUBDEBUG Erase: freetype-devel-2.13.1-2.fc39.x86_64
2026-06-03T11:14:06+0530 SUBDEBUG Erase: libepoxy-devel-1.5.10-4.fc39.x86_64
2026-06-03T11:14:06+0530 SUBDEBUG Erase: libXinerama-devel-1.1.5-3.fc39.x86_64
2026-06-03T11:14:06+0530 SUBDEBUG Erase: libXext-devel-1.3.5-3.fc39.x86_64
2026-06-03T11:14:06+0530 SUBDEBUG Erase: libglvnd-devel-1:1.7.0-1.fc39.x86_64
2026-06-03T11:14:06+0530 SUBDEBUG Erase: libX11-devel-1.8.9-1.fc39.x86_64
2026-06-03T11:14:06+0530 SUBDEBUG Erase: atk-devel-2.50.2-1.fc39.x86_64
2026-06-03T11:14:06+0530 SUBDEBUG Erase: libxcb-devel-1.13.1-12.fc39.x86_64
2026-06-03T11:14:06+0530 SUBDEBUG Erase: libXau-devel-1.0.11-3.fc39.x86_64
2026-06-03T11:14:06+0530 SUBDEBUG Erase: brotli-devel-1.1.0-1.fc39.x86_64
2026-06-03T11:14:06+0530 SUBDEBUG Erase: dbus-devel-1:1.14.10-1.fc39.x86_64
2026-06-03T11:14:06+0530 SUBDEBUG Erase: libthai-devel-0.1.29-6.fc39.x86_64
2026-06-03T11:14:06+0530 SUBDEBUG Erase: libxkbcommon-devel-1.6.0-1.fc39.x86_64
2026-06-03T11:14:06+0530 SUBDEBUG Erase: gdk-pixbuf2-devel-2.42.10-5.fc39.x86_64
2026-06-03T11:14:07+0530 SUBDEBUG Erase: harfbuzz-devel-8.2.1-2.fc39.x86_64
2026-06-03T11:14:07+0530 SUBDEBUG Erase: libxml2-devel-2.10.4-3.fc39.x86_64
2026-06-03T11:14:07+0530 SUBDEBUG Erase: glib2-devel-2.78.6-1.fc39.x86_64
2026-06-03T11:14:07+0530 SUBDEBUG Erase: libmount-devel-2.39.4-1.fc39.x86_64
2026-06-03T11:14:07+0530 SUBDEBUG Erase: libselinux-devel-3.5-5.fc39.x86_64
2026-06-03T11:14:07+0530 SUBDEBUG Erase: libpng-devel-2:1.6.37-15.fc39.x86_64
2026-06-03T11:14:07+0530 SUBDEBUG Erase: libjpeg-turbo-devel-2.1.4-3.fc39.x86_64
2026-06-03T11:14:07+0530 SUBDEBUG Erase: wayland-devel-1.22.0-2.fc39.x86_64
2026-06-03T11:14:07+0530 SUBDEBUG Erase: libffi-devel-3.4.4-4.fc39.x86_64
2026-06-03T11:14:07+0530 SUBDEBUG Erase: cmake-filesystem-3.30.5-1.fc39.x86_64
2026-06-03T11:14:07+0530 SUBDEBUG Erase: zlib-devel-1.2.13-4.fc39.x86_64
2026-06-03T11:14:07+0530 SUBDEBUG Erase: libsepol-devel-3.5-2.fc39.x86_64
2026-06-03T11:14:07+0530 SUBDEBUG Erase: pcre2-devel-10.42-1.fc39.2.x86_64
2026-06-03T11:14:07+0530 SUBDEBUG Erase: libblkid-devel-2.39.4-1.fc39.x86_64
2026-06-03T11:14:07+0530 SUBDEBUG Erase: sysprof-capture-devel-45.1-1.fc39.x86_64
2026-06-03T11:14:07+0530 SUBDEBUG Erase: xz-devel-5.4.4-1.fc39.x86_64
2026-06-03T11:14:07+0530 SUBDEBUG Erase: graphite2-devel-1.3.14-12.fc39.x86_64
2026-06-03T11:14:07+0530 SUBDEBUG Erase: libtiff-devel-4.4.0-10.fc39.x86_64
2026-06-03T11:14:07+0530 SUBDEBUG Erase: xorg-x11-proto-devel-2023.2-2.fc39.noarch
2026-06-03T11:14:07+0530 SUBDEBUG Erase: libglvnd-core-devel-1:1.7.0-1.fc39.x86_64
2026-06-03T11:14:07+0530 SUBDEBUG Erase: bzip2-devel-1.0.8-16.fc39.x86_64
2026-06-03T11:14:07+0530 SUBDEBUG Erase: pixman-devel-0.42.2-2.fc39.x86_64
2026-06-03T11:14:07+0530 SUBDEBUG Erase: fribidi-devel-1.0.13-2.fc39.x86_64
2026-06-03T11:14:07+0530 SUBDEBUG Erase: libcloudproviders-devel-0.3.5-1.fc39.x86_64
2026-06-03T11:14:07+0530 SUBDEBUG Erase: libicu-devel-73.2-2.fc39.x86_64
2026-06-03T11:14:07+0530 SUBDEBUG Erase: libdatrie-devel-0.2.13-7.fc39.x86_64
2026-06-03T11:14:07+0530 SUBDEBUG Erase: brotli-1.1.0-1.fc39.x86_64
2026-06-03T11:14:07+0530 SUBDEBUG Erase: qrencode-4.1.1-5.fc39.x86_64
2026-06-03T11:14:07+0530 SUBDEBUG Erase: wl-clipboard-2.2.1-1.fc39.x86_64
2026-06-03T11:14:07+0530 SUBDEBUG Erase: xclip-0.13-20.git11cba61.fc39.x86_64
2026-06-03T11:19:13+0530 INFO --- logging initialized ---
2026-06-03T11:20:54+0530 INFO --- logging initialized ---
2026-06-03T11:21:17+0530 SUBDEBUG Erase: docker-ce-cli-1:27.3.1-1.fc39.x86_64
2026-06-03T11:21:18+0530 SUBDEBUG Erase: docker-buildx-plugin-0.17.1-1.fc39.x86_64
2026-06-03T11:21:18+0530 SUBDEBUG Erase: docker-compose-plugin-2.29.7-1.fc39.x86_64
2026-06-03T11:28:29+0530 INFO --- logging initialized ---
2026-06-03T11:28:51+0530 INFO --- logging initialized ---
2026-06-03T11:28:52+0530 INFO --- logging initialized ---
2026-06-03T11:29:20+0530 INFO --- logging initialized ---
2026-06-03T11:30:10+0530 INFO --- logging initialized ---
2026-06-03T11:30:24+0530 INFO --- logging initialized ---
2026-06-03T11:30:24+0530 INFO --- logging initialized ---
2026-06-03T11:30:39+0530 INFO --- logging initialized ---
2026-06-03T11:34:40+0530 INFO --- logging initialized ---
2026-06-03T11:35:20+0530 SUBDEBUG Installed: container-selinux-2:2.233.0-1.fc39.noarch
2026-06-03T11:35:36+0530 SUBDEBUG Installed: docker-compose-plugin-2.29.7-1.fc39.x86_64
2026-06-03T11:35:37+0530 SUBDEBUG Installed: containerd.io-1.7.23-3.1.fc39.x86_64
2026-06-03T11:35:38+0530 SUBDEBUG Installed: libcgroup-3.0-3.fc39.x86_64
2026-06-03T11:35:38+0530 SUBDEBUG Installed: docker-buildx-plugin-0.17.1-1.fc39.x86_64
2026-06-03T11:35:39+0530 SUBDEBUG Installed: docker-ce-cli-1:27.3.1-1.fc39.x86_64
2026-06-03T11:35:40+0530 SUBDEBUG Installed: docker-ce-rootless-extras-27.3.1-1.fc39.x86_64
2026-06-03T11:35:40+0530 SUBDEBUG Installed: docker-ce-3:27.3.1-1.fc39.x86_64
2026-06-03T11:42:13+0530 INFO --- logging initialized ---
2026-06-03T11:44:06+0530 INFO --- logging initialized ---
2026-06-03T11:44:10+0530 SUBDEBUG Erase: docker-ce-3:27.3.1-1.fc39.x86_64
2026-06-03T11:44:10+0530 SUBDEBUG Erase: docker-ce-cli-1:27.3.1-1.fc39.x86_64
2026-06-03T11:44:10+0530 SUBDEBUG Erase: docker-buildx-plugin-0.17.1-1.fc39.x86_64
2026-06-03T11:44:10+0530 SUBDEBUG Erase: containerd.io-1.7.23-3.1.fc39.x86_64
2026-06-03T11:44:10+0530 SUBDEBUG Erase: docker-compose-plugin-2.29.7-1.fc39.x86_64
2026-06-03T11:44:10+0530 SUBDEBUG Erase: libcgroup-3.0-3.fc39.x86_64
2026-06-03T11:44:10+0530 SUBDEBUG Erase: docker-ce-rootless-extras-27.3.1-1.fc39.x86_64
2026-06-03T11:52:26+0530 INFO --- logging initialized ---
2026-06-03T11:53:24+0530 SUBDEBUG Installed: docker-compose-plugin-2.29.7-1.fc39.x86_64
2026-06-03T11:53:25+0530 SUBDEBUG Installed: libcgroup-3.0-3.fc39.x86_64
2026-06-03T11:53:25+0530 SUBDEBUG Installed: docker-buildx-plugin-0.17.1-1.fc39.x86_64
2026-06-03T11:53:25+0530 SUBDEBUG Installed: docker-ce-cli-1:27.3.1-1.fc39.x86_64
2026-06-03T11:53:26+0530 SUBDEBUG Installed: containerd.io-1.7.23-3.1.fc39.x86_64
2026-06-03T11:53:28+0530 SUBDEBUG Installed: docker-ce-rootless-extras-27.3.1-1.fc39.x86_64
2026-06-03T11:53:28+0530 SUBDEBUG Installed: docker-ce-3:27.3.1-1.fc39.x86_64
2026-06-03T12:55:34+0530 INFO --- logging initialized ---
2026-06-03T14:49:29+0530 INFO --- logging initialized ---
2026-06-03T19:30:28+0530 INFO --- logging initialized ---
2026-06-04T11:36:15+0530 INFO --- logging initialized ---
2026-06-04T12:39:39+0530 INFO --- logging initialized ---
2026-06-05T11:24:25+0530 INFO --- logging initialized ---
2026-06-05T12:27:58+0530 INFO --- logging initialized ---
2026-06-05T14:12:25+0530 INFO --- logging initialized ---
2026-06-05T18:35:50+0530 INFO --- logging initialized ---
2026-06-05T20:54:02+0530 INFO --- logging initialized ---
2026-06-08T09:59:57+0530 INFO --- logging initialized ---
2026-06-08T11:02:58+0530 INFO --- logging initialized ---
2026-06-08T13:00:03+0530 INFO --- logging initialized ---
2026-06-08T14:24:57+0530 INFO --- logging initialized ---
2026-06-09T10:36:36+0530 INFO --- logging initialized ---
2026-06-09T11:57:36+0530 INFO --- logging initialized ---
2026-06-09T13:33:36+0530 INFO --- logging initialized ---
2026-06-09T18:23:22+0530 INFO --- logging initialized ---
2026-06-09T19:57:02+0530 INFO --- logging initialized ---
2026-06-09T21:22:01+0530 INFO --- logging initialized ---
2026-06-10T09:50:05+0530 INFO --- logging initialized ---
2026-06-10T11:47:05+0530 INFO --- logging initialized ---
2026-06-10T13:32:06+0530 INFO --- logging initialized ---
2026-06-10T16:03:40+0530 INFO --- logging initialized ---
2026-06-10T20:49:49+0530 INFO --- logging initialized ---
2026-06-11T11:05:48+0530 INFO --- logging initialized ---
2026-06-11T18:57:49+0530 INFO --- logging initialized ---
2026-06-11T20:39:12+0530 INFO --- logging initialized ---
2026-06-12T11:00:08+0530 INFO --- logging initialized ---
2026-06-12T12:32:08+0530 INFO --- logging initialized ---
2026-06-12T13:33:08+0530 INFO --- logging initialized ---
2026-06-12T20:09:43+0530 INFO --- logging initialized ---
2026-06-13T10:16:12+0530 INFO --- logging initialized ---
2026-06-13T12:11:10+0530 INFO --- logging initialized ---
2026-06-15T10:43:07+0530 INFO --- logging initialized ---
2026-06-15T12:08:08+0530 INFO --- logging initialized ---
2026-06-15T13:09:09+0530 INFO --- logging initialized ---
2026-06-15T14:56:52+0530 INFO --- logging initialized ---
2026-06-15T18:42:58+0530 INFO --- logging initialized ---
2026-06-15T20:44:02+0530 INFO --- logging initialized ---
2026-06-16T11:08:42+0530 INFO --- logging initialized ---
2026-06-16T12:34:43+0530 INFO --- logging initialized ---
2026-06-16T21:00:39+0530 INFO --- logging initialized ---
2026-06-17T10:48:59+0530 INFO --- logging initialized ---
2026-06-17T12:17:51+0530 INFO --- logging initialized ---
2026-06-18T11:00:00+0530 INFO --- logging initialized ---
2026-06-18T12:35:00+0530 INFO --- logging initialized ---
2026-06-18T14:12:00+0530 INFO --- logging initialized ---
2026-06-18T20:57:33+0530 INFO --- logging initialized ---
2026-06-19T11:03:21+0530 INFO --- logging initialized ---
2026-06-19T14:10:00+0530 INFO --- logging initialized ---
2026-06-19T15:55:02+0530 INFO --- logging initialized ---
2026-06-19T21:02:39+0530 INFO --- logging initialized ---
2026-06-20T12:04:29+0530 INFO --- logging initialized ---
2026-06-20T13:59:29+0530 INFO --- logging initialized ---
2026-06-20T15:16:28+0530 INFO --- logging initialized ---
2026-06-21T17:33:40+0530 INFO --- logging initialized ---
2026-06-22T12:11:56+0530 INFO --- logging initialized ---
2026-06-22T13:19:56+0530 INFO --- logging initialized ---
2026-06-22T14:24:56+0530 INFO --- logging initialized ---
2026-06-22T15:29:57+0530 INFO --- logging initialized ---
2026-06-22T16:51:27+0530 INFO --- logging initialized ---
2026-06-23T10:17:14+0530 INFO --- logging initialized ---
2026-06-23T11:36:13+0530 INFO --- logging initialized ---
2026-06-23T13:18:13+0530 INFO --- logging initialized ---
2026-06-23T14:29:36+0530 INFO --- logging initialized ---
2026-06-23T16:23:36+0530 INFO --- logging initialized ---
2026-06-23T17:36:36+0530 INFO --- logging initialized ---
2026-06-23T20:29:23+0530 INFO --- logging initialized ---
2026-06-25T12:34:14+0530 INFO --- logging initialized ---
2026-06-25T14:19:13+0530 INFO --- logging initialized ---
2026-06-25T15:28:16+0530 INFO --- logging initialized ---
2026-06-25T16:30:13+0530 INFO --- logging initialized ---
2026-06-25T21:01:45+0530 INFO --- logging initialized ---
2026-06-26T12:48:09+0530 INFO --- logging initialized ---
2026-06-26T15:07:38+0530 INFO --- logging initialized ---
2026-06-26T16:33:37+0530 INFO --- logging initialized ---
2026-06-26T18:03:39+0530 INFO --- logging initialized ---
2026-06-29T12:06:54+0530 INFO --- logging initialized ---
2026-06-29T13:59:54+0530 INFO --- logging initialized ---
2026-06-29T20:24:41+0530 INFO --- logging initialized ---
2026-06-30T20:29:01+0530 INFO --- logging initialized ---
2026-07-01T11:58:28+0530 INFO --- logging initialized ---
2026-07-01T14:30:22+0530 INFO --- logging initialized ---
2026-07-01T16:03:23+0530 INFO --- logging initialized ---
2026-07-01T20:52:33+0530 INFO --- logging initialized ---
2026-07-02T10:57:40+0530 INFO --- logging initialized ---
2026-07-02T12:10:52+0530 INFO --- logging initialized ---
2026-07-02T13:17:52+0530 INFO --- logging initialized ---
2026-07-02T15:04:52+0530 INFO --- logging initialized ---
2026-07-03T14:18:36+0530 INFO --- logging initialized ---
2026-07-03T15:22:36+0530 INFO --- logging initialized ---
2026-07-05T21:35:17+0530 INFO --- logging initialized ---
2026-07-05T22:47:43+0530 INFO --- logging initialized ---
2026-07-06T10:25:59+0530 INFO --- logging initialized ---
2026-07-06T12:07:57+0530 INFO --- logging initialized ---
2026-07-06T13:29:57+0530 INFO --- logging initialized ---
2026-07-06T15:09:57+0530 INFO --- logging initialized ---
2026-07-06T17:01:57+0530 INFO --- logging initialized ---
2026-07-06T18:07:56+0530 INFO --- logging initialized ---
2026-07-06T19:25:56+0530 INFO --- logging initialized ---
2026-07-07T09:52:56+0530 INFO --- logging initialized ---
2026-07-07T10:57:55+0530 INFO --- logging initialized ---
2026-07-07T12:49:55+0530 INFO --- logging initialized ---
2026-07-07T14:18:55+0530 INFO --- logging initialized ---
2026-07-07T15:20:55+0530 INFO --- logging initialized ---
2026-07-07T16:29:55+0530 INFO --- logging initialized ---
2026-07-07T17:35:58+0530 INFO --- logging initialized ---
2026-07-08T09:21:41+0530 INFO --- logging initialized ---
2026-07-08T10:30:42+0530 INFO --- logging initialized ---
2026-07-08T12:29:40+0530 INFO --- logging initialized ---
2026-07-08T13:48:41+0530 INFO --- logging initialized ---
2026-07-08T14:52:41+0530 INFO --- logging initialized ---
2026-07-08T16:45:40+0530 INFO --- logging initialized ---
2026-07-08T17:56:41+0530 INFO --- logging initialized ---
2026-07-08T20:10:06+0530 INFO --- logging initialized ---
2026-07-09T14:27:33+0530 INFO --- logging initialized ---
2026-07-09T15:29:05+0530 INFO --- logging initialized ---
2026-07-09T19:37:51+0530 INFO --- logging initialized ---
2026-07-09T20:59:10+0530 INFO --- logging initialized ---
2026-07-10T13:45:36+0530 INFO --- logging initialized ---
2026-07-10T15:07:35+0530 INFO --- logging initialized ---
2026-07-10T16:25:36+0530 INFO --- logging initialized ---
2026-07-10T19:59:03+0530 INFO --- logging initialized ---
2026-07-10T21:04:26+0530 INFO --- logging initialized ---
2026-07-13T11:44:03+0530 INFO --- logging initialized ---
2026-07-13T13:08:02+0530 INFO --- logging initialized ---
2026-07-13T14:14:03+0530 INFO --- logging initialized ---
2026-07-13T15:37:22+0530 INFO --- logging initialized ---
2026-07-13T17:12:03+0530 INFO --- logging initialized ---
2026-07-13T18:58:02+0530 INFO --- logging initialized ---
2026-07-13T20:09:05+0530 INFO --- logging initialized ---
2026-07-13T21:17:03+0530 INFO --- logging initialized ---
2026-07-14T11:39:18+0530 INFO --- logging initialized ---
2026-07-14T13:18:16+0530 INFO --- logging initialized ---
2026-07-14T14:20:17+0530 INFO --- logging initialized ---
2026-07-14T21:33:15+0530 INFO --- logging initialized ---
2026-07-15T09:52:59+0530 INFO --- logging initialized ---
2026-07-15T11:01:59+0530 INFO --- logging initialized ---
2026-07-15T12:48:59+0530 INFO --- logging initialized ---
2026-07-15T14:24:39+0530 INFO --- logging initialized ---
2026-07-15T15:52:38+0530 INFO --- logging initialized ---
2026-07-15T19:34:54+0530 INFO --- logging initialized ---
2026-07-16T09:15:50+0530 INFO --- logging initialized ---
2026-07-16T11:07:55+0530 INFO --- logging initialized ---
2026-07-16T12:28:01+0530 INFO --- logging initialized ---
2026-07-16T13:46:00+0530 INFO --- logging initialized ---
2026-07-16T15:32:10+0530 INFO --- logging initialized ---
2026-07-17T10:48:09+0530 INFO --- logging initialized ---
2026-07-17T12:06:40+0530 INFO --- logging initialized ---
2026-07-17T13:45:40+0530 INFO --- logging initialized ---
2026-07-17T15:06:41+0530 INFO --- logging initialized ---
2026-07-17T16:31:41+0530 INFO --- logging initialized ---
2026-07-17T20:16:07+0530 INFO --- logging initialized ---
2026-07-18T09:10:50+0530 INFO --- logging initialized ---
2026-07-18T11:03:58+0530 INFO --- logging initialized ---
2026-07-18T12:54:59+0530 INFO --- logging initialized ---
2026-07-18T14:51:29+0530 INFO --- logging initialized ---
2026-07-23T14:27:53+0530 INFO --- logging initialized ---
2026-07-23T20:18:01+0530 INFO --- logging initialized ---
2026-07-24T14:19:28+0530 INFO --- logging initialized ---
2026-07-24T15:47:29+0530 INFO --- logging initialized ---
2026-07-27T11:01:01+0530 INFO --- logging initialized ---
2026-07-27T12:26:17+0530 INFO --- logging initialized ---
2026-07-27T15:25:22+0530 INFO --- logging initialized ---
2026-07-27T16:26:22+0530 INFO --- logging initialized ---
2026-07-27T18:18:22+0530 INFO --- logging initialized ---
2026-07-27T19:45:21+0530 INFO --- logging initialized ---
2026-07-28T12:53:21+0530 INFO --- logging initialized ---
2026-07-28T14:17:37+0530 INFO --- logging initialized ---
2026-07-28T15:49:37+0530 INFO --- logging initialized ---
2026-07-28T21:02:07+0530 INFO --- logging initialized ---
2026-07-29T13:04:16+0530 INFO --- logging initialized ---
2026-07-29T14:37:17+0530 INFO --- logging initialized ---
2026-07-29T20:26:20+0530 INFO --- logging initialized ---
2026-07-30T20:33:11+0530 INFO --- logging initialized ---
2026-08-01T18:23:11+0530 INFO --- logging initialized ---
2026-08-01T19:44:11+0530 INFO --- logging initialized ---
2026-08-03T13:24:45+0530 INFO --- logging initialized ---
2026-08-03T15:17:58+0530 INFO --- logging initialized ---
2026-08-03T17:00:56+0530 INFO --- logging initialized ---
2026-08-03T19:23:49+0530 INFO --- logging initialized ---
2026-08-03T20:51:50+0530 INFO --- logging initialized ---
2026-08-04T10:17:56+0530 INFO --- logging initialized ---
2026-08-04T11:18:59+0530 INFO --- logging initialized ---
2026-08-04T13:04:02+0530 INFO --- logging initialized ---
2026-08-04T14:34:02+0530 INFO --- logging initialized ---
2026-08-04T20:38:27+0530 INFO --- logging initialized ---
2026-08-05T13:26:40+0530 INFO --- logging initialized ---
2026-08-05T14:32:40+0530 INFO --- logging initialized ---
2026-08-05T20:10:34+0530 INFO --- logging initialized ---
2026-08-06T13:14:08+0530 INFO --- logging initialized ---
2026-08-06T14:32:09+0530 INFO --- logging initialized ---
2026-08-06T21:14:08+0530 INFO --- logging initialized ---
2026-08-07T11:48:20+0530 INFO --- logging initialized ---
2026-08-07T15:13:43+0530 INFO --- logging initialized ---
2026-08-07T20:13:59+0530 INFO --- logging initialized ---
2026-08-10T14:28:34+0530 INFO --- logging initialized ---
2026-08-10T19:02:59+0530 INFO --- logging initialized ---
2026-08-10T20:50:59+0530 INFO --- logging initialized ---
2026-08-11T12:43:02+0530 INFO --- logging initialized ---
2026-08-11T13:55:38+0530 INFO --- logging initialized ---
2026-08-11T15:50:09+0530 INFO --- logging initialized ---
2026-08-12T12:00:18+0530 INFO --- logging initialized ---
2026-08-12T13:34:18+0530 INFO --- logging initialized ---
2026-08-12T15:12:19+0530 INFO --- logging initialized ---
2026-08-12T17:00:18+0530 INFO --- logging initialized ---
2026-08-12T18:44:18+0530 INFO --- logging initialized ---
2026-08-12T20:27:23+0530 INFO --- logging initialized ---
2026-08-14T11:25:38+0530 INFO --- logging initialized ---
2026-08-14T12:50:54+0530 INFO --- logging initialized ---
2026-08-14T14:17:38+0530 INFO --- logging initialized ---
